[0m07:21:37.072214 [debug] [MainThread]: Sending event: {'category': 'dbt', 'action': 'invocation', 'label': 'start', 'context': [<snowplow_tracker.self_describing_json.SelfDescribingJson object at 0x10c3eb150>, <snowplow_tracker.self_describing_json.SelfDescribingJson object at 0x10c3ed910>, <snowplow_tracker.self_describing_json.SelfDescribingJson object at 0x10c46ed10>]}


============================== 07:21:37.074432 | 527e2ba9-b89a-457b-804a-6acca2f3b0e1 ==============================
[0m07:21:37.074432 [info ] [MainThread]: Running with dbt=1.11.7
[0m07:21:37.074679 [debug] [MainThread]: running dbt with arguments {'no_print': 'None', 'log_path': '/Users/aviraljain/Downloads/python advanced/my_etl_project/logs', 'introspect': 'True', 'warn_error_options': 'WarnErrorOptionsV2(error=[], warn=[], silence=[])', 'use_colors': 'True', 'empty': 'None', 'partial_parse': 'True', 'indirect_selection': 'eager', 'write_json': 'True', 'profiles_dir': '.', 'log_format': 'default', 'log_cache_events': 'False', 'version_check': 'True', 'static_parser': 'True', 'target_path': 'None', 'use_experimental_parser': 'False', 'debug': 'False', 'fail_fast': 'False', 'warn_error': 'None', 'invocation_command': 'dbt debug', 'send_anonymous_usage_stats': 'True', 'printer_width': '80', 'quiet': 'False', 'cache_selected_only': 'False'}
[0m07:21:37.080861 [info ] [MainThread]: dbt version: 1.11.7
[0m07:21:37.081062 [info ] [MainThread]: python version: 3.11.14
[0m07:21:37.081202 [info ] [MainThread]: python path: /Users/aviraljain/Downloads/python advanced/my_etl_project/venvdbt/bin/python3.11
[0m07:21:37.081318 [info ] [MainThread]: os info: macOS-26.3-arm64-arm-64bit
[0m07:21:37.900914 [info ] [MainThread]: Using profiles dir at .
[0m07:21:37.901156 [info ] [MainThread]: Using profiles.yml file at ./profiles.yml
[0m07:21:37.901286 [info ] [MainThread]: Using dbt_project.yml file at /Users/aviraljain/Downloads/python advanced/my_etl_project/dbt_project.yml
[0m07:21:37.901927 [info ] [MainThread]: adapter type: duckdb
[0m07:21:37.902054 [info ] [MainThread]: adapter version: 1.10.1
[0m07:21:37.939453 [info ] [MainThread]: Configuration:
[0m07:21:37.939699 [info ] [MainThread]:   profiles.yml file [[32mOK found and valid[0m]
[0m07:21:37.939824 [info ] [MainThread]:   dbt_project.yml file [[32mOK found and valid[0m]
[0m07:21:37.939922 [info ] [MainThread]: Required dependencies:
[0m07:21:37.940065 [debug] [MainThread]: Executing "git --help"
[0m07:21:37.952656 [debug] [MainThread]: STDOUT: "b"usage: git [-v | --version] [-h | --help] [-C <path>] [-c <name>=<value>]\n           [--exec-path[=<path>]] [--html-path] [--man-path] [--info-path]\n           [-p | --paginate | -P | --no-pager] [--no-replace-objects] [--no-lazy-fetch]\n           [--no-optional-locks] [--no-advice] [--bare] [--git-dir=<path>]\n           [--work-tree=<path>] [--namespace=<name>] [--config-env=<name>=<envvar>]\n           <command> [<args>]\n\nThese are common Git commands used in various situations:\n\nstart a working area (see also: git help tutorial)\n   clone      Clone a repository into a new directory\n   init       Create an empty Git repository or reinitialize an existing one\n\nwork on the current change (see also: git help everyday)\n   add        Add file contents to the index\n   mv         Move or rename a file, a directory, or a symlink\n   restore    Restore working tree files\n   rm         Remove files from the working tree and from the index\n\nexamine the history and state (see also: git help revisions)\n   bisect     Use binary search to find the commit that introduced a bug\n   diff       Show changes between commits, commit and working tree, etc\n   grep       Print lines matching a pattern\n   log        Show commit logs\n   show       Show various types of objects\n   status     Show the working tree status\n\ngrow, mark and tweak your common history\n   backfill   Download missing objects in a partial clone\n   branch     List, create, or delete branches\n   commit     Record changes to the repository\n   merge      Join two or more development histories together\n   rebase     Reapply commits on top of another base tip\n   reset      Reset current HEAD to the specified state\n   switch     Switch branches\n   tag        Create, list, delete or verify a tag object signed with GPG\n\ncollaborate (see also: git help workflows)\n   fetch      Download objects and refs from another repository\n   pull       Fetch from and integrate with another repository or a local branch\n   push       Update remote refs along with associated objects\n\n'git help -a' and 'git help -g' list available subcommands and some\nconcept guides. See 'git help <command>' or 'git help <concept>'\nto read about a specific subcommand or concept.\nSee 'git help git' for an overview of the system.\n""
[0m07:21:37.953119 [debug] [MainThread]: STDERR: "b''"
[0m07:21:37.953299 [info ] [MainThread]:  - git [[32mOK found[0m]

[0m07:21:37.953441 [info ] [MainThread]: Connection:
[0m07:21:37.953580 [info ] [MainThread]:   database: dev
[0m07:21:37.953681 [info ] [MainThread]:   schema: main
[0m07:21:37.953776 [info ] [MainThread]:   path: dev.duckdb
[0m07:21:37.953868 [info ] [MainThread]:   config_options: None
[0m07:21:37.953958 [info ] [MainThread]:   extensions: None
[0m07:21:37.954050 [info ] [MainThread]:   settings: {}
[0m07:21:37.954147 [info ] [MainThread]:   external_root: .
[0m07:21:37.954258 [info ] [MainThread]:   use_credential_provider: None
[0m07:21:37.954441 [info ] [MainThread]:   attach: None
[0m07:21:37.954603 [info ] [MainThread]:   filesystems: None
[0m07:21:37.954707 [info ] [MainThread]:   remote: None
[0m07:21:37.954801 [info ] [MainThread]:   plugins: None
[0m07:21:37.954893 [info ] [MainThread]:   disable_transactions: False
[0m07:21:37.955152 [info ] [MainThread]: Registered adapter: duckdb=1.10.1
[0m07:21:38.095010 [debug] [MainThread]: Acquiring new duckdb connection 'debug'
[0m07:21:38.111520 [debug] [MainThread]: Using duckdb connection "debug"
[0m07:21:38.111678 [debug] [MainThread]: On debug: select 1 as id
[0m07:21:38.111780 [debug] [MainThread]: Opening a new connection, currently in state init
[0m07:21:38.116928 [debug] [MainThread]: SQL status: OK in 0.005 seconds
[0m07:21:38.117272 [debug] [MainThread]: On debug: Close
[0m07:21:38.117406 [info ] [MainThread]:   Connection test: [[32mOK connection ok[0m]

[0m07:21:38.117529 [info ] [MainThread]: [32mAll checks passed![0m
[0m07:21:38.122241 [debug] [MainThread]: Resource report: {"command_name": "debug", "command_success": true, "command_wall_clock_time": 1.0780061, "process_in_blocks": "0", "process_kernel_time": 0.20739, "process_mem_max_rss": "148258816", "process_out_blocks": "0", "process_user_time": 0.837994}
[0m07:21:38.122430 [debug] [MainThread]: Command `dbt debug` succeeded at 07:21:38.122390 after 1.08 seconds
[0m07:21:38.122548 [debug] [MainThread]: Connection 'debug' was properly closed.
[0m07:21:38.122679 [debug] [MainThread]: Sending event: {'category': 'dbt', 'action': 'invocation', 'label': 'end', 'context': [<snowplow_tracker.self_describing_json.SelfDescribingJson object at 0x10311b090>, <snowplow_tracker.self_describing_json.SelfDescribingJson object at 0x1081c3710>, <snowplow_tracker.self_describing_json.SelfDescribingJson object at 0x103102310>]}
[0m07:21:38.122822 [debug] [MainThread]: Flushing usage events
[0m07:21:39.459741 [debug] [MainThread]: An error was encountered while trying to flush usage events
[0m07:21:47.137702 [debug] [MainThread]: Sending event: {'category': 'dbt', 'action': 'invocation', 'label': 'start', 'context': [<snowplow_tracker.self_describing_json.SelfDescribingJson object at 0x10d7aa390>, <snowplow_tracker.self_describing_json.SelfDescribingJson object at 0x10d835d50>, <snowplow_tracker.self_describing_json.SelfDescribingJson object at 0x10d836310>]}


============================== 07:21:47.139246 | a252f637-2212-4d08-ab1b-da6fe3d74308 ==============================
[0m07:21:47.139246 [info ] [MainThread]: Running with dbt=1.11.7
[0m07:21:47.139486 [debug] [MainThread]: running dbt with arguments {'version_check': 'True', 'warn_error': 'None', 'printer_width': '80', 'send_anonymous_usage_stats': 'True', 'debug': 'False', 'static_parser': 'True', 'partial_parse': 'True', 'no_print': 'None', 'indirect_selection': 'eager', 'cache_selected_only': 'False', 'write_json': 'True', 'fail_fast': 'False', 'log_path': '/Users/aviraljain/Downloads/python advanced/my_etl_project/logs', 'log_cache_events': 'False', 'warn_error_options': 'WarnErrorOptionsV2(error=[], warn=[], silence=[])', 'target_path': 'None', 'profiles_dir': '.', 'use_colors': 'True', 'use_experimental_parser': 'False', 'quiet': 'False', 'introspect': 'True', 'invocation_command': 'dbt seed', 'log_format': 'default', 'empty': 'None'}
[0m07:21:47.216931 [debug] [MainThread]: Sending event: {'category': 'dbt', 'action': 'project_id', 'label': 'a252f637-2212-4d08-ab1b-da6fe3d74308', 'context': [<snowplow_tracker.self_describing_json.SelfDescribingJson object at 0x10da2e3d0>]}
[0m07:21:47.237242 [debug] [MainThread]: Sending event: {'category': 'dbt', 'action': 'adapter_info', 'label': 'a252f637-2212-4d08-ab1b-da6fe3d74308', 'context': [<snowplow_tracker.self_describing_json.SelfDescribingJson object at 0x10aa80090>]}
[0m07:21:47.238072 [info ] [MainThread]: Registered adapter: duckdb=1.10.1
[0m07:21:47.281283 [debug] [MainThread]: checksum: b80718358155fc17c3559352095564dd56ada1cc1a1c0ef2e62c857e71583775, vars: {}, profile: , target: , version: 1.11.7
[0m07:21:47.281626 [info ] [MainThread]: Unable to do partial parsing because saved manifest not found. Starting full parse.
[0m07:21:47.281781 [debug] [MainThread]: Sending event: {'category': 'dbt', 'action': 'partial_parser', 'label': 'a252f637-2212-4d08-ab1b-da6fe3d74308', 'context': [<snowplow_tracker.self_describing_json.SelfDescribingJson object at 0x10dadd050>]}
[0m07:21:47.639591 [error] [MainThread]: Encountered an error:
Compilation Error in model fct_sales_incremental (models/marts/fct_sales_incremental.sql)
  invalid syntax for function call expression
    line 5
      {{ config(
[0m07:21:47.640920 [debug] [MainThread]: Resource report: {"command_name": "seed", "command_success": false, "command_wall_clock_time": 0.52802867, "process_in_blocks": "0", "process_kernel_time": 0.107732, "process_mem_max_rss": "143654912", "process_out_blocks": "0", "process_user_time": 0.928613}
[0m07:21:47.641098 [debug] [MainThread]: Command `dbt seed` failed at 07:21:47.641064 after 0.53 seconds
[0m07:21:47.641241 [debug] [MainThread]: Sending event: {'category': 'dbt', 'action': 'invocation', 'label': 'end', 'context': [<snowplow_tracker.self_describing_json.SelfDescribingJson object at 0x10d85b710>, <snowplow_tracker.self_describing_json.SelfDescribingJson object at 0x10d9cd510>, <snowplow_tracker.self_describing_json.SelfDescribingJson object at 0x10de9be90>]}
[0m07:21:47.641380 [debug] [MainThread]: Flushing usage events
[0m07:21:48.798174 [debug] [MainThread]: An error was encountered while trying to flush usage events
[0m07:22:07.908215 [debug] [MainThread]: Sending event: {'category': 'dbt', 'action': 'invocation', 'label': 'start', 'context': [<snowplow_tracker.self_describing_json.SelfDescribingJson object at 0x109e07850>, <snowplow_tracker.self_describing_json.SelfDescribingJson object at 0x109e92110>, <snowplow_tracker.self_describing_json.SelfDescribingJson object at 0x109e926d0>]}


============================== 07:22:07.910355 | 38c0010c-6132-432d-91e6-2bc507cc85b3 ==============================
[0m07:22:07.910355 [info ] [MainThread]: Running with dbt=1.11.7
[0m07:22:07.910605 [debug] [MainThread]: running dbt with arguments {'target_path': 'None', 'log_cache_events': 'False', 'cache_selected_only': 'False', 'warn_error_options': 'WarnErrorOptionsV2(error=[], warn=[], silence=[])', 'log_format': 'default', 'invocation_command': 'dbt seed', 'use_experimental_parser': 'False', 'debug': 'False', 'warn_error': 'None', 'use_colors': 'True', 'send_anonymous_usage_stats': 'True', 'version_check': 'True', 'empty': 'None', 'static_parser': 'True', 'indirect_selection': 'eager', 'profiles_dir': '.', 'partial_parse': 'True', 'fail_fast': 'False', 'log_path': '/Users/aviraljain/Downloads/python advanced/my_etl_project/logs', 'write_json': 'True', 'introspect': 'True', 'no_print': 'None', 'quiet': 'False', 'printer_width': '80'}
[0m07:22:08.047369 [debug] [MainThread]: Sending event: {'category': 'dbt', 'action': 'project_id', 'label': '38c0010c-6132-432d-91e6-2bc507cc85b3', 'context': [<snowplow_tracker.self_describing_json.SelfDescribingJson object at 0x109eec050>]}
[0m07:22:08.071637 [debug] [MainThread]: Sending event: {'category': 'dbt', 'action': 'adapter_info', 'label': '38c0010c-6132-432d-91e6-2bc507cc85b3', 'context': [<snowplow_tracker.self_describing_json.SelfDescribingJson object at 0x1070ced10>]}
[0m07:22:08.074369 [info ] [MainThread]: Registered adapter: duckdb=1.10.1
[0m07:22:08.125864 [debug] [MainThread]: checksum: b80718358155fc17c3559352095564dd56ada1cc1a1c0ef2e62c857e71583775, vars: {}, profile: , target: , version: 1.11.7
[0m07:22:08.126193 [info ] [MainThread]: Unable to do partial parsing because saved manifest not found. Starting full parse.
[0m07:22:08.126368 [debug] [MainThread]: Sending event: {'category': 'dbt', 'action': 'partial_parser', 'label': '38c0010c-6132-432d-91e6-2bc507cc85b3', 'context': [<snowplow_tracker.self_describing_json.SelfDescribingJson object at 0x109ec76d0>]}
[0m07:22:08.483766 [error] [MainThread]: Encountered an error:
Compilation Error in model fct_sales_incremental (models/marts/fct_sales_incremental.sql)
  invalid syntax for function call expression
    line 1
      {{ config(
[0m07:22:08.486002 [debug] [MainThread]: Resource report: {"command_name": "seed", "command_success": false, "command_wall_clock_time": 0.60594845, "process_in_blocks": "0", "process_kernel_time": 0.155094, "process_mem_max_rss": "143802368", "process_out_blocks": "0", "process_user_time": 0.946411}
[0m07:22:08.486223 [debug] [MainThread]: Command `dbt seed` failed at 07:22:08.486182 after 0.61 seconds
[0m07:22:08.486377 [debug] [MainThread]: Sending event: {'category': 'dbt', 'action': 'invocation', 'label': 'end', 'context': [<snowplow_tracker.self_describing_json.SelfDescribingJson object at 0x109dfe710>, <snowplow_tracker.self_describing_json.SelfDescribingJson object at 0x109dfe750>, <snowplow_tracker.self_describing_json.SelfDescribingJson object at 0x105b9f790>]}
[0m07:22:08.486508 [debug] [MainThread]: Flushing usage events
[0m07:22:09.580512 [debug] [MainThread]: An error was encountered while trying to flush usage events
[0m07:22:41.565060 [debug] [MainThread]: Sending event: {'category': 'dbt', 'action': 'invocation', 'label': 'start', 'context': [<snowplow_tracker.self_describing_json.SelfDescribingJson object at 0x10b65d9d0>, <snowplow_tracker.self_describing_json.SelfDescribingJson object at 0x10b6e1c90>, <snowplow_tracker.self_describing_json.SelfDescribingJson object at 0x10b6e2210>]}


============================== 07:22:41.567133 | 577447f3-c955-47c1-8345-53c1f4af4024 ==============================
[0m07:22:41.567133 [info ] [MainThread]: Running with dbt=1.11.7
[0m07:22:41.567368 [debug] [MainThread]: running dbt with arguments {'debug': 'False', 'partial_parse': 'True', 'cache_selected_only': 'False', 'no_print': 'None', 'profiles_dir': '.', 'indirect_selection': 'eager', 'log_format': 'default', 'write_json': 'True', 'target_path': 'None', 'version_check': 'True', 'use_colors': 'True', 'use_experimental_parser': 'False', 'warn_error_options': 'WarnErrorOptionsV2(error=[], warn=[], silence=[])', 'warn_error': 'None', 'empty': 'None', 'invocation_command': 'dbt seed', 'static_parser': 'True', 'log_cache_events': 'False', 'log_path': '/Users/aviraljain/Downloads/python advanced/my_etl_project/logs', 'fail_fast': 'False', 'send_anonymous_usage_stats': 'True', 'quiet': 'False', 'introspect': 'True', 'printer_width': '80'}
[0m07:22:41.699160 [debug] [MainThread]: Sending event: {'category': 'dbt', 'action': 'project_id', 'label': '577447f3-c955-47c1-8345-53c1f4af4024', 'context': [<snowplow_tracker.self_describing_json.SelfDescribingJson object at 0x10b8cf890>]}
[0m07:22:41.718788 [debug] [MainThread]: Sending event: {'category': 'dbt', 'action': 'adapter_info', 'label': '577447f3-c955-47c1-8345-53c1f4af4024', 'context': [<snowplow_tracker.self_describing_json.SelfDescribingJson object at 0x10a82ded0>]}
[0m07:22:41.721241 [info ] [MainThread]: Registered adapter: duckdb=1.10.1
[0m07:22:41.769621 [debug] [MainThread]: checksum: b80718358155fc17c3559352095564dd56ada1cc1a1c0ef2e62c857e71583775, vars: {}, profile: , target: , version: 1.11.7
[0m07:22:41.769970 [info ] [MainThread]: Unable to do partial parsing because saved manifest not found. Starting full parse.
[0m07:22:41.770136 [debug] [MainThread]: Sending event: {'category': 'dbt', 'action': 'partial_parser', 'label': '577447f3-c955-47c1-8345-53c1f4af4024', 'context': [<snowplow_tracker.self_describing_json.SelfDescribingJson object at 0x10b73ccd0>]}
[0m07:22:42.223442 [warn ] [MainThread]: [[33mWARNING[0m][MissingArgumentsPropertyInGenericTestDeprecation]: Deprecated
functionality
Found top-level arguments to test `relationships` defined on 'stg_orders' in
package 'my_etl_project' (models/staging/schema.yml). Arguments to generic tests
should be nested under the `arguments` property.
[0m07:22:42.223721 [debug] [MainThread]: Sending event: {'category': 'dbt', 'action': 'deprecation', 'label': '577447f3-c955-47c1-8345-53c1f4af4024', 'property_': 'warn', 'context': [<snowplow_tracker.self_describing_json.SelfDescribingJson object at 0x10bd4ec50>]}
[0m07:22:42.350103 [debug] [MainThread]: Sending event: {'category': 'dbt', 'action': 'load_project', 'label': '577447f3-c955-47c1-8345-53c1f4af4024', 'context': [<snowplow_tracker.self_describing_json.SelfDescribingJson object at 0x10c0d1610>]}
[0m07:22:42.387232 [debug] [MainThread]: Wrote artifact WritableManifest to /Users/aviraljain/Downloads/python advanced/my_etl_project/target/manifest.json
[0m07:22:42.388441 [debug] [MainThread]: Wrote artifact SemanticManifest to /Users/aviraljain/Downloads/python advanced/my_etl_project/target/semantic_manifest.json
[0m07:22:42.401345 [debug] [MainThread]: Sending event: {'category': 'dbt', 'action': 'resource_counts', 'label': '577447f3-c955-47c1-8345-53c1f4af4024', 'context': [<snowplow_tracker.self_describing_json.SelfDescribingJson object at 0x10c25e0d0>]}
[0m07:22:42.401569 [info ] [MainThread]: Found 7 models, 4 seeds, 37 data tests, 3 sources, 476 macros
[0m07:22:42.401701 [debug] [MainThread]: Sending event: {'category': 'dbt', 'action': 'runnable_timing', 'label': '577447f3-c955-47c1-8345-53c1f4af4024', 'context': [<snowplow_tracker.self_describing_json.SelfDescribingJson object at 0x10c122210>]}
[0m07:22:42.402616 [info ] [MainThread]: 
[0m07:22:42.402752 [info ] [MainThread]: Concurrency: 4 threads (target='dev')
[0m07:22:42.402855 [info ] [MainThread]: 
[0m07:22:42.403031 [debug] [MainThread]: Acquiring new duckdb connection 'master'
[0m07:22:42.404716 [debug] [ThreadPool]: Acquiring new duckdb connection 'list_dev'
[0m07:22:42.427732 [debug] [ThreadPool]: Using duckdb connection "list_dev"
[0m07:22:42.427911 [debug] [ThreadPool]: On list_dev: /* {"app": "dbt", "dbt_version": "1.11.7", "profile_name": "my_etl_project", "target_name": "dev", "connection_name": "list_dev"} */

    
    select schema_name
    from system.information_schema.schemata
    
    where lower(catalog_name) = '"dev"'
    
  
  
[0m07:22:42.428026 [debug] [ThreadPool]: Opening a new connection, currently in state init
[0m07:22:42.438042 [debug] [ThreadPool]: SQL status: OK in 0.010 seconds
[0m07:22:42.438534 [debug] [ThreadPool]: On list_dev: Close
[0m07:22:42.438789 [debug] [ThreadPool]: Re-using an available connection from the pool (formerly list_dev, now create_dev_main_raw_ingestion)
[0m07:22:42.438951 [debug] [ThreadPool]: Creating schema "database: "dev"
schema: "main_raw_ingestion"
"
[0m07:22:42.441213 [debug] [ThreadPool]: Using duckdb connection "create_dev_main_raw_ingestion"
[0m07:22:42.441318 [debug] [ThreadPool]: On create_dev_main_raw_ingestion: /* {"app": "dbt", "dbt_version": "1.11.7", "profile_name": "my_etl_project", "target_name": "dev", "connection_name": "create_dev_main_raw_ingestion"} */

    
        select type from duckdb_databases()
        where lower(database_name)='dev'
        and type='sqlite'
    
  
[0m07:22:42.441414 [debug] [ThreadPool]: Opening a new connection, currently in state closed
[0m07:22:42.441811 [debug] [ThreadPool]: SQL status: OK in 0.000 seconds
[0m07:22:42.442340 [debug] [ThreadPool]: Using duckdb connection "create_dev_main_raw_ingestion"
[0m07:22:42.442432 [debug] [ThreadPool]: On create_dev_main_raw_ingestion: BEGIN
[0m07:22:42.442557 [debug] [ThreadPool]: SQL status: OK in 0.000 seconds
[0m07:22:42.442650 [debug] [ThreadPool]: Using duckdb connection "create_dev_main_raw_ingestion"
[0m07:22:42.442745 [debug] [ThreadPool]: On create_dev_main_raw_ingestion: /* {"app": "dbt", "dbt_version": "1.11.7", "profile_name": "my_etl_project", "target_name": "dev", "connection_name": "create_dev_main_raw_ingestion"} */

    
    
        create schema if not exists "dev"."main_raw_ingestion"
    
[0m07:22:42.442913 [debug] [ThreadPool]: SQL status: OK in 0.000 seconds
[0m07:22:42.443160 [debug] [ThreadPool]: On create_dev_main_raw_ingestion: COMMIT
[0m07:22:42.443265 [debug] [ThreadPool]: Using duckdb connection "create_dev_main_raw_ingestion"
[0m07:22:42.443353 [debug] [ThreadPool]: On create_dev_main_raw_ingestion: COMMIT
[0m07:22:42.443615 [debug] [ThreadPool]: SQL status: OK in 0.000 seconds
[0m07:22:42.443716 [debug] [ThreadPool]: On create_dev_main_raw_ingestion: Close
[0m07:22:42.444268 [debug] [ThreadPool]: Re-using an available connection from the pool (formerly create_dev_main_raw_ingestion, now list_dev_main)
[0m07:22:42.446124 [debug] [ThreadPool]: Using duckdb connection "list_dev_main"
[0m07:22:42.446275 [debug] [ThreadPool]: Acquiring new duckdb connection 'list_dev_main_raw_ingestion'
[0m07:22:42.446372 [debug] [ThreadPool]: On list_dev_main: BEGIN
[0m07:22:42.446510 [debug] [ThreadPool]: Acquiring new duckdb connection 'list_dev_main_analytics'
[0m07:22:42.447144 [debug] [ThreadPool]: Using duckdb connection "list_dev_main_raw_ingestion"
[0m07:22:42.447247 [debug] [ThreadPool]: Opening a new connection, currently in state closed
[0m07:22:42.447836 [debug] [ThreadPool]: Using duckdb connection "list_dev_main_analytics"
[0m07:22:42.447935 [debug] [ThreadPool]: On list_dev_main_raw_ingestion: BEGIN
[0m07:22:42.448081 [debug] [ThreadPool]: On list_dev_main_analytics: BEGIN
[0m07:22:42.448182 [debug] [ThreadPool]: SQL status: OK in 0.001 seconds
[0m07:22:42.448320 [debug] [ThreadPool]: Opening a new connection, currently in state init
[0m07:22:42.448433 [debug] [ThreadPool]: Opening a new connection, currently in state init
[0m07:22:42.448566 [debug] [ThreadPool]: Using duckdb connection "list_dev_main"
[0m07:22:42.448783 [debug] [ThreadPool]: SQL status: OK in 0.000 seconds
[0m07:22:42.448884 [debug] [ThreadPool]: On list_dev_main: /* {"app": "dbt", "dbt_version": "1.11.7", "profile_name": "my_etl_project", "target_name": "dev", "connection_name": "list_dev_main"} */
select
      'dev' as database,
      table_name as name,
      table_schema as schema,
      CASE table_type
        WHEN 'BASE TABLE' THEN 'table'
        WHEN 'VIEW' THEN 'view'
        WHEN 'LOCAL TEMPORARY' THEN 'table'
        END as type
    from system.information_schema.tables
    where lower(table_schema) = 'main'
    and lower(table_catalog) = 'dev'
  
[0m07:22:42.449008 [debug] [ThreadPool]: SQL status: OK in 0.001 seconds
[0m07:22:42.449106 [debug] [ThreadPool]: Using duckdb connection "list_dev_main_raw_ingestion"
[0m07:22:42.449293 [debug] [ThreadPool]: Using duckdb connection "list_dev_main_analytics"
[0m07:22:42.449423 [debug] [ThreadPool]: On list_dev_main_raw_ingestion: /* {"app": "dbt", "dbt_version": "1.11.7", "profile_name": "my_etl_project", "target_name": "dev", "connection_name": "list_dev_main_raw_ingestion"} */
select
      'dev' as database,
      table_name as name,
      table_schema as schema,
      CASE table_type
        WHEN 'BASE TABLE' THEN 'table'
        WHEN 'VIEW' THEN 'view'
        WHEN 'LOCAL TEMPORARY' THEN 'table'
        END as type
    from system.information_schema.tables
    where lower(table_schema) = 'main_raw_ingestion'
    and lower(table_catalog) = 'dev'
  
[0m07:22:42.449554 [debug] [ThreadPool]: On list_dev_main_analytics: /* {"app": "dbt", "dbt_version": "1.11.7", "profile_name": "my_etl_project", "target_name": "dev", "connection_name": "list_dev_main_analytics"} */
select
      'dev' as database,
      table_name as name,
      table_schema as schema,
      CASE table_type
        WHEN 'BASE TABLE' THEN 'table'
        WHEN 'VIEW' THEN 'view'
        WHEN 'LOCAL TEMPORARY' THEN 'table'
        END as type
    from system.information_schema.tables
    where lower(table_schema) = 'main_analytics'
    and lower(table_catalog) = 'dev'
  
[0m07:22:42.451395 [debug] [ThreadPool]: SQL status: OK in 0.002 seconds
[0m07:22:42.451511 [debug] [ThreadPool]: SQL status: OK in 0.002 seconds
[0m07:22:42.451619 [debug] [ThreadPool]: SQL status: OK in 0.002 seconds
[0m07:22:42.452240 [debug] [ThreadPool]: On list_dev_main_raw_ingestion: ROLLBACK
[0m07:22:42.452636 [debug] [ThreadPool]: On list_dev_main_analytics: ROLLBACK
[0m07:22:42.453025 [debug] [ThreadPool]: On list_dev_main: ROLLBACK
[0m07:22:42.453609 [debug] [ThreadPool]: Failed to rollback 'list_dev_main'
[0m07:22:42.453773 [debug] [ThreadPool]: Failed to rollback 'list_dev_main_raw_ingestion'
[0m07:22:42.453918 [debug] [ThreadPool]: Failed to rollback 'list_dev_main_analytics'
[0m07:22:42.454015 [debug] [ThreadPool]: On list_dev_main: Close
[0m07:22:42.454116 [debug] [ThreadPool]: On list_dev_main_raw_ingestion: Close
[0m07:22:42.454215 [debug] [ThreadPool]: On list_dev_main_analytics: Close
[0m07:22:42.454587 [debug] [MainThread]: Sending event: {'category': 'dbt', 'action': 'runnable_timing', 'label': '577447f3-c955-47c1-8345-53c1f4af4024', 'context': [<snowplow_tracker.self_describing_json.SelfDescribingJson object at 0x109f6fc10>]}
[0m07:22:42.454762 [debug] [MainThread]: Using duckdb connection "master"
[0m07:22:42.454859 [debug] [MainThread]: On master: BEGIN
[0m07:22:42.454952 [debug] [MainThread]: Opening a new connection, currently in state init
[0m07:22:42.455101 [debug] [MainThread]: SQL status: OK in 0.000 seconds
[0m07:22:42.455195 [debug] [MainThread]: On master: COMMIT
[0m07:22:42.455290 [debug] [MainThread]: Using duckdb connection "master"
[0m07:22:42.455383 [debug] [MainThread]: On master: COMMIT
[0m07:22:42.455503 [debug] [MainThread]: SQL status: OK in 0.000 seconds
[0m07:22:42.455602 [debug] [MainThread]: On master: Close
[0m07:22:42.458097 [debug] [Thread-1 (]: Began running node seed.my_etl_project.country_codes
[0m07:22:42.458241 [debug] [Thread-2 (]: Began running node seed.my_etl_project.raw_customers
[0m07:22:42.458390 [debug] [Thread-3 (]: Began running node seed.my_etl_project.raw_orders
[0m07:22:42.458518 [debug] [Thread-4 (]: Began running node seed.my_etl_project.raw_products
[0m07:22:42.458697 [info ] [Thread-1 (]: 1 of 4 START seed file main_raw_ingestion.country_codes ........................ [RUN]
[0m07:22:42.458887 [info ] [Thread-2 (]: 2 of 4 START seed file main_raw_ingestion.raw_customers ........................ [RUN]
[0m07:22:42.459058 [info ] [Thread-3 (]: 3 of 4 START seed file main_raw_ingestion.raw_orders ........................... [RUN]
[0m07:22:42.459232 [info ] [Thread-4 (]: 4 of 4 START seed file main_raw_ingestion.raw_products ......................... [RUN]
[0m07:22:42.459387 [debug] [Thread-1 (]: Re-using an available connection from the pool (formerly list_dev_main, now seed.my_etl_project.country_codes)
[0m07:22:42.459525 [debug] [Thread-2 (]: Re-using an available connection from the pool (formerly list_dev_main_raw_ingestion, now seed.my_etl_project.raw_customers)
[0m07:22:42.459666 [debug] [Thread-3 (]: Re-using an available connection from the pool (formerly list_dev_main_analytics, now seed.my_etl_project.raw_orders)
[0m07:22:42.459829 [debug] [Thread-4 (]: Acquiring new duckdb connection 'seed.my_etl_project.raw_products'
[0m07:22:42.459951 [debug] [Thread-1 (]: Began compiling node seed.my_etl_project.country_codes
[0m07:22:42.460076 [debug] [Thread-2 (]: Began compiling node seed.my_etl_project.raw_customers
[0m07:22:42.460194 [debug] [Thread-3 (]: Began compiling node seed.my_etl_project.raw_orders
[0m07:22:42.460314 [debug] [Thread-4 (]: Began compiling node seed.my_etl_project.raw_products
[0m07:22:42.460443 [debug] [Thread-1 (]: Began executing node seed.my_etl_project.country_codes
[0m07:22:42.460561 [debug] [Thread-2 (]: Began executing node seed.my_etl_project.raw_customers
[0m07:22:42.460677 [debug] [Thread-3 (]: Began executing node seed.my_etl_project.raw_orders
[0m07:22:42.460790 [debug] [Thread-4 (]: Began executing node seed.my_etl_project.raw_products
[0m07:22:42.472760 [debug] [Thread-1 (]: Using duckdb connection "seed.my_etl_project.country_codes"
[0m07:22:42.473703 [debug] [Thread-2 (]: Using duckdb connection "seed.my_etl_project.raw_customers"
[0m07:22:42.474763 [debug] [Thread-3 (]: Using duckdb connection "seed.my_etl_project.raw_orders"
[0m07:22:42.474894 [debug] [Thread-1 (]: On seed.my_etl_project.country_codes: BEGIN
[0m07:22:42.475249 [debug] [Thread-4 (]: Using duckdb connection "seed.my_etl_project.raw_products"
[0m07:22:42.475373 [debug] [Thread-2 (]: On seed.my_etl_project.raw_customers: BEGIN
[0m07:22:42.475479 [debug] [Thread-3 (]: On seed.my_etl_project.raw_orders: BEGIN
[0m07:22:42.475584 [debug] [Thread-1 (]: Opening a new connection, currently in state closed
[0m07:22:42.475688 [debug] [Thread-4 (]: On seed.my_etl_project.raw_products: BEGIN
[0m07:22:42.475795 [debug] [Thread-2 (]: Opening a new connection, currently in state closed
[0m07:22:42.475896 [debug] [Thread-3 (]: Opening a new connection, currently in state closed
[0m07:22:42.476123 [debug] [Thread-4 (]: Opening a new connection, currently in state init
[0m07:22:42.476343 [debug] [Thread-1 (]: SQL status: OK in 0.001 seconds
[0m07:22:42.476483 [debug] [Thread-2 (]: SQL status: OK in 0.001 seconds
[0m07:22:42.476707 [debug] [Thread-3 (]: SQL status: OK in 0.001 seconds
[0m07:22:42.476823 [debug] [Thread-1 (]: Using duckdb connection "seed.my_etl_project.country_codes"
[0m07:22:42.476936 [debug] [Thread-4 (]: SQL status: OK in 0.001 seconds
[0m07:22:42.477059 [debug] [Thread-2 (]: Using duckdb connection "seed.my_etl_project.raw_customers"
[0m07:22:42.477171 [debug] [Thread-3 (]: Using duckdb connection "seed.my_etl_project.raw_orders"
[0m07:22:42.477290 [debug] [Thread-1 (]: On seed.my_etl_project.country_codes: /* {"app": "dbt", "dbt_version": "1.11.7", "profile_name": "my_etl_project", "target_name": "dev", "node_id": "seed.my_etl_project.country_codes"} */

    create table "dev"."main_raw_ingestion"."country_codes" ("country_code" text,"country_name" text,"region" text)
  
[0m07:22:42.477405 [debug] [Thread-4 (]: Using duckdb connection "seed.my_etl_project.raw_products"
[0m07:22:42.477520 [debug] [Thread-2 (]: On seed.my_etl_project.raw_customers: /* {"app": "dbt", "dbt_version": "1.11.7", "profile_name": "my_etl_project", "target_name": "dev", "node_id": "seed.my_etl_project.raw_customers"} */

    create table "dev"."main_raw_ingestion"."raw_customers" ("customer_id" text,"customer_name" text,"region" text,"segment" text,"email" text,"country_code" text)
  
[0m07:22:42.477636 [debug] [Thread-3 (]: On seed.my_etl_project.raw_orders: /* {"app": "dbt", "dbt_version": "1.11.7", "profile_name": "my_etl_project", "target_name": "dev", "node_id": "seed.my_etl_project.raw_orders"} */

    create table "dev"."main_raw_ingestion"."raw_orders" ("order_id" integer,"customer_id" text,"amount" float8,"status" text,"order_date" date,"country_code" text,"updated_at" timestamp without time zone)
  
[0m07:22:42.477816 [debug] [Thread-4 (]: On seed.my_etl_project.raw_products: /* {"app": "dbt", "dbt_version": "1.11.7", "profile_name": "my_etl_project", "target_name": "dev", "node_id": "seed.my_etl_project.raw_products"} */

    create table "dev"."main_raw_ingestion"."raw_products" ("product_id" text,"product_name" text,"category" text,"price" float8,"currency" text)
  
[0m07:22:42.478116 [debug] [Thread-2 (]: SQL status: OK in 0.000 seconds
[0m07:22:42.478230 [debug] [Thread-1 (]: SQL status: OK in 0.000 seconds
[0m07:22:42.478367 [debug] [Thread-4 (]: SQL status: OK in 0.000 seconds
[0m07:22:42.482213 [debug] [Thread-2 (]: Using duckdb connection "seed.my_etl_project.raw_customers"
[0m07:22:42.482342 [debug] [Thread-3 (]: SQL status: OK in 0.004 seconds
[0m07:22:42.482724 [debug] [Thread-1 (]: Using duckdb connection "seed.my_etl_project.country_codes"
[0m07:22:42.483059 [debug] [Thread-4 (]: Using duckdb connection "seed.my_etl_project.raw_products"
[0m07:22:42.483188 [debug] [Thread-2 (]: On seed.my_etl_project.raw_customers: 
          COPY "dev"."main_raw_ingestion"."raw_customers" FROM '/Users/aviraljain/Downloads/python advanced/my_etl_project/seeds/raw_customers.csv' (FORMAT CSV, HEADER TRUE, DELIMITER ',')
        ...
[0m07:22:42.483562 [debug] [Thread-3 (]: Using duckdb connection "seed.my_etl_project.raw_orders"
[0m07:22:42.483689 [debug] [Thread-1 (]: On seed.my_etl_project.country_codes: 
          COPY "dev"."main_raw_ingestion"."country_codes" FROM '/Users/aviraljain/Downloads/python advanced/my_etl_project/seeds/country_codes.csv' (FORMAT CSV, HEADER TRUE, DELIMITER ',')
        ...
[0m07:22:42.483812 [debug] [Thread-4 (]: On seed.my_etl_project.raw_products: 
          COPY "dev"."main_raw_ingestion"."raw_products" FROM '/Users/aviraljain/Downloads/python advanced/my_etl_project/seeds/raw_products.csv' (FORMAT CSV, HEADER TRUE, DELIMITER ',')
        ...
[0m07:22:42.483989 [debug] [Thread-3 (]: On seed.my_etl_project.raw_orders: 
          COPY "dev"."main_raw_ingestion"."raw_orders" FROM '/Users/aviraljain/Downloads/python advanced/my_etl_project/seeds/raw_orders.csv' (FORMAT CSV, HEADER TRUE, DELIMITER ',')
        ...
[0m07:22:42.489607 [debug] [Thread-3 (]: SQL status: OK in 0.005 seconds
[0m07:22:42.489730 [debug] [Thread-1 (]: SQL status: OK in 0.006 seconds
[0m07:22:42.489858 [debug] [Thread-2 (]: SQL status: OK in 0.006 seconds
[0m07:22:42.489982 [debug] [Thread-4 (]: SQL status: OK in 0.006 seconds
[0m07:22:42.491761 [debug] [Thread-3 (]: Writing runtime SQL for node "seed.my_etl_project.raw_orders"
[0m07:22:42.492035 [debug] [Thread-1 (]: Writing runtime SQL for node "seed.my_etl_project.country_codes"
[0m07:22:42.492237 [debug] [Thread-2 (]: Writing runtime SQL for node "seed.my_etl_project.raw_customers"
[0m07:22:42.492442 [debug] [Thread-4 (]: Writing runtime SQL for node "seed.my_etl_project.raw_products"
[0m07:22:42.496922 [debug] [Thread-2 (]: On seed.my_etl_project.raw_customers: COMMIT
[0m07:22:42.497333 [debug] [Thread-4 (]: On seed.my_etl_project.raw_products: COMMIT
[0m07:22:42.497734 [debug] [Thread-3 (]: On seed.my_etl_project.raw_orders: COMMIT
[0m07:22:42.498077 [debug] [Thread-1 (]: On seed.my_etl_project.country_codes: COMMIT
[0m07:22:42.498201 [debug] [Thread-2 (]: Using duckdb connection "seed.my_etl_project.raw_customers"
[0m07:22:42.498329 [debug] [Thread-4 (]: Using duckdb connection "seed.my_etl_project.raw_products"
[0m07:22:42.498457 [debug] [Thread-3 (]: Using duckdb connection "seed.my_etl_project.raw_orders"
[0m07:22:42.498582 [debug] [Thread-1 (]: Using duckdb connection "seed.my_etl_project.country_codes"
[0m07:22:42.498692 [debug] [Thread-2 (]: On seed.my_etl_project.raw_customers: COMMIT
[0m07:22:42.498797 [debug] [Thread-4 (]: On seed.my_etl_project.raw_products: COMMIT
[0m07:22:42.498899 [debug] [Thread-3 (]: On seed.my_etl_project.raw_orders: COMMIT
[0m07:22:42.499000 [debug] [Thread-1 (]: On seed.my_etl_project.country_codes: COMMIT
[0m07:22:42.499491 [debug] [Thread-2 (]: SQL status: OK in 0.000 seconds
[0m07:22:42.499608 [debug] [Thread-3 (]: SQL status: OK in 0.000 seconds
[0m07:22:42.499715 [debug] [Thread-1 (]: SQL status: OK in 0.000 seconds
[0m07:22:42.499831 [debug] [Thread-4 (]: SQL status: OK in 0.001 seconds
[0m07:22:42.500492 [debug] [Thread-2 (]: On seed.my_etl_project.raw_customers: Close
[0m07:22:42.500739 [debug] [Thread-3 (]: On seed.my_etl_project.raw_orders: Close
[0m07:22:42.500988 [debug] [Thread-1 (]: On seed.my_etl_project.country_codes: Close
[0m07:22:42.501245 [debug] [Thread-4 (]: On seed.my_etl_project.raw_products: Close
[0m07:22:42.502254 [debug] [Thread-2 (]: Sending event: {'category': 'dbt', 'action': 'run_model', 'label': '577447f3-c955-47c1-8345-53c1f4af4024', 'context': [<snowplow_tracker.self_describing_json.SelfDescribingJson object at 0x10c3ee9d0>]}
[0m07:22:42.502371 [debug] [Thread-3 (]: Sending event: {'category': 'dbt', 'action': 'run_model', 'label': '577447f3-c955-47c1-8345-53c1f4af4024', 'context': [<snowplow_tracker.self_describing_json.SelfDescribingJson object at 0x10c3b7710>]}
[0m07:22:42.502494 [debug] [Thread-1 (]: Sending event: {'category': 'dbt', 'action': 'run_model', 'label': '577447f3-c955-47c1-8345-53c1f4af4024', 'context': [<snowplow_tracker.self_describing_json.SelfDescribingJson object at 0x10c340e90>]}
[0m07:22:42.502612 [debug] [Thread-4 (]: Sending event: {'category': 'dbt', 'action': 'run_model', 'label': '577447f3-c955-47c1-8345-53c1f4af4024', 'context': [<snowplow_tracker.self_describing_json.SelfDescribingJson object at 0x10bf2dbd0>]}
[0m07:22:42.502807 [info ] [Thread-2 (]: 2 of 4 OK loaded seed file main_raw_ingestion.raw_customers .................... [[32mINSERT 8[0m in 0.04s]
[0m07:22:42.503004 [info ] [Thread-3 (]: 3 of 4 OK loaded seed file main_raw_ingestion.raw_orders ....................... [[32mINSERT 12[0m in 0.04s]
[0m07:22:42.503192 [info ] [Thread-1 (]: 1 of 4 OK loaded seed file main_raw_ingestion.country_codes .................... [[32mINSERT 8[0m in 0.04s]
[0m07:22:42.503372 [info ] [Thread-4 (]: 4 of 4 OK loaded seed file main_raw_ingestion.raw_products ..................... [[32mINSERT 8[0m in 0.04s]
[0m07:22:42.503577 [debug] [Thread-2 (]: Finished running node seed.my_etl_project.raw_customers
[0m07:22:42.503755 [debug] [Thread-3 (]: Finished running node seed.my_etl_project.raw_orders
[0m07:22:42.503929 [debug] [Thread-1 (]: Finished running node seed.my_etl_project.country_codes
[0m07:22:42.504101 [debug] [Thread-4 (]: Finished running node seed.my_etl_project.raw_products
[0m07:22:42.504680 [debug] [MainThread]: Using duckdb connection "master"
[0m07:22:42.504786 [debug] [MainThread]: On master: BEGIN
[0m07:22:42.504879 [debug] [MainThread]: Opening a new connection, currently in state closed
[0m07:22:42.505042 [debug] [MainThread]: SQL status: OK in 0.000 seconds
[0m07:22:42.505137 [debug] [MainThread]: On master: COMMIT
[0m07:22:42.505230 [debug] [MainThread]: Using duckdb connection "master"
[0m07:22:42.505318 [debug] [MainThread]: On master: COMMIT
[0m07:22:42.505456 [debug] [MainThread]: SQL status: OK in 0.000 seconds
[0m07:22:42.505568 [debug] [MainThread]: On master: Close
[0m07:22:42.505698 [debug] [MainThread]: Connection 'master' was properly closed.
[0m07:22:42.505792 [debug] [MainThread]: Connection 'seed.my_etl_project.country_codes' was properly closed.
[0m07:22:42.505880 [debug] [MainThread]: Connection 'seed.my_etl_project.raw_customers' was properly closed.
[0m07:22:42.505966 [debug] [MainThread]: Connection 'seed.my_etl_project.raw_orders' was properly closed.
[0m07:22:42.506042 [debug] [MainThread]: Connection 'seed.my_etl_project.raw_products' was properly closed.
[0m07:22:42.506147 [info ] [MainThread]: 
[0m07:22:42.506258 [info ] [MainThread]: Finished running 4 seeds in 0 hours 0 minutes and 0.10 seconds (0.10s).
[0m07:22:42.506604 [debug] [MainThread]: Command end result
[0m07:22:42.518670 [debug] [MainThread]: Wrote artifact WritableManifest to /Users/aviraljain/Downloads/python advanced/my_etl_project/target/manifest.json
[0m07:22:42.519421 [debug] [MainThread]: Wrote artifact SemanticManifest to /Users/aviraljain/Downloads/python advanced/my_etl_project/target/semantic_manifest.json
[0m07:22:42.521667 [debug] [MainThread]: Wrote artifact RunExecutionResult to /Users/aviraljain/Downloads/python advanced/my_etl_project/target/run_results.json
[0m07:22:42.521780 [info ] [MainThread]: 
[0m07:22:42.521945 [info ] [MainThread]: [32mCompleted successfully[0m
[0m07:22:42.522072 [info ] [MainThread]: 
[0m07:22:42.522205 [info ] [MainThread]: Done. PASS=4 WARN=0 ERROR=0 SKIP=0 NO-OP=0 TOTAL=4
[0m07:22:42.522422 [warn ] [MainThread]: [[33mWARNING[0m][DeprecationsSummary]: Deprecated functionality
Summary of encountered deprecations:
- MissingArgumentsPropertyInGenericTestDeprecation: 5 occurrences
To see all deprecation instances instead of just the first occurrence of each,
run command again with the `--show-all-deprecations` flag. You may also need to
run with `--no-partial-parse` as some deprecations are only encountered during
parsing.
[0m07:22:42.524737 [debug] [MainThread]: Resource report: {"command_name": "seed", "command_success": true, "command_wall_clock_time": 0.98608303, "process_in_blocks": "0", "process_kernel_time": 0.176485, "process_mem_max_rss": "172425216", "process_out_blocks": "0", "process_user_time": 1.29005}
[0m07:22:42.524915 [debug] [MainThread]: Command `dbt seed` succeeded at 07:22:42.524884 after 0.99 seconds
[0m07:22:42.525053 [debug] [MainThread]: Sending event: {'category': 'dbt', 'action': 'invocation', 'label': 'end', 'context': [<snowplow_tracker.self_describing_json.SelfDescribingJson object at 0x102427090>, <snowplow_tracker.self_describing_json.SelfDescribingJson object at 0x10240e310>, <snowplow_tracker.self_describing_json.SelfDescribingJson object at 0x10742f7d0>]}
[0m07:22:42.525171 [debug] [MainThread]: Flushing usage events
[0m07:22:43.684575 [debug] [MainThread]: An error was encountered while trying to flush usage events
[0m07:23:06.552740 [debug] [MainThread]: Sending event: {'category': 'dbt', 'action': 'invocation', 'label': 'start', 'context': [<snowplow_tracker.self_describing_json.SelfDescribingJson object at 0x10a36b150>, <snowplow_tracker.self_describing_json.SelfDescribingJson object at 0x10a3dc450>, <snowplow_tracker.self_describing_json.SelfDescribingJson object at 0x10a3f27d0>]}


============================== 07:23:06.554822 | f0b3beff-146f-4cf6-9c52-f87b16260fd8 ==============================
[0m07:23:06.554822 [info ] [MainThread]: Running with dbt=1.11.7
[0m07:23:06.555069 [debug] [MainThread]: running dbt with arguments {'quiet': 'False', 'warn_error': 'None', 'send_anonymous_usage_stats': 'True', 'indirect_selection': 'eager', 'printer_width': '80', 'partial_parse': 'True', 'version_check': 'True', 'debug': 'False', 'introspect': 'True', 'use_experimental_parser': 'False', 'warn_error_options': 'WarnErrorOptionsV2(error=[], warn=[], silence=[])', 'invocation_command': 'dbt run', 'cache_selected_only': 'False', 'log_cache_events': 'False', 'empty': 'False', 'log_path': '/Users/aviraljain/Downloads/python advanced/my_etl_project/logs', 'target_path': 'None', 'write_json': 'True', 'static_parser': 'True', 'fail_fast': 'False', 'use_colors': 'True', 'profiles_dir': '.', 'no_print': 'None', 'log_format': 'default'}
[0m07:23:06.691729 [debug] [MainThread]: Sending event: {'category': 'dbt', 'action': 'project_id', 'label': 'f0b3beff-146f-4cf6-9c52-f87b16260fd8', 'context': [<snowplow_tracker.self_describing_json.SelfDescribingJson object at 0x10a530a10>]}
[0m07:23:06.711696 [debug] [MainThread]: Sending event: {'category': 'dbt', 'action': 'adapter_info', 'label': 'f0b3beff-146f-4cf6-9c52-f87b16260fd8', 'context': [<snowplow_tracker.self_describing_json.SelfDescribingJson object at 0x1075cf1d0>]}
[0m07:23:06.714065 [info ] [MainThread]: Registered adapter: duckdb=1.10.1
[0m07:23:06.763265 [debug] [MainThread]: checksum: b80718358155fc17c3559352095564dd56ada1cc1a1c0ef2e62c857e71583775, vars: {}, profile: , target: , version: 1.11.7
[0m07:23:06.822948 [debug] [MainThread]: Partial parsing enabled: 0 files deleted, 0 files added, 1 files changed.
[0m07:23:06.823380 [debug] [MainThread]: Partial parsing: updated file: my_etl_project://models/staging/schema.yml
[0m07:23:06.961432 [warn ] [MainThread]: [[33mWARNING[0m][MissingArgumentsPropertyInGenericTestDeprecation]: Deprecated
functionality
Found top-level arguments to test `accepted_values` defined on 'stg_orders' in
package 'my_etl_project' (models/staging/schema.yml). Arguments to generic tests
should be nested under the `arguments` property.
[0m07:23:06.961710 [debug] [MainThread]: Sending event: {'category': 'dbt', 'action': 'deprecation', 'label': 'f0b3beff-146f-4cf6-9c52-f87b16260fd8', 'property_': 'warn', 'context': [<snowplow_tracker.self_describing_json.SelfDescribingJson object at 0x10a362750>]}
[0m07:23:06.997183 [debug] [MainThread]: Sending event: {'category': 'dbt', 'action': 'load_project', 'label': 'f0b3beff-146f-4cf6-9c52-f87b16260fd8', 'context': [<snowplow_tracker.self_describing_json.SelfDescribingJson object at 0x10ac30950>]}
[0m07:23:07.033434 [debug] [MainThread]: Wrote artifact WritableManifest to /Users/aviraljain/Downloads/python advanced/my_etl_project/target/manifest.json
[0m07:23:07.034389 [debug] [MainThread]: Wrote artifact SemanticManifest to /Users/aviraljain/Downloads/python advanced/my_etl_project/target/semantic_manifest.json
[0m07:23:07.046473 [debug] [MainThread]: Sending event: {'category': 'dbt', 'action': 'resource_counts', 'label': 'f0b3beff-146f-4cf6-9c52-f87b16260fd8', 'context': [<snowplow_tracker.self_describing_json.SelfDescribingJson object at 0x10ae17e10>]}
[0m07:23:07.046671 [info ] [MainThread]: Found 7 models, 4 seeds, 37 data tests, 3 sources, 476 macros
[0m07:23:07.046801 [debug] [MainThread]: Sending event: {'category': 'dbt', 'action': 'runnable_timing', 'label': 'f0b3beff-146f-4cf6-9c52-f87b16260fd8', 'context': [<snowplow_tracker.self_describing_json.SelfDescribingJson object at 0x10a686510>]}
[0m07:23:07.047690 [info ] [MainThread]: 
[0m07:23:07.047820 [info ] [MainThread]: Concurrency: 4 threads (target='dev')
[0m07:23:07.047919 [info ] [MainThread]: 
[0m07:23:07.048093 [debug] [MainThread]: Acquiring new duckdb connection 'master'
[0m07:23:07.049815 [debug] [ThreadPool]: Acquiring new duckdb connection 'list_dev'
[0m07:23:07.050024 [debug] [ThreadPool]: Acquiring new duckdb connection 'list_dev'
[0m07:23:07.071341 [debug] [ThreadPool]: Using duckdb connection "list_dev"
[0m07:23:07.071515 [debug] [ThreadPool]: Using duckdb connection "list_dev"
[0m07:23:07.071674 [debug] [ThreadPool]: On list_dev: /* {"app": "dbt", "dbt_version": "1.11.7", "profile_name": "my_etl_project", "target_name": "dev", "connection_name": "list_dev"} */

    
    select schema_name
    from system.information_schema.schemata
    
    where lower(catalog_name) = '"dev"'
    
  
  
[0m07:23:07.071804 [debug] [ThreadPool]: On list_dev: /* {"app": "dbt", "dbt_version": "1.11.7", "profile_name": "my_etl_project", "target_name": "dev", "connection_name": "list_dev"} */

    
    select schema_name
    from system.information_schema.schemata
    
    where lower(catalog_name) = '"dev"'
    
  
  
[0m07:23:07.071920 [debug] [ThreadPool]: Opening a new connection, currently in state init
[0m07:23:07.072023 [debug] [ThreadPool]: Opening a new connection, currently in state init
[0m07:23:07.084789 [debug] [ThreadPool]: SQL status: OK in 0.013 seconds
[0m07:23:07.084951 [debug] [ThreadPool]: SQL status: OK in 0.013 seconds
[0m07:23:07.085429 [debug] [ThreadPool]: On list_dev: Close
[0m07:23:07.085804 [debug] [ThreadPool]: On list_dev: Close
[0m07:23:07.086153 [debug] [ThreadPool]: Re-using an available connection from the pool (formerly list_dev, now create_dev_main)
[0m07:23:07.086308 [debug] [ThreadPool]: Re-using an available connection from the pool (formerly list_dev, now create_dev_main_analytics)
[0m07:23:07.086481 [debug] [ThreadPool]: Creating schema "database: "dev"
schema: "main"
"
[0m07:23:07.086638 [debug] [ThreadPool]: Creating schema "database: "dev"
schema: "main_analytics"
"
[0m07:23:07.089018 [debug] [ThreadPool]: Using duckdb connection "create_dev_main"
[0m07:23:07.089727 [debug] [ThreadPool]: Using duckdb connection "create_dev_main_analytics"
[0m07:23:07.089834 [debug] [ThreadPool]: On create_dev_main: /* {"app": "dbt", "dbt_version": "1.11.7", "profile_name": "my_etl_project", "target_name": "dev", "connection_name": "create_dev_main"} */

    
        select type from duckdb_databases()
        where lower(database_name)='dev'
        and type='sqlite'
    
  
[0m07:23:07.089936 [debug] [ThreadPool]: On create_dev_main_analytics: /* {"app": "dbt", "dbt_version": "1.11.7", "profile_name": "my_etl_project", "target_name": "dev", "connection_name": "create_dev_main_analytics"} */

    
        select type from duckdb_databases()
        where lower(database_name)='dev'
        and type='sqlite'
    
  
[0m07:23:07.090044 [debug] [ThreadPool]: Opening a new connection, currently in state closed
[0m07:23:07.090129 [debug] [ThreadPool]: Opening a new connection, currently in state closed
[0m07:23:07.090593 [debug] [ThreadPool]: SQL status: OK in 0.000 seconds
[0m07:23:07.090732 [debug] [ThreadPool]: SQL status: OK in 0.001 seconds
[0m07:23:07.091170 [debug] [ThreadPool]: Using duckdb connection "create_dev_main_analytics"
[0m07:23:07.091874 [debug] [ThreadPool]: Using duckdb connection "create_dev_main"
[0m07:23:07.091982 [debug] [ThreadPool]: On create_dev_main_analytics: BEGIN
[0m07:23:07.092086 [debug] [ThreadPool]: On create_dev_main: BEGIN
[0m07:23:07.092254 [debug] [ThreadPool]: SQL status: OK in 0.000 seconds
[0m07:23:07.092356 [debug] [ThreadPool]: SQL status: OK in 0.000 seconds
[0m07:23:07.092444 [debug] [ThreadPool]: Using duckdb connection "create_dev_main_analytics"
[0m07:23:07.092545 [debug] [ThreadPool]: Using duckdb connection "create_dev_main"
[0m07:23:07.092646 [debug] [ThreadPool]: On create_dev_main_analytics: /* {"app": "dbt", "dbt_version": "1.11.7", "profile_name": "my_etl_project", "target_name": "dev", "connection_name": "create_dev_main_analytics"} */

    
    
        create schema if not exists "dev"."main_analytics"
    
[0m07:23:07.092746 [debug] [ThreadPool]: On create_dev_main: /* {"app": "dbt", "dbt_version": "1.11.7", "profile_name": "my_etl_project", "target_name": "dev", "connection_name": "create_dev_main"} */

    
    
        create schema if not exists "dev"."main"
    
[0m07:23:07.093112 [debug] [ThreadPool]: SQL status: OK in 0.000 seconds
[0m07:23:07.093203 [debug] [ThreadPool]: SQL status: OK in 0.000 seconds
[0m07:23:07.093472 [debug] [ThreadPool]: On create_dev_main_analytics: COMMIT
[0m07:23:07.093722 [debug] [ThreadPool]: On create_dev_main: COMMIT
[0m07:23:07.093821 [debug] [ThreadPool]: Using duckdb connection "create_dev_main_analytics"
[0m07:23:07.093916 [debug] [ThreadPool]: Using duckdb connection "create_dev_main"
[0m07:23:07.094003 [debug] [ThreadPool]: On create_dev_main_analytics: COMMIT
[0m07:23:07.094089 [debug] [ThreadPool]: On create_dev_main: COMMIT
[0m07:23:07.094267 [debug] [ThreadPool]: SQL status: OK in 0.000 seconds
[0m07:23:07.094373 [debug] [ThreadPool]: On create_dev_main: Close
[0m07:23:07.094632 [debug] [ThreadPool]: SQL status: OK in 0.000 seconds
[0m07:23:07.094735 [debug] [ThreadPool]: On create_dev_main_analytics: Close
[0m07:23:07.095323 [debug] [ThreadPool]: Re-using an available connection from the pool (formerly create_dev_main_analytics, now list_dev_main_raw_ingestion)
[0m07:23:07.095496 [debug] [ThreadPool]: Re-using an available connection from the pool (formerly create_dev_main, now list_dev_main)
[0m07:23:07.095647 [debug] [ThreadPool]: Acquiring new duckdb connection 'list_dev_main_analytics'
[0m07:23:07.097469 [debug] [ThreadPool]: Using duckdb connection "list_dev_main_raw_ingestion"
[0m07:23:07.098166 [debug] [ThreadPool]: Using duckdb connection "list_dev_main"
[0m07:23:07.098830 [debug] [ThreadPool]: Using duckdb connection "list_dev_main_analytics"
[0m07:23:07.098927 [debug] [ThreadPool]: On list_dev_main_raw_ingestion: BEGIN
[0m07:23:07.099016 [debug] [ThreadPool]: On list_dev_main: BEGIN
[0m07:23:07.099106 [debug] [ThreadPool]: On list_dev_main_analytics: BEGIN
[0m07:23:07.099189 [debug] [ThreadPool]: Opening a new connection, currently in state closed
[0m07:23:07.099272 [debug] [ThreadPool]: Opening a new connection, currently in state closed
[0m07:23:07.099353 [debug] [ThreadPool]: Opening a new connection, currently in state init
[0m07:23:07.099520 [debug] [ThreadPool]: SQL status: OK in 0.000 seconds
[0m07:23:07.099616 [debug] [ThreadPool]: SQL status: OK in 0.000 seconds
[0m07:23:07.099748 [debug] [ThreadPool]: Using duckdb connection "list_dev_main_raw_ingestion"
[0m07:23:07.099846 [debug] [ThreadPool]: SQL status: OK in 0.000 seconds
[0m07:23:07.099943 [debug] [ThreadPool]: Using duckdb connection "list_dev_main"
[0m07:23:07.100047 [debug] [ThreadPool]: On list_dev_main_raw_ingestion: /* {"app": "dbt", "dbt_version": "1.11.7", "profile_name": "my_etl_project", "target_name": "dev", "connection_name": "list_dev_main_raw_ingestion"} */
select
      'dev' as database,
      table_name as name,
      table_schema as schema,
      CASE table_type
        WHEN 'BASE TABLE' THEN 'table'
        WHEN 'VIEW' THEN 'view'
        WHEN 'LOCAL TEMPORARY' THEN 'table'
        END as type
    from system.information_schema.tables
    where lower(table_schema) = 'main_raw_ingestion'
    and lower(table_catalog) = 'dev'
  
[0m07:23:07.100153 [debug] [ThreadPool]: Using duckdb connection "list_dev_main_analytics"
[0m07:23:07.100259 [debug] [ThreadPool]: On list_dev_main: /* {"app": "dbt", "dbt_version": "1.11.7", "profile_name": "my_etl_project", "target_name": "dev", "connection_name": "list_dev_main"} */
select
      'dev' as database,
      table_name as name,
      table_schema as schema,
      CASE table_type
        WHEN 'BASE TABLE' THEN 'table'
        WHEN 'VIEW' THEN 'view'
        WHEN 'LOCAL TEMPORARY' THEN 'table'
        END as type
    from system.information_schema.tables
    where lower(table_schema) = 'main'
    and lower(table_catalog) = 'dev'
  
[0m07:23:07.100418 [debug] [ThreadPool]: On list_dev_main_analytics: /* {"app": "dbt", "dbt_version": "1.11.7", "profile_name": "my_etl_project", "target_name": "dev", "connection_name": "list_dev_main_analytics"} */
select
      'dev' as database,
      table_name as name,
      table_schema as schema,
      CASE table_type
        WHEN 'BASE TABLE' THEN 'table'
        WHEN 'VIEW' THEN 'view'
        WHEN 'LOCAL TEMPORARY' THEN 'table'
        END as type
    from system.information_schema.tables
    where lower(table_schema) = 'main_analytics'
    and lower(table_catalog) = 'dev'
  
[0m07:23:07.103011 [debug] [ThreadPool]: SQL status: OK in 0.002 seconds
[0m07:23:07.103113 [debug] [ThreadPool]: SQL status: OK in 0.003 seconds
[0m07:23:07.103221 [debug] [ThreadPool]: SQL status: OK in 0.003 seconds
[0m07:23:07.103625 [debug] [ThreadPool]: On list_dev_main_analytics: ROLLBACK
[0m07:23:07.103963 [debug] [ThreadPool]: On list_dev_main: ROLLBACK
[0m07:23:07.104361 [debug] [ThreadPool]: On list_dev_main_raw_ingestion: ROLLBACK
[0m07:23:07.104970 [debug] [ThreadPool]: Failed to rollback 'list_dev_main_raw_ingestion'
[0m07:23:07.105136 [debug] [ThreadPool]: Failed to rollback 'list_dev_main'
[0m07:23:07.105287 [debug] [ThreadPool]: Failed to rollback 'list_dev_main_analytics'
[0m07:23:07.105393 [debug] [ThreadPool]: On list_dev_main_raw_ingestion: Close
[0m07:23:07.105497 [debug] [ThreadPool]: On list_dev_main: Close
[0m07:23:07.105600 [debug] [ThreadPool]: On list_dev_main_analytics: Close
[0m07:23:07.106173 [debug] [MainThread]: Sending event: {'category': 'dbt', 'action': 'runnable_timing', 'label': 'f0b3beff-146f-4cf6-9c52-f87b16260fd8', 'context': [<snowplow_tracker.self_describing_json.SelfDescribingJson object at 0x10b155790>]}
[0m07:23:07.106365 [debug] [MainThread]: Using duckdb connection "master"
[0m07:23:07.106468 [debug] [MainThread]: On master: BEGIN
[0m07:23:07.106561 [debug] [MainThread]: Opening a new connection, currently in state init
[0m07:23:07.106719 [debug] [MainThread]: SQL status: OK in 0.000 seconds
[0m07:23:07.106817 [debug] [MainThread]: On master: COMMIT
[0m07:23:07.106909 [debug] [MainThread]: Using duckdb connection "master"
[0m07:23:07.107001 [debug] [MainThread]: On master: COMMIT
[0m07:23:07.107138 [debug] [MainThread]: SQL status: OK in 0.000 seconds
[0m07:23:07.107249 [debug] [MainThread]: On master: Close
[0m07:23:07.108288 [debug] [Thread-1 (]: Began running node model.my_etl_project.stg_customers
[0m07:23:07.108419 [debug] [Thread-2 (]: Began running node model.my_etl_project.stg_orders
[0m07:23:07.108662 [debug] [Thread-3 (]: Began running node model.my_etl_project.stg_products
[0m07:23:07.108844 [info ] [Thread-1 (]: 1 of 6 START sql view model main.stg_customers ................................. [RUN]
[0m07:23:07.109029 [info ] [Thread-2 (]: 2 of 6 START sql view model main.stg_orders .................................... [RUN]
[0m07:23:07.109199 [info ] [Thread-3 (]: 3 of 6 START sql view model main.stg_products .................................. [RUN]
[0m07:23:07.109367 [debug] [Thread-1 (]: Re-using an available connection from the pool (formerly list_dev_main_raw_ingestion, now model.my_etl_project.stg_customers)
[0m07:23:07.109513 [debug] [Thread-2 (]: Re-using an available connection from the pool (formerly list_dev_main, now model.my_etl_project.stg_orders)
[0m07:23:07.109652 [debug] [Thread-3 (]: Re-using an available connection from the pool (formerly list_dev_main_analytics, now model.my_etl_project.stg_products)
[0m07:23:07.109778 [debug] [Thread-1 (]: Began compiling node model.my_etl_project.stg_customers
[0m07:23:07.109888 [debug] [Thread-2 (]: Began compiling node model.my_etl_project.stg_orders
[0m07:23:07.110000 [debug] [Thread-3 (]: Began compiling node model.my_etl_project.stg_products
[0m07:23:07.112665 [debug] [Thread-1 (]: Writing injected SQL for node "model.my_etl_project.stg_customers"
[0m07:23:07.113601 [debug] [Thread-2 (]: Writing injected SQL for node "model.my_etl_project.stg_orders"
[0m07:23:07.114561 [debug] [Thread-3 (]: Writing injected SQL for node "model.my_etl_project.stg_products"
[0m07:23:07.114990 [debug] [Thread-2 (]: Began executing node model.my_etl_project.stg_orders
[0m07:23:07.115113 [debug] [Thread-3 (]: Began executing node model.my_etl_project.stg_products
[0m07:23:07.115246 [debug] [Thread-1 (]: Began executing node model.my_etl_project.stg_customers
[0m07:23:07.125863 [debug] [Thread-2 (]: Writing runtime sql for node "model.my_etl_project.stg_orders"
[0m07:23:07.127100 [debug] [Thread-3 (]: Writing runtime sql for node "model.my_etl_project.stg_products"
[0m07:23:07.128751 [debug] [Thread-1 (]: Writing runtime sql for node "model.my_etl_project.stg_customers"
[0m07:23:07.129218 [debug] [Thread-1 (]: Using duckdb connection "model.my_etl_project.stg_customers"
[0m07:23:07.129363 [debug] [Thread-3 (]: Using duckdb connection "model.my_etl_project.stg_products"
[0m07:23:07.129503 [debug] [Thread-2 (]: Using duckdb connection "model.my_etl_project.stg_orders"
[0m07:23:07.129643 [debug] [Thread-1 (]: On model.my_etl_project.stg_customers: BEGIN
[0m07:23:07.129766 [debug] [Thread-3 (]: On model.my_etl_project.stg_products: BEGIN
[0m07:23:07.129890 [debug] [Thread-2 (]: On model.my_etl_project.stg_orders: BEGIN
[0m07:23:07.130009 [debug] [Thread-1 (]: Opening a new connection, currently in state closed
[0m07:23:07.130129 [debug] [Thread-3 (]: Opening a new connection, currently in state closed
[0m07:23:07.130241 [debug] [Thread-2 (]: Opening a new connection, currently in state closed
[0m07:23:07.130544 [debug] [Thread-1 (]: SQL status: OK in 0.001 seconds
[0m07:23:07.130666 [debug] [Thread-3 (]: SQL status: OK in 0.001 seconds
[0m07:23:07.130774 [debug] [Thread-2 (]: SQL status: OK in 0.001 seconds
[0m07:23:07.130891 [debug] [Thread-1 (]: Using duckdb connection "model.my_etl_project.stg_customers"
[0m07:23:07.131016 [debug] [Thread-3 (]: Using duckdb connection "model.my_etl_project.stg_products"
[0m07:23:07.131138 [debug] [Thread-2 (]: Using duckdb connection "model.my_etl_project.stg_orders"
[0m07:23:07.131271 [debug] [Thread-1 (]: On model.my_etl_project.stg_customers: /* {"app": "dbt", "dbt_version": "1.11.7", "profile_name": "my_etl_project", "target_name": "dev", "node_id": "model.my_etl_project.stg_customers"} */

  
  create view "dev"."main"."stg_customers__dbt_tmp" as (
    -- models/staging/stg_customers.sql
-- Materialization: view (inherited from dbt_project.yml staging config)
-- Purpose: Clean & standardize raw customer records

SELECT
    customer_id,
    TRIM(customer_name)  AS customer_name,
    UPPER(TRIM(region))  AS region,         -- Normalize region values
    UPPER(TRIM(segment)) AS segment,        -- Normalize: 'gold' → 'GOLD'
    LOWER(TRIM(email))   AS email,          -- Standardize email to lowercase
    country_code

FROM "dev"."raw_ingestion"."raw_customers"

WHERE customer_id IS NOT NULL
  );

[0m07:23:07.131417 [debug] [Thread-3 (]: On model.my_etl_project.stg_products: /* {"app": "dbt", "dbt_version": "1.11.7", "profile_name": "my_etl_project", "target_name": "dev", "node_id": "model.my_etl_project.stg_products"} */

  
  create view "dev"."main"."stg_products__dbt_tmp" as (
    -- models/staging/stg_products.sql
-- Materialization: view (inherited from dbt_project.yml staging config)
-- Purpose: Clean & standardize the product catalog

SELECT
    product_id,
    TRIM(product_name)                AS product_name,
    UPPER(TRIM(category))             AS category,
    CAST(price AS DECIMAL)            AS price_usd,
    UPPER(TRIM(currency))             AS currency

FROM "dev"."raw_ingestion"."raw_products"

WHERE product_id IS NOT NULL
  );

[0m07:23:07.131560 [debug] [Thread-2 (]: On model.my_etl_project.stg_orders: /* {"app": "dbt", "dbt_version": "1.11.7", "profile_name": "my_etl_project", "target_name": "dev", "node_id": "model.my_etl_project.stg_orders"} */

  
  create view "dev"."main"."stg_orders__dbt_tmp" as (
    -- models/staging/stg_orders.sql
-- Materialization: view (inherited from dbt_project.yml staging config)
-- Purpose: Clean & standardize raw orders from the source layer

SELECT
    order_id,
    customer_id,
    UPPER(TRIM(status))             AS status,        -- Normalize: 'complete' → 'COMPLETE'
    CAST(amount AS DECIMAL)         AS amount,        -- Ensure numeric type
    CAST(order_date AS DATE)        AS order_date,    -- Ensure date type
    country_code,
    CAST(updated_at AS TIMESTAMP)   AS updated_at

FROM "dev"."raw_ingestion"."raw_orders"   -- References src_raw.yml → raw_ingestion.raw_orders

WHERE order_id IS NOT NULL               -- Basic data quality filter
  );

[0m07:23:07.135836 [debug] [Thread-2 (]: DuckDB adapter: duckdb error: Catalog Error: Table with name "raw_ingestion.raw_orders" does not exist because schema "raw_ingestion" does not exist.

LINE 18: FROM "dev"."raw_ingestion"."raw_orders"   -- References src_raw...
              ^
[0m07:23:07.135995 [debug] [Thread-1 (]: DuckDB adapter: duckdb error: Catalog Error: Table with name "raw_ingestion.raw_customers" does not exist because schema "raw_ingestion" does not exist.

LINE 17: FROM "dev"."raw_ingestion"."raw_customers"
              ^
[0m07:23:07.136158 [debug] [Thread-3 (]: DuckDB adapter: duckdb error: Catalog Error: Table with name "raw_ingestion.raw_products" does not exist because schema "raw_ingestion" does not exist.

LINE 16: FROM "dev"."raw_ingestion"."raw_products"
              ^
[0m07:23:07.136294 [debug] [Thread-2 (]: DuckDB adapter: Error running SQL: /* {"app": "dbt", "dbt_version": "1.11.7", "profile_name": "my_etl_project", "target_name": "dev", "node_id": "model.my_etl_project.stg_orders"} */

  
  create view "dev"."main"."stg_orders__dbt_tmp" as (
    -- models/staging/stg_orders.sql
-- Materialization: view (inherited from dbt_project.yml staging config)
-- Purpose: Clean & standardize raw orders from the source layer

SELECT
    order_id,
    customer_id,
    UPPER(TRIM(status))             AS status,        -- Normalize: 'complete' → 'COMPLETE'
    CAST(amount AS DECIMAL)         AS amount,        -- Ensure numeric type
    CAST(order_date AS DATE)        AS order_date,    -- Ensure date type
    country_code,
    CAST(updated_at AS TIMESTAMP)   AS updated_at

FROM "dev"."raw_ingestion"."raw_orders"   -- References src_raw.yml → raw_ingestion.raw_orders

WHERE order_id IS NOT NULL               -- Basic data quality filter
  );

[0m07:23:07.136447 [debug] [Thread-1 (]: DuckDB adapter: Error running SQL: /* {"app": "dbt", "dbt_version": "1.11.7", "profile_name": "my_etl_project", "target_name": "dev", "node_id": "model.my_etl_project.stg_customers"} */

  
  create view "dev"."main"."stg_customers__dbt_tmp" as (
    -- models/staging/stg_customers.sql
-- Materialization: view (inherited from dbt_project.yml staging config)
-- Purpose: Clean & standardize raw customer records

SELECT
    customer_id,
    TRIM(customer_name)  AS customer_name,
    UPPER(TRIM(region))  AS region,         -- Normalize region values
    UPPER(TRIM(segment)) AS segment,        -- Normalize: 'gold' → 'GOLD'
    LOWER(TRIM(email))   AS email,          -- Standardize email to lowercase
    country_code

FROM "dev"."raw_ingestion"."raw_customers"

WHERE customer_id IS NOT NULL
  );

[0m07:23:07.136592 [debug] [Thread-3 (]: DuckDB adapter: Error running SQL: /* {"app": "dbt", "dbt_version": "1.11.7", "profile_name": "my_etl_project", "target_name": "dev", "node_id": "model.my_etl_project.stg_products"} */

  
  create view "dev"."main"."stg_products__dbt_tmp" as (
    -- models/staging/stg_products.sql
-- Materialization: view (inherited from dbt_project.yml staging config)
-- Purpose: Clean & standardize the product catalog

SELECT
    product_id,
    TRIM(product_name)                AS product_name,
    UPPER(TRIM(category))             AS category,
    CAST(price AS DECIMAL)            AS price_usd,
    UPPER(TRIM(currency))             AS currency

FROM "dev"."raw_ingestion"."raw_products"

WHERE product_id IS NOT NULL
  );

[0m07:23:07.136721 [debug] [Thread-2 (]: DuckDB adapter: Rolling back transaction.
[0m07:23:07.136847 [debug] [Thread-1 (]: DuckDB adapter: Rolling back transaction.
[0m07:23:07.136961 [debug] [Thread-3 (]: DuckDB adapter: Rolling back transaction.
[0m07:23:07.137077 [debug] [Thread-2 (]: On model.my_etl_project.stg_orders: ROLLBACK
[0m07:23:07.137193 [debug] [Thread-1 (]: On model.my_etl_project.stg_customers: ROLLBACK
[0m07:23:07.137306 [debug] [Thread-3 (]: On model.my_etl_project.stg_products: ROLLBACK
[0m07:23:07.138278 [debug] [Thread-3 (]: Failed to rollback 'model.my_etl_project.stg_products'
[0m07:23:07.138500 [debug] [Thread-2 (]: Failed to rollback 'model.my_etl_project.stg_orders'
[0m07:23:07.138669 [debug] [Thread-3 (]: On model.my_etl_project.stg_products: Close
[0m07:23:07.138883 [debug] [Thread-1 (]: Failed to rollback 'model.my_etl_project.stg_customers'
[0m07:23:07.139043 [debug] [Thread-2 (]: On model.my_etl_project.stg_orders: Close
[0m07:23:07.139560 [debug] [Thread-1 (]: On model.my_etl_project.stg_customers: Close
[0m07:23:07.143929 [debug] [Thread-3 (]: Runtime Error in model stg_products (models/staging/stg_products.sql)
  Catalog Error: Table with name "raw_ingestion.raw_products" does not exist because schema "raw_ingestion" does not exist.
  
  LINE 16: FROM "dev"."raw_ingestion"."raw_products"
                ^
[0m07:23:07.144878 [debug] [Thread-2 (]: Runtime Error in model stg_orders (models/staging/stg_orders.sql)
  Catalog Error: Table with name "raw_ingestion.raw_orders" does not exist because schema "raw_ingestion" does not exist.
  
  LINE 18: FROM "dev"."raw_ingestion"."raw_orders"   -- References src_raw...
                ^
[0m07:23:07.145341 [debug] [Thread-1 (]: Runtime Error in model stg_customers (models/staging/stg_customers.sql)
  Catalog Error: Table with name "raw_ingestion.raw_customers" does not exist because schema "raw_ingestion" does not exist.
  
  LINE 17: FROM "dev"."raw_ingestion"."raw_customers"
                ^
[0m07:23:07.145917 [debug] [Thread-3 (]: Sending event: {'category': 'dbt', 'action': 'run_model', 'label': 'f0b3beff-146f-4cf6-9c52-f87b16260fd8', 'context': [<snowplow_tracker.self_describing_json.SelfDescribingJson object at 0x10b297910>]}
[0m07:23:07.146028 [debug] [Thread-2 (]: Sending event: {'category': 'dbt', 'action': 'run_model', 'label': 'f0b3beff-146f-4cf6-9c52-f87b16260fd8', 'context': [<snowplow_tracker.self_describing_json.SelfDescribingJson object at 0x10b267f50>]}
[0m07:23:07.146148 [debug] [Thread-1 (]: Sending event: {'category': 'dbt', 'action': 'run_model', 'label': 'f0b3beff-146f-4cf6-9c52-f87b16260fd8', 'context': [<snowplow_tracker.self_describing_json.SelfDescribingJson object at 0x10ac9d090>]}
[0m07:23:07.146381 [error] [Thread-3 (]: 3 of 6 ERROR creating sql view model main.stg_products ......................... [[31mERROR[0m in 0.03s]
[0m07:23:07.146611 [error] [Thread-2 (]: 2 of 6 ERROR creating sql view model main.stg_orders ........................... [[31mERROR[0m in 0.04s]
[0m07:23:07.146826 [error] [Thread-1 (]: 1 of 6 ERROR creating sql view model main.stg_customers ........................ [[31mERROR[0m in 0.04s]
[0m07:23:07.147030 [debug] [Thread-3 (]: Finished running node model.my_etl_project.stg_products
[0m07:23:07.147209 [debug] [Thread-2 (]: Finished running node model.my_etl_project.stg_orders
[0m07:23:07.147386 [debug] [Thread-1 (]: Finished running node model.my_etl_project.stg_customers
[0m07:23:07.147566 [debug] [Thread-7 (]: Marking all children of 'model.my_etl_project.stg_products' to be skipped because of status 'error'.  Reason: Runtime Error in model stg_products (models/staging/stg_products.sql)
  Catalog Error: Table with name "raw_ingestion.raw_products" does not exist because schema "raw_ingestion" does not exist.
  
  LINE 16: FROM "dev"."raw_ingestion"."raw_products"
                ^.
[0m07:23:07.147997 [debug] [Thread-7 (]: Marking all children of 'model.my_etl_project.stg_orders' to be skipped because of status 'error'.  Reason: Runtime Error in model stg_orders (models/staging/stg_orders.sql)
  Catalog Error: Table with name "raw_ingestion.raw_orders" does not exist because schema "raw_ingestion" does not exist.
  
  LINE 18: FROM "dev"."raw_ingestion"."raw_orders"   -- References src_raw...
                ^.
[0m07:23:07.148199 [debug] [Thread-7 (]: Marking all children of 'model.my_etl_project.stg_customers' to be skipped because of status 'error'.  Reason: Runtime Error in model stg_customers (models/staging/stg_customers.sql)
  Catalog Error: Table with name "raw_ingestion.raw_customers" does not exist because schema "raw_ingestion" does not exist.
  
  LINE 17: FROM "dev"."raw_ingestion"."raw_customers"
                ^.
[0m07:23:07.148386 [debug] [Thread-4 (]: Began running node model.my_etl_project.fct_sales_incremental
[0m07:23:07.148534 [debug] [Thread-3 (]: Began running node model.my_etl_project.int_orders_cleaned
[0m07:23:07.148677 [info ] [Thread-4 (]: 4 of 6 SKIP relation main_analytics.fct_sales_incremental ...................... [[33mSKIP[0m]
[0m07:23:07.148826 [debug] [Thread-3 (]: Finished running node model.my_etl_project.int_orders_cleaned
[0m07:23:07.148965 [debug] [Thread-4 (]: Finished running node model.my_etl_project.fct_sales_incremental
[0m07:23:07.149140 [debug] [Thread-1 (]: Began running node model.my_etl_project.int_orders_customers
[0m07:23:07.149303 [info ] [Thread-1 (]: 5 of 6 SKIP relation main.int_orders_customers ................................. [[33mSKIP[0m]
[0m07:23:07.149436 [debug] [Thread-1 (]: Finished running node model.my_etl_project.int_orders_customers
[0m07:23:07.149671 [debug] [Thread-3 (]: Began running node model.my_etl_project.fct_sales
[0m07:23:07.149838 [info ] [Thread-3 (]: 6 of 6 SKIP relation main_analytics.fct_sales .................................. [[33mSKIP[0m]
[0m07:23:07.149997 [debug] [Thread-3 (]: Finished running node model.my_etl_project.fct_sales
[0m07:23:07.150491 [debug] [MainThread]: Using duckdb connection "master"
[0m07:23:07.150609 [debug] [MainThread]: On master: BEGIN
[0m07:23:07.150705 [debug] [MainThread]: Opening a new connection, currently in state closed
[0m07:23:07.150935 [debug] [MainThread]: SQL status: OK in 0.000 seconds
[0m07:23:07.151032 [debug] [MainThread]: On master: COMMIT
[0m07:23:07.151127 [debug] [MainThread]: Using duckdb connection "master"
[0m07:23:07.151213 [debug] [MainThread]: On master: COMMIT
[0m07:23:07.151349 [debug] [MainThread]: SQL status: OK in 0.000 seconds
[0m07:23:07.151449 [debug] [MainThread]: On master: Close
[0m07:23:07.151575 [debug] [MainThread]: Connection 'master' was properly closed.
[0m07:23:07.151665 [debug] [MainThread]: Connection 'model.my_etl_project.stg_customers' was properly closed.
[0m07:23:07.151749 [debug] [MainThread]: Connection 'model.my_etl_project.stg_orders' was properly closed.
[0m07:23:07.151831 [debug] [MainThread]: Connection 'model.my_etl_project.stg_products' was properly closed.
[0m07:23:07.151972 [info ] [MainThread]: 
[0m07:23:07.152094 [info ] [MainThread]: Finished running 1 incremental model, 1 table model, 4 view models in 0 hours 0 minutes and 0.10 seconds (0.10s).
[0m07:23:07.152441 [debug] [MainThread]: Command end result
[0m07:23:07.164118 [debug] [MainThread]: Wrote artifact WritableManifest to /Users/aviraljain/Downloads/python advanced/my_etl_project/target/manifest.json
[0m07:23:07.164863 [debug] [MainThread]: Wrote artifact SemanticManifest to /Users/aviraljain/Downloads/python advanced/my_etl_project/target/semantic_manifest.json
[0m07:23:07.167024 [debug] [MainThread]: Wrote artifact RunExecutionResult to /Users/aviraljain/Downloads/python advanced/my_etl_project/target/run_results.json
[0m07:23:07.167127 [info ] [MainThread]: 
[0m07:23:07.167264 [info ] [MainThread]: [31mCompleted with 3 errors, 0 partial successes, and 0 warnings:[0m
[0m07:23:07.167370 [info ] [MainThread]: 
[0m07:23:07.167501 [error] [MainThread]: [31mFailure in model stg_products (models/staging/stg_products.sql)[0m
[0m07:23:07.167625 [error] [MainThread]:   Runtime Error in model stg_products (models/staging/stg_products.sql)
  Catalog Error: Table with name "raw_ingestion.raw_products" does not exist because schema "raw_ingestion" does not exist.
  
  LINE 16: FROM "dev"."raw_ingestion"."raw_products"
                ^
[0m07:23:07.167721 [info ] [MainThread]: 
[0m07:23:07.167834 [info ] [MainThread]:   compiled code at target/compiled/my_etl_project/models/staging/stg_products.sql
[0m07:23:07.167933 [info ] [MainThread]: 
[0m07:23:07.168044 [error] [MainThread]: [31mFailure in model stg_orders (models/staging/stg_orders.sql)[0m
[0m07:23:07.168159 [error] [MainThread]:   Runtime Error in model stg_orders (models/staging/stg_orders.sql)
  Catalog Error: Table with name "raw_ingestion.raw_orders" does not exist because schema "raw_ingestion" does not exist.
  
  LINE 18: FROM "dev"."raw_ingestion"."raw_orders"   -- References src_raw...
                ^
[0m07:23:07.168264 [info ] [MainThread]: 
[0m07:23:07.168376 [info ] [MainThread]:   compiled code at target/compiled/my_etl_project/models/staging/stg_orders.sql
[0m07:23:07.168474 [info ] [MainThread]: 
[0m07:23:07.168628 [error] [MainThread]: [31mFailure in model stg_customers (models/staging/stg_customers.sql)[0m
[0m07:23:07.168832 [error] [MainThread]:   Runtime Error in model stg_customers (models/staging/stg_customers.sql)
  Catalog Error: Table with name "raw_ingestion.raw_customers" does not exist because schema "raw_ingestion" does not exist.
  
  LINE 17: FROM "dev"."raw_ingestion"."raw_customers"
                ^
[0m07:23:07.168946 [info ] [MainThread]: 
[0m07:23:07.169063 [info ] [MainThread]:   compiled code at target/compiled/my_etl_project/models/staging/stg_customers.sql
[0m07:23:07.169165 [info ] [MainThread]: 
[0m07:23:07.169279 [info ] [MainThread]: Done. PASS=0 WARN=0 ERROR=3 SKIP=3 NO-OP=0 TOTAL=6
[0m07:23:07.169492 [warn ] [MainThread]: [[33mWARNING[0m][DeprecationsSummary]: Deprecated functionality
Summary of encountered deprecations:
- MissingArgumentsPropertyInGenericTestDeprecation: 1 occurrence
To see all deprecation instances instead of just the first occurrence of each,
run command again with the `--show-all-deprecations` flag. You may also need to
run with `--no-partial-parse` as some deprecations are only encountered during
parsing.
[0m07:23:07.171939 [debug] [MainThread]: Resource report: {"command_name": "run", "command_success": false, "command_wall_clock_time": 0.64558744, "process_in_blocks": "0", "process_kernel_time": 0.167927, "process_mem_max_rss": "164020224", "process_out_blocks": "0", "process_user_time": 0.943632}
[0m07:23:07.172097 [debug] [MainThread]: Command `dbt run` failed at 07:23:07.172060 after 0.65 seconds
[0m07:23:07.172270 [debug] [MainThread]: Sending event: {'category': 'dbt', 'action': 'invocation', 'label': 'end', 'context': [<snowplow_tracker.self_describing_json.SelfDescribingJson object at 0x10a3f2350>, <snowplow_tracker.self_describing_json.SelfDescribingJson object at 0x10a3f2590>, <snowplow_tracker.self_describing_json.SelfDescribingJson object at 0x1061736d0>]}
[0m07:23:07.172440 [debug] [MainThread]: Flushing usage events
[0m07:23:08.404294 [debug] [MainThread]: An error was encountered while trying to flush usage events
[0m07:23:32.311204 [debug] [MainThread]: Sending event: {'category': 'dbt', 'action': 'invocation', 'label': 'start', 'context': [<snowplow_tracker.self_describing_json.SelfDescribingJson object at 0x10e073010>, <snowplow_tracker.self_describing_json.SelfDescribingJson object at 0x10e071810>, <snowplow_tracker.self_describing_json.SelfDescribingJson object at 0x10e0e6790>]}


============================== 07:23:32.313318 | 13f0ca42-4fc9-4a1e-9043-e2a963ae28ad ==============================
[0m07:23:32.313318 [info ] [MainThread]: Running with dbt=1.11.7
[0m07:23:32.313578 [debug] [MainThread]: running dbt with arguments {'partial_parse': 'True', 'target_path': 'None', 'write_json': 'True', 'invocation_command': 'dbt run', 'log_cache_events': 'False', 'fail_fast': 'False', 'log_format': 'default', 'static_parser': 'True', 'use_colors': 'True', 'no_print': 'None', 'printer_width': '80', 'profiles_dir': '.', 'quiet': 'False', 'warn_error': 'None', 'log_path': '/Users/aviraljain/Downloads/python advanced/my_etl_project/logs', 'indirect_selection': 'eager', 'version_check': 'True', 'cache_selected_only': 'False', 'introspect': 'True', 'debug': 'False', 'empty': 'False', 'use_experimental_parser': 'False', 'send_anonymous_usage_stats': 'True', 'warn_error_options': 'WarnErrorOptionsV2(error=[], warn=[], silence=[])'}
[0m07:23:32.447325 [debug] [MainThread]: Sending event: {'category': 'dbt', 'action': 'project_id', 'label': '13f0ca42-4fc9-4a1e-9043-e2a963ae28ad', 'context': [<snowplow_tracker.self_describing_json.SelfDescribingJson object at 0x10e299410>]}
[0m07:23:32.467429 [debug] [MainThread]: Sending event: {'category': 'dbt', 'action': 'adapter_info', 'label': '13f0ca42-4fc9-4a1e-9043-e2a963ae28ad', 'context': [<snowplow_tracker.self_describing_json.SelfDescribingJson object at 0x10b21bcd0>]}
[0m07:23:32.470002 [info ] [MainThread]: Registered adapter: duckdb=1.10.1
[0m07:23:32.522108 [debug] [MainThread]: checksum: b80718358155fc17c3559352095564dd56ada1cc1a1c0ef2e62c857e71583775, vars: {}, profile: , target: , version: 1.11.7
[0m07:23:32.582818 [debug] [MainThread]: Partial parsing enabled: 0 files deleted, 0 files added, 1 files changed.
[0m07:23:32.583433 [debug] [MainThread]: Partial parsing: updated file: my_etl_project://models/staging/src_raw.yml
[0m07:23:32.737516 [warn ] [MainThread]: [[33mWARNING[0m][MissingArgumentsPropertyInGenericTestDeprecation]: Deprecated
functionality
Found top-level arguments to test `accepted_values` defined on 'stg_orders' in
package 'my_etl_project' (models/staging/schema.yml). Arguments to generic tests
should be nested under the `arguments` property.
[0m07:23:32.737796 [debug] [MainThread]: Sending event: {'category': 'dbt', 'action': 'deprecation', 'label': '13f0ca42-4fc9-4a1e-9043-e2a963ae28ad', 'property_': 'warn', 'context': [<snowplow_tracker.self_describing_json.SelfDescribingJson object at 0x10e2d3b10>]}
[0m07:23:32.825379 [debug] [MainThread]: Sending event: {'category': 'dbt', 'action': 'load_project', 'label': '13f0ca42-4fc9-4a1e-9043-e2a963ae28ad', 'context': [<snowplow_tracker.self_describing_json.SelfDescribingJson object at 0x10ea4f550>]}
[0m07:23:32.860566 [debug] [MainThread]: Wrote artifact WritableManifest to /Users/aviraljain/Downloads/python advanced/my_etl_project/target/manifest.json
[0m07:23:32.861494 [debug] [MainThread]: Wrote artifact SemanticManifest to /Users/aviraljain/Downloads/python advanced/my_etl_project/target/semantic_manifest.json
[0m07:23:32.872856 [debug] [MainThread]: Sending event: {'category': 'dbt', 'action': 'resource_counts', 'label': '13f0ca42-4fc9-4a1e-9043-e2a963ae28ad', 'context': [<snowplow_tracker.self_describing_json.SelfDescribingJson object at 0x10eb78110>]}
[0m07:23:32.873040 [info ] [MainThread]: Found 4 seeds, 7 models, 37 data tests, 3 sources, 476 macros
[0m07:23:32.873172 [debug] [MainThread]: Sending event: {'category': 'dbt', 'action': 'runnable_timing', 'label': '13f0ca42-4fc9-4a1e-9043-e2a963ae28ad', 'context': [<snowplow_tracker.self_describing_json.SelfDescribingJson object at 0x10e9b2c90>]}
[0m07:23:32.874068 [info ] [MainThread]: 
[0m07:23:32.874198 [info ] [MainThread]: Concurrency: 4 threads (target='dev')
[0m07:23:32.874300 [info ] [MainThread]: 
[0m07:23:32.874481 [debug] [MainThread]: Acquiring new duckdb connection 'master'
[0m07:23:32.876293 [debug] [ThreadPool]: Acquiring new duckdb connection 'list_dev'
[0m07:23:32.876496 [debug] [ThreadPool]: Acquiring new duckdb connection 'list_dev'
[0m07:23:32.900569 [debug] [ThreadPool]: Using duckdb connection "list_dev"
[0m07:23:32.900713 [debug] [ThreadPool]: Using duckdb connection "list_dev"
[0m07:23:32.900849 [debug] [ThreadPool]: On list_dev: /* {"app": "dbt", "dbt_version": "1.11.7", "profile_name": "my_etl_project", "target_name": "dev", "connection_name": "list_dev"} */

    
    select schema_name
    from system.information_schema.schemata
    
    where lower(catalog_name) = '"dev"'
    
  
  
[0m07:23:32.900957 [debug] [ThreadPool]: On list_dev: /* {"app": "dbt", "dbt_version": "1.11.7", "profile_name": "my_etl_project", "target_name": "dev", "connection_name": "list_dev"} */

    
    select schema_name
    from system.information_schema.schemata
    
    where lower(catalog_name) = '"dev"'
    
  
  
[0m07:23:32.901061 [debug] [ThreadPool]: Opening a new connection, currently in state init
[0m07:23:32.901149 [debug] [ThreadPool]: Opening a new connection, currently in state init
[0m07:23:32.917264 [debug] [ThreadPool]: SQL status: OK in 0.016 seconds
[0m07:23:32.917421 [debug] [ThreadPool]: SQL status: OK in 0.016 seconds
[0m07:23:32.917950 [debug] [ThreadPool]: On list_dev: Close
[0m07:23:32.918423 [debug] [ThreadPool]: On list_dev: Close
[0m07:23:32.918750 [debug] [ThreadPool]: Re-using an available connection from the pool (formerly list_dev, now create_dev_main_analytics)
[0m07:23:32.918886 [debug] [ThreadPool]: Re-using an available connection from the pool (formerly list_dev, now create_dev_main)
[0m07:23:32.919054 [debug] [ThreadPool]: Creating schema "database: "dev"
schema: "main_analytics"
"
[0m07:23:32.919204 [debug] [ThreadPool]: Creating schema "database: "dev"
schema: "main"
"
[0m07:23:32.921438 [debug] [ThreadPool]: Using duckdb connection "create_dev_main_analytics"
[0m07:23:32.922086 [debug] [ThreadPool]: Using duckdb connection "create_dev_main"
[0m07:23:32.922197 [debug] [ThreadPool]: On create_dev_main_analytics: /* {"app": "dbt", "dbt_version": "1.11.7", "profile_name": "my_etl_project", "target_name": "dev", "connection_name": "create_dev_main_analytics"} */

    
        select type from duckdb_databases()
        where lower(database_name)='dev'
        and type='sqlite'
    
  
[0m07:23:32.922315 [debug] [ThreadPool]: On create_dev_main: /* {"app": "dbt", "dbt_version": "1.11.7", "profile_name": "my_etl_project", "target_name": "dev", "connection_name": "create_dev_main"} */

    
        select type from duckdb_databases()
        where lower(database_name)='dev'
        and type='sqlite'
    
  
[0m07:23:32.922416 [debug] [ThreadPool]: Opening a new connection, currently in state closed
[0m07:23:32.922503 [debug] [ThreadPool]: Opening a new connection, currently in state closed
[0m07:23:32.922826 [debug] [ThreadPool]: SQL status: OK in 0.000 seconds
[0m07:23:32.922941 [debug] [ThreadPool]: SQL status: OK in 0.001 seconds
[0m07:23:32.923523 [debug] [ThreadPool]: Using duckdb connection "create_dev_main"
[0m07:23:32.923948 [debug] [ThreadPool]: Using duckdb connection "create_dev_main_analytics"
[0m07:23:32.924052 [debug] [ThreadPool]: On create_dev_main: BEGIN
[0m07:23:32.924162 [debug] [ThreadPool]: On create_dev_main_analytics: BEGIN
[0m07:23:32.924332 [debug] [ThreadPool]: SQL status: OK in 0.000 seconds
[0m07:23:32.924431 [debug] [ThreadPool]: SQL status: OK in 0.000 seconds
[0m07:23:32.924520 [debug] [ThreadPool]: Using duckdb connection "create_dev_main"
[0m07:23:32.924621 [debug] [ThreadPool]: Using duckdb connection "create_dev_main_analytics"
[0m07:23:32.924725 [debug] [ThreadPool]: On create_dev_main: /* {"app": "dbt", "dbt_version": "1.11.7", "profile_name": "my_etl_project", "target_name": "dev", "connection_name": "create_dev_main"} */

    
    
        create schema if not exists "dev"."main"
    
[0m07:23:32.924830 [debug] [ThreadPool]: On create_dev_main_analytics: /* {"app": "dbt", "dbt_version": "1.11.7", "profile_name": "my_etl_project", "target_name": "dev", "connection_name": "create_dev_main_analytics"} */

    
    
        create schema if not exists "dev"."main_analytics"
    
[0m07:23:32.925007 [debug] [ThreadPool]: SQL status: OK in 0.000 seconds
[0m07:23:32.925108 [debug] [ThreadPool]: SQL status: OK in 0.000 seconds
[0m07:23:32.925364 [debug] [ThreadPool]: On create_dev_main: COMMIT
[0m07:23:32.925615 [debug] [ThreadPool]: On create_dev_main_analytics: COMMIT
[0m07:23:32.925712 [debug] [ThreadPool]: Using duckdb connection "create_dev_main"
[0m07:23:32.925804 [debug] [ThreadPool]: Using duckdb connection "create_dev_main_analytics"
[0m07:23:32.925891 [debug] [ThreadPool]: On create_dev_main: COMMIT
[0m07:23:32.925976 [debug] [ThreadPool]: On create_dev_main_analytics: COMMIT
[0m07:23:32.926120 [debug] [ThreadPool]: SQL status: OK in 0.000 seconds
[0m07:23:32.926230 [debug] [ThreadPool]: SQL status: OK in 0.000 seconds
[0m07:23:32.926327 [debug] [ThreadPool]: On create_dev_main: Close
[0m07:23:32.926434 [debug] [ThreadPool]: On create_dev_main_analytics: Close
[0m07:23:32.927131 [debug] [ThreadPool]: Re-using an available connection from the pool (formerly create_dev_main_analytics, now list_dev_main_analytics)
[0m07:23:32.927276 [debug] [ThreadPool]: Re-using an available connection from the pool (formerly create_dev_main, now list_dev_main_raw_ingestion)
[0m07:23:32.927461 [debug] [ThreadPool]: Acquiring new duckdb connection 'list_dev_main'
[0m07:23:32.929286 [debug] [ThreadPool]: Using duckdb connection "list_dev_main_analytics"
[0m07:23:32.929960 [debug] [ThreadPool]: Using duckdb connection "list_dev_main_raw_ingestion"
[0m07:23:32.930596 [debug] [ThreadPool]: Using duckdb connection "list_dev_main"
[0m07:23:32.930703 [debug] [ThreadPool]: On list_dev_main_analytics: BEGIN
[0m07:23:32.930819 [debug] [ThreadPool]: On list_dev_main_raw_ingestion: BEGIN
[0m07:23:32.930928 [debug] [ThreadPool]: On list_dev_main: BEGIN
[0m07:23:32.931028 [debug] [ThreadPool]: Opening a new connection, currently in state closed
[0m07:23:32.931134 [debug] [ThreadPool]: Opening a new connection, currently in state closed
[0m07:23:32.931238 [debug] [ThreadPool]: Opening a new connection, currently in state init
[0m07:23:32.931437 [debug] [ThreadPool]: SQL status: OK in 0.000 seconds
[0m07:23:32.931535 [debug] [ThreadPool]: SQL status: OK in 0.000 seconds
[0m07:23:32.931662 [debug] [ThreadPool]: Using duckdb connection "list_dev_main_analytics"
[0m07:23:32.931762 [debug] [ThreadPool]: SQL status: OK in 0.001 seconds
[0m07:23:32.931857 [debug] [ThreadPool]: Using duckdb connection "list_dev_main_raw_ingestion"
[0m07:23:32.931964 [debug] [ThreadPool]: On list_dev_main_analytics: /* {"app": "dbt", "dbt_version": "1.11.7", "profile_name": "my_etl_project", "target_name": "dev", "connection_name": "list_dev_main_analytics"} */
select
      'dev' as database,
      table_name as name,
      table_schema as schema,
      CASE table_type
        WHEN 'BASE TABLE' THEN 'table'
        WHEN 'VIEW' THEN 'view'
        WHEN 'LOCAL TEMPORARY' THEN 'table'
        END as type
    from system.information_schema.tables
    where lower(table_schema) = 'main_analytics'
    and lower(table_catalog) = 'dev'
  
[0m07:23:32.932078 [debug] [ThreadPool]: Using duckdb connection "list_dev_main"
[0m07:23:32.932185 [debug] [ThreadPool]: On list_dev_main_raw_ingestion: /* {"app": "dbt", "dbt_version": "1.11.7", "profile_name": "my_etl_project", "target_name": "dev", "connection_name": "list_dev_main_raw_ingestion"} */
select
      'dev' as database,
      table_name as name,
      table_schema as schema,
      CASE table_type
        WHEN 'BASE TABLE' THEN 'table'
        WHEN 'VIEW' THEN 'view'
        WHEN 'LOCAL TEMPORARY' THEN 'table'
        END as type
    from system.information_schema.tables
    where lower(table_schema) = 'main_raw_ingestion'
    and lower(table_catalog) = 'dev'
  
[0m07:23:32.932347 [debug] [ThreadPool]: On list_dev_main: /* {"app": "dbt", "dbt_version": "1.11.7", "profile_name": "my_etl_project", "target_name": "dev", "connection_name": "list_dev_main"} */
select
      'dev' as database,
      table_name as name,
      table_schema as schema,
      CASE table_type
        WHEN 'BASE TABLE' THEN 'table'
        WHEN 'VIEW' THEN 'view'
        WHEN 'LOCAL TEMPORARY' THEN 'table'
        END as type
    from system.information_schema.tables
    where lower(table_schema) = 'main'
    and lower(table_catalog) = 'dev'
  
[0m07:23:32.934724 [debug] [ThreadPool]: SQL status: OK in 0.002 seconds
[0m07:23:32.934826 [debug] [ThreadPool]: SQL status: OK in 0.003 seconds
[0m07:23:32.934926 [debug] [ThreadPool]: SQL status: OK in 0.002 seconds
[0m07:23:32.935480 [debug] [ThreadPool]: On list_dev_main: ROLLBACK
[0m07:23:32.935810 [debug] [ThreadPool]: On list_dev_main_analytics: ROLLBACK
[0m07:23:32.936223 [debug] [ThreadPool]: On list_dev_main_raw_ingestion: ROLLBACK
[0m07:23:32.936808 [debug] [ThreadPool]: Failed to rollback 'list_dev_main_raw_ingestion'
[0m07:23:32.936965 [debug] [ThreadPool]: Failed to rollback 'list_dev_main_analytics'
[0m07:23:32.937103 [debug] [ThreadPool]: Failed to rollback 'list_dev_main'
[0m07:23:32.937204 [debug] [ThreadPool]: On list_dev_main_raw_ingestion: Close
[0m07:23:32.937301 [debug] [ThreadPool]: On list_dev_main_analytics: Close
[0m07:23:32.937404 [debug] [ThreadPool]: On list_dev_main: Close
[0m07:23:32.937957 [debug] [MainThread]: Sending event: {'category': 'dbt', 'action': 'runnable_timing', 'label': '13f0ca42-4fc9-4a1e-9043-e2a963ae28ad', 'context': [<snowplow_tracker.self_describing_json.SelfDescribingJson object at 0x10e971010>]}
[0m07:23:32.938143 [debug] [MainThread]: Using duckdb connection "master"
[0m07:23:32.938240 [debug] [MainThread]: On master: BEGIN
[0m07:23:32.938330 [debug] [MainThread]: Opening a new connection, currently in state init
[0m07:23:32.938479 [debug] [MainThread]: SQL status: OK in 0.000 seconds
[0m07:23:32.938581 [debug] [MainThread]: On master: COMMIT
[0m07:23:32.938672 [debug] [MainThread]: Using duckdb connection "master"
[0m07:23:32.938763 [debug] [MainThread]: On master: COMMIT
[0m07:23:32.938884 [debug] [MainThread]: SQL status: OK in 0.000 seconds
[0m07:23:32.938979 [debug] [MainThread]: On master: Close
[0m07:23:32.940042 [debug] [Thread-1 (]: Began running node model.my_etl_project.stg_customers
[0m07:23:32.940182 [debug] [Thread-2 (]: Began running node model.my_etl_project.stg_orders
[0m07:23:32.940562 [debug] [Thread-3 (]: Began running node model.my_etl_project.stg_products
[0m07:23:32.940357 [info ] [Thread-1 (]: 1 of 6 START sql view model main.stg_customers ................................. [RUN]
[0m07:23:32.940763 [info ] [Thread-2 (]: 2 of 6 START sql view model main.stg_orders .................................... [RUN]
[0m07:23:32.940942 [info ] [Thread-3 (]: 3 of 6 START sql view model main.stg_products .................................. [RUN]
[0m07:23:32.941105 [debug] [Thread-1 (]: Re-using an available connection from the pool (formerly list_dev_main_analytics, now model.my_etl_project.stg_customers)
[0m07:23:32.941243 [debug] [Thread-2 (]: Re-using an available connection from the pool (formerly list_dev_main_raw_ingestion, now model.my_etl_project.stg_orders)
[0m07:23:32.941385 [debug] [Thread-3 (]: Re-using an available connection from the pool (formerly list_dev_main, now model.my_etl_project.stg_products)
[0m07:23:32.941514 [debug] [Thread-1 (]: Began compiling node model.my_etl_project.stg_customers
[0m07:23:32.941633 [debug] [Thread-2 (]: Began compiling node model.my_etl_project.stg_orders
[0m07:23:32.941752 [debug] [Thread-3 (]: Began compiling node model.my_etl_project.stg_products
[0m07:23:32.944319 [debug] [Thread-1 (]: Writing injected SQL for node "model.my_etl_project.stg_customers"
[0m07:23:32.945261 [debug] [Thread-2 (]: Writing injected SQL for node "model.my_etl_project.stg_orders"
[0m07:23:32.946130 [debug] [Thread-3 (]: Writing injected SQL for node "model.my_etl_project.stg_products"
[0m07:23:32.946399 [debug] [Thread-2 (]: Began executing node model.my_etl_project.stg_orders
[0m07:23:32.946522 [debug] [Thread-1 (]: Began executing node model.my_etl_project.stg_customers
[0m07:23:32.946644 [debug] [Thread-3 (]: Began executing node model.my_etl_project.stg_products
[0m07:23:32.957815 [debug] [Thread-2 (]: Writing runtime sql for node "model.my_etl_project.stg_orders"
[0m07:23:32.959001 [debug] [Thread-1 (]: Writing runtime sql for node "model.my_etl_project.stg_customers"
[0m07:23:32.960017 [debug] [Thread-3 (]: Writing runtime sql for node "model.my_etl_project.stg_products"
[0m07:23:32.960366 [debug] [Thread-1 (]: Using duckdb connection "model.my_etl_project.stg_customers"
[0m07:23:32.960515 [debug] [Thread-3 (]: Using duckdb connection "model.my_etl_project.stg_products"
[0m07:23:32.960653 [debug] [Thread-2 (]: Using duckdb connection "model.my_etl_project.stg_orders"
[0m07:23:32.960781 [debug] [Thread-1 (]: On model.my_etl_project.stg_customers: BEGIN
[0m07:23:32.960906 [debug] [Thread-3 (]: On model.my_etl_project.stg_products: BEGIN
[0m07:23:32.961027 [debug] [Thread-2 (]: On model.my_etl_project.stg_orders: BEGIN
[0m07:23:32.961144 [debug] [Thread-1 (]: Opening a new connection, currently in state closed
[0m07:23:32.961259 [debug] [Thread-3 (]: Opening a new connection, currently in state closed
[0m07:23:32.961371 [debug] [Thread-2 (]: Opening a new connection, currently in state closed
[0m07:23:32.961682 [debug] [Thread-3 (]: SQL status: OK in 0.000 seconds
[0m07:23:32.961801 [debug] [Thread-1 (]: SQL status: OK in 0.001 seconds
[0m07:23:32.961912 [debug] [Thread-3 (]: Using duckdb connection "model.my_etl_project.stg_products"
[0m07:23:32.962039 [debug] [Thread-2 (]: SQL status: OK in 0.001 seconds
[0m07:23:32.962164 [debug] [Thread-1 (]: Using duckdb connection "model.my_etl_project.stg_customers"
[0m07:23:32.962293 [debug] [Thread-3 (]: On model.my_etl_project.stg_products: /* {"app": "dbt", "dbt_version": "1.11.7", "profile_name": "my_etl_project", "target_name": "dev", "node_id": "model.my_etl_project.stg_products"} */

  
  create view "dev"."main"."stg_products__dbt_tmp" as (
    -- models/staging/stg_products.sql
-- Materialization: view (inherited from dbt_project.yml staging config)
-- Purpose: Clean & standardize the product catalog

SELECT
    product_id,
    TRIM(product_name)                AS product_name,
    UPPER(TRIM(category))             AS category,
    CAST(price AS DECIMAL)            AS price_usd,
    UPPER(TRIM(currency))             AS currency

FROM "dev"."main_raw_ingestion"."raw_products"

WHERE product_id IS NOT NULL
  );

[0m07:23:32.962432 [debug] [Thread-2 (]: Using duckdb connection "model.my_etl_project.stg_orders"
[0m07:23:32.962569 [debug] [Thread-1 (]: On model.my_etl_project.stg_customers: /* {"app": "dbt", "dbt_version": "1.11.7", "profile_name": "my_etl_project", "target_name": "dev", "node_id": "model.my_etl_project.stg_customers"} */

  
  create view "dev"."main"."stg_customers__dbt_tmp" as (
    -- models/staging/stg_customers.sql
-- Materialization: view (inherited from dbt_project.yml staging config)
-- Purpose: Clean & standardize raw customer records

SELECT
    customer_id,
    TRIM(customer_name)  AS customer_name,
    UPPER(TRIM(region))  AS region,         -- Normalize region values
    UPPER(TRIM(segment)) AS segment,        -- Normalize: 'gold' → 'GOLD'
    LOWER(TRIM(email))   AS email,          -- Standardize email to lowercase
    country_code

FROM "dev"."main_raw_ingestion"."raw_customers"

WHERE customer_id IS NOT NULL
  );

[0m07:23:32.962768 [debug] [Thread-2 (]: On model.my_etl_project.stg_orders: /* {"app": "dbt", "dbt_version": "1.11.7", "profile_name": "my_etl_project", "target_name": "dev", "node_id": "model.my_etl_project.stg_orders"} */

  
  create view "dev"."main"."stg_orders__dbt_tmp" as (
    -- models/staging/stg_orders.sql
-- Materialization: view (inherited from dbt_project.yml staging config)
-- Purpose: Clean & standardize raw orders from the source layer

SELECT
    order_id,
    customer_id,
    UPPER(TRIM(status))             AS status,        -- Normalize: 'complete' → 'COMPLETE'
    CAST(amount AS DECIMAL)         AS amount,        -- Ensure numeric type
    CAST(order_date AS DATE)        AS order_date,    -- Ensure date type
    country_code,
    CAST(updated_at AS TIMESTAMP)   AS updated_at

FROM "dev"."main_raw_ingestion"."raw_orders"   -- References src_raw.yml → raw_ingestion.raw_orders

WHERE order_id IS NOT NULL               -- Basic data quality filter
  );

[0m07:23:32.962901 [debug] [Thread-3 (]: SQL status: OK in 0.000 seconds
[0m07:23:32.964980 [debug] [Thread-3 (]: Using duckdb connection "model.my_etl_project.stg_products"
[0m07:23:32.965121 [debug] [Thread-3 (]: On model.my_etl_project.stg_products: /* {"app": "dbt", "dbt_version": "1.11.7", "profile_name": "my_etl_project", "target_name": "dev", "node_id": "model.my_etl_project.stg_products"} */
alter view "dev"."main"."stg_products__dbt_tmp" rename to "stg_products"
[0m07:23:32.965236 [debug] [Thread-1 (]: SQL status: OK in 0.002 seconds
[0m07:23:32.965352 [debug] [Thread-2 (]: SQL status: OK in 0.002 seconds
[0m07:23:32.966387 [debug] [Thread-1 (]: Using duckdb connection "model.my_etl_project.stg_customers"
[0m07:23:32.967328 [debug] [Thread-2 (]: Using duckdb connection "model.my_etl_project.stg_orders"
[0m07:23:32.967459 [debug] [Thread-3 (]: SQL status: OK in 0.002 seconds
[0m07:23:32.967584 [debug] [Thread-1 (]: On model.my_etl_project.stg_customers: /* {"app": "dbt", "dbt_version": "1.11.7", "profile_name": "my_etl_project", "target_name": "dev", "node_id": "model.my_etl_project.stg_customers"} */
alter view "dev"."main"."stg_customers__dbt_tmp" rename to "stg_customers"
[0m07:23:32.967716 [debug] [Thread-2 (]: On model.my_etl_project.stg_orders: /* {"app": "dbt", "dbt_version": "1.11.7", "profile_name": "my_etl_project", "target_name": "dev", "node_id": "model.my_etl_project.stg_orders"} */
alter view "dev"."main"."stg_orders__dbt_tmp" rename to "stg_orders"
[0m07:23:32.970880 [debug] [Thread-3 (]: On model.my_etl_project.stg_products: COMMIT
[0m07:23:32.971156 [debug] [Thread-1 (]: SQL status: OK in 0.000 seconds
[0m07:23:32.971278 [debug] [Thread-3 (]: Using duckdb connection "model.my_etl_project.stg_products"
[0m07:23:32.971400 [debug] [Thread-2 (]: SQL status: OK in 0.000 seconds
[0m07:23:32.971783 [debug] [Thread-1 (]: On model.my_etl_project.stg_customers: COMMIT
[0m07:23:32.971979 [debug] [Thread-3 (]: On model.my_etl_project.stg_products: COMMIT
[0m07:23:32.972354 [debug] [Thread-2 (]: On model.my_etl_project.stg_orders: COMMIT
[0m07:23:32.972484 [debug] [Thread-1 (]: Using duckdb connection "model.my_etl_project.stg_customers"
[0m07:23:32.972652 [debug] [Thread-2 (]: Using duckdb connection "model.my_etl_project.stg_orders"
[0m07:23:32.972793 [debug] [Thread-1 (]: On model.my_etl_project.stg_customers: COMMIT
[0m07:23:32.972914 [debug] [Thread-3 (]: SQL status: OK in 0.000 seconds
[0m07:23:32.973026 [debug] [Thread-2 (]: On model.my_etl_project.stg_orders: COMMIT
[0m07:23:32.974879 [debug] [Thread-3 (]: Using duckdb connection "model.my_etl_project.stg_products"
[0m07:23:32.975009 [debug] [Thread-1 (]: SQL status: OK in 0.002 seconds
[0m07:23:32.975172 [debug] [Thread-3 (]: On model.my_etl_project.stg_products: /* {"app": "dbt", "dbt_version": "1.11.7", "profile_name": "my_etl_project", "target_name": "dev", "node_id": "model.my_etl_project.stg_products"} */

      drop view if exists "dev"."main"."stg_products__dbt_backup" cascade
    
[0m07:23:32.975296 [debug] [Thread-2 (]: SQL status: OK in 0.000 seconds
[0m07:23:32.976125 [debug] [Thread-1 (]: Using duckdb connection "model.my_etl_project.stg_customers"
[0m07:23:32.976966 [debug] [Thread-2 (]: Using duckdb connection "model.my_etl_project.stg_orders"
[0m07:23:32.977092 [debug] [Thread-1 (]: On model.my_etl_project.stg_customers: /* {"app": "dbt", "dbt_version": "1.11.7", "profile_name": "my_etl_project", "target_name": "dev", "node_id": "model.my_etl_project.stg_customers"} */

      drop view if exists "dev"."main"."stg_customers__dbt_backup" cascade
    
[0m07:23:32.977208 [debug] [Thread-3 (]: SQL status: OK in 0.001 seconds
[0m07:23:32.977339 [debug] [Thread-2 (]: On model.my_etl_project.stg_orders: /* {"app": "dbt", "dbt_version": "1.11.7", "profile_name": "my_etl_project", "target_name": "dev", "node_id": "model.my_etl_project.stg_orders"} */

      drop view if exists "dev"."main"."stg_orders__dbt_backup" cascade
    
[0m07:23:32.978194 [debug] [Thread-3 (]: On model.my_etl_project.stg_products: Close
[0m07:23:32.978352 [debug] [Thread-1 (]: SQL status: OK in 0.001 seconds
[0m07:23:32.978484 [debug] [Thread-2 (]: SQL status: OK in 0.000 seconds
[0m07:23:32.979110 [debug] [Thread-1 (]: On model.my_etl_project.stg_customers: Close
[0m07:23:32.979735 [debug] [Thread-2 (]: On model.my_etl_project.stg_orders: Close
[0m07:23:32.980128 [debug] [Thread-3 (]: Sending event: {'category': 'dbt', 'action': 'run_model', 'label': '13f0ca42-4fc9-4a1e-9043-e2a963ae28ad', 'context': [<snowplow_tracker.self_describing_json.SelfDescribingJson object at 0x10e992750>]}
[0m07:23:32.980247 [debug] [Thread-1 (]: Sending event: {'category': 'dbt', 'action': 'run_model', 'label': '13f0ca42-4fc9-4a1e-9043-e2a963ae28ad', 'context': [<snowplow_tracker.self_describing_json.SelfDescribingJson object at 0x10ef30390>]}
[0m07:23:32.980373 [debug] [Thread-2 (]: Sending event: {'category': 'dbt', 'action': 'run_model', 'label': '13f0ca42-4fc9-4a1e-9043-e2a963ae28ad', 'context': [<snowplow_tracker.self_describing_json.SelfDescribingJson object at 0x10e96a110>]}
[0m07:23:32.980601 [info ] [Thread-3 (]: 3 of 6 OK created sql view model main.stg_products ............................. [[32mOK[0m in 0.04s]
[0m07:23:32.980820 [info ] [Thread-1 (]: 1 of 6 OK created sql view model main.stg_customers ............................ [[32mOK[0m in 0.04s]
[0m07:23:32.981035 [info ] [Thread-2 (]: 2 of 6 OK created sql view model main.stg_orders ............................... [[32mOK[0m in 0.04s]
[0m07:23:32.981249 [debug] [Thread-3 (]: Finished running node model.my_etl_project.stg_products
[0m07:23:32.981421 [debug] [Thread-1 (]: Finished running node model.my_etl_project.stg_customers
[0m07:23:32.981611 [debug] [Thread-2 (]: Finished running node model.my_etl_project.stg_orders
[0m07:23:32.981961 [debug] [Thread-4 (]: Began running node model.my_etl_project.fct_sales_incremental
[0m07:23:32.982084 [debug] [Thread-3 (]: Began running node model.my_etl_project.int_orders_cleaned
[0m07:23:32.982268 [info ] [Thread-4 (]: 4 of 6 START sql incremental model main_analytics.fct_sales_incremental ........ [RUN]
[0m07:23:32.982422 [debug] [Thread-3 (]: Re-using an available connection from the pool (formerly model.my_etl_project.stg_products, now model.my_etl_project.int_orders_cleaned)
[0m07:23:32.982586 [debug] [Thread-4 (]: Acquiring new duckdb connection 'model.my_etl_project.fct_sales_incremental'
[0m07:23:32.982719 [debug] [Thread-3 (]: Began compiling node model.my_etl_project.int_orders_cleaned
[0m07:23:32.982835 [debug] [Thread-4 (]: Began compiling node model.my_etl_project.fct_sales_incremental
[0m07:23:32.984709 [debug] [Thread-3 (]: Writing injected SQL for node "model.my_etl_project.int_orders_cleaned"
[0m07:23:32.985978 [debug] [Thread-4 (]: Writing injected SQL for node "model.my_etl_project.fct_sales_incremental"
[0m07:23:32.986322 [debug] [Thread-4 (]: Began executing node model.my_etl_project.fct_sales_incremental
[0m07:23:32.986529 [debug] [Thread-3 (]: Finished running node model.my_etl_project.int_orders_cleaned
[0m07:23:33.002073 [debug] [Thread-4 (]: Writing runtime sql for node "model.my_etl_project.fct_sales_incremental"
[0m07:23:33.002368 [debug] [Thread-2 (]: Began running node model.my_etl_project.int_orders_customers
[0m07:23:33.002603 [info ] [Thread-2 (]: 5 of 6 START sql view model main.int_orders_customers .......................... [RUN]
[0m07:23:33.002844 [debug] [Thread-2 (]: Re-using an available connection from the pool (formerly model.my_etl_project.stg_orders, now model.my_etl_project.int_orders_customers)
[0m07:23:33.002993 [debug] [Thread-2 (]: Began compiling node model.my_etl_project.int_orders_customers
[0m07:23:33.005275 [debug] [Thread-2 (]: Writing injected SQL for node "model.my_etl_project.int_orders_customers"
[0m07:23:33.005462 [debug] [Thread-4 (]: Using duckdb connection "model.my_etl_project.fct_sales_incremental"
[0m07:23:33.005589 [debug] [Thread-4 (]: On model.my_etl_project.fct_sales_incremental: BEGIN
[0m07:23:33.005694 [debug] [Thread-4 (]: Opening a new connection, currently in state init
[0m07:23:33.005914 [debug] [Thread-2 (]: Began executing node model.my_etl_project.int_orders_customers
[0m07:23:33.007180 [debug] [Thread-2 (]: Writing runtime sql for node "model.my_etl_project.int_orders_customers"
[0m07:23:33.007359 [debug] [Thread-4 (]: SQL status: OK in 0.002 seconds
[0m07:23:33.007479 [debug] [Thread-4 (]: Using duckdb connection "model.my_etl_project.fct_sales_incremental"
[0m07:23:33.007597 [debug] [Thread-4 (]: On model.my_etl_project.fct_sales_incremental: /* {"app": "dbt", "dbt_version": "1.11.7", "profile_name": "my_etl_project", "target_name": "dev", "node_id": "model.my_etl_project.fct_sales_incremental"} */

  
    
    

    create  table
      "dev"."main_analytics"."fct_sales_incremental"
  
    as (
      

SELECT
    order_id,
    customer_id,
    amount,
    status,
    order_date,
    country_code,
    updated_at,
    CURRENT_TIMESTAMP AS dbt_loaded_at

FROM "dev"."main"."stg_orders"


    );
  
  
  
[0m07:23:33.007810 [debug] [Thread-2 (]: Using duckdb connection "model.my_etl_project.int_orders_customers"
[0m07:23:33.007947 [debug] [Thread-2 (]: On model.my_etl_project.int_orders_customers: BEGIN
[0m07:23:33.008119 [debug] [Thread-2 (]: Opening a new connection, currently in state closed
[0m07:23:33.008389 [debug] [Thread-2 (]: SQL status: OK in 0.000 seconds
[0m07:23:33.008550 [debug] [Thread-2 (]: Using duckdb connection "model.my_etl_project.int_orders_customers"
[0m07:23:33.008690 [debug] [Thread-2 (]: On model.my_etl_project.int_orders_customers: /* {"app": "dbt", "dbt_version": "1.11.7", "profile_name": "my_etl_project", "target_name": "dev", "node_id": "model.my_etl_project.int_orders_customers"} */

  
  create view "dev"."main"."int_orders_customers__dbt_tmp" as (
    with __dbt__cte__int_orders_cleaned as (
-- models/intermediate/int_orders_cleaned.sql
-- Materialization: EPHEMERAL — becomes a CTE inside models that ref() this.
-- No table or view is created in the warehouse.
-- Purpose: Handle null/negative amounts and remove junk rows.



SELECT
    order_id,
    customer_id,
    CASE
        WHEN amount < 0     THEN 0      -- Negative amounts → treat as 0
        WHEN amount IS NULL THEN 0      -- Null amounts → treat as 0
        ELSE amount
    END                 AS amount_safe,
    status,
    order_date,
    country_code,
    updated_at

FROM "dev"."main"."stg_orders"

WHERE order_id IS NOT NULL
) -- models/intermediate/int_orders_customers.sql
-- Materialization: view (inherited from dbt_project.yml intermediate config)
-- Purpose: Enrich orders with customer dimension data.
-- dbt knows to run stg_orders and stg_customers BEFORE this model (via ref()).

SELECT
    o.order_id,
    o.amount_safe                   AS amount,
    o.status,
    o.order_date,
    o.country_code,
    o.updated_at,
    c.customer_id,
    c.customer_name,
    c.region,
    c.segment

FROM __dbt__cte__int_orders_cleaned  AS o   -- Ephemeral: inlines as CTE
JOIN "dev"."main"."stg_customers"       AS c
    ON o.customer_id = c.customer_id
  );

[0m07:23:33.009281 [debug] [Thread-2 (]: SQL status: OK in 0.000 seconds
[0m07:23:33.010361 [debug] [Thread-2 (]: Using duckdb connection "model.my_etl_project.int_orders_customers"
[0m07:23:33.010491 [debug] [Thread-2 (]: On model.my_etl_project.int_orders_customers: /* {"app": "dbt", "dbt_version": "1.11.7", "profile_name": "my_etl_project", "target_name": "dev", "node_id": "model.my_etl_project.int_orders_customers"} */
alter view "dev"."main"."int_orders_customers__dbt_tmp" rename to "int_orders_customers"
[0m07:23:33.010687 [debug] [Thread-2 (]: SQL status: OK in 0.000 seconds
[0m07:23:33.011062 [debug] [Thread-2 (]: On model.my_etl_project.int_orders_customers: COMMIT
[0m07:23:33.011183 [debug] [Thread-2 (]: Using duckdb connection "model.my_etl_project.int_orders_customers"
[0m07:23:33.011298 [debug] [Thread-2 (]: On model.my_etl_project.int_orders_customers: COMMIT
[0m07:23:33.011501 [debug] [Thread-2 (]: SQL status: OK in 0.000 seconds
[0m07:23:33.012274 [debug] [Thread-2 (]: Using duckdb connection "model.my_etl_project.int_orders_customers"
[0m07:23:33.012396 [debug] [Thread-2 (]: On model.my_etl_project.int_orders_customers: /* {"app": "dbt", "dbt_version": "1.11.7", "profile_name": "my_etl_project", "target_name": "dev", "node_id": "model.my_etl_project.int_orders_customers"} */

      drop view if exists "dev"."main"."int_orders_customers__dbt_backup" cascade
    
[0m07:23:33.012560 [debug] [Thread-2 (]: SQL status: OK in 0.000 seconds
[0m07:23:33.012944 [debug] [Thread-2 (]: On model.my_etl_project.int_orders_customers: Close
[0m07:23:33.013161 [debug] [Thread-2 (]: Sending event: {'category': 'dbt', 'action': 'run_model', 'label': '13f0ca42-4fc9-4a1e-9043-e2a963ae28ad', 'context': [<snowplow_tracker.self_describing_json.SelfDescribingJson object at 0x10ee99210>]}
[0m07:23:33.013419 [info ] [Thread-2 (]: 5 of 6 OK created sql view model main.int_orders_customers ..................... [[32mOK[0m in 0.01s]
[0m07:23:33.013571 [debug] [Thread-4 (]: SQL status: OK in 0.006 seconds
[0m07:23:33.013755 [debug] [Thread-2 (]: Finished running node model.my_etl_project.int_orders_customers
[0m07:23:33.015302 [debug] [Thread-4 (]: On model.my_etl_project.fct_sales_incremental: COMMIT
[0m07:23:33.015543 [debug] [Thread-4 (]: Using duckdb connection "model.my_etl_project.fct_sales_incremental"
[0m07:23:33.015672 [debug] [Thread-3 (]: Began running node model.my_etl_project.fct_sales
[0m07:23:33.015796 [debug] [Thread-4 (]: On model.my_etl_project.fct_sales_incremental: COMMIT
[0m07:23:33.015967 [info ] [Thread-3 (]: 6 of 6 START sql table model main_analytics.fct_sales .......................... [RUN]
[0m07:23:33.016159 [debug] [Thread-3 (]: Re-using an available connection from the pool (formerly model.my_etl_project.int_orders_cleaned, now model.my_etl_project.fct_sales)
[0m07:23:33.016310 [debug] [Thread-3 (]: Began compiling node model.my_etl_project.fct_sales
[0m07:23:33.017769 [debug] [Thread-3 (]: Writing injected SQL for node "model.my_etl_project.fct_sales"
[0m07:23:33.017902 [debug] [Thread-4 (]: SQL status: OK in 0.002 seconds
[0m07:23:33.018183 [debug] [Thread-4 (]: On model.my_etl_project.fct_sales_incremental: Close
[0m07:23:33.018382 [debug] [Thread-4 (]: Sending event: {'category': 'dbt', 'action': 'run_model', 'label': '13f0ca42-4fc9-4a1e-9043-e2a963ae28ad', 'context': [<snowplow_tracker.self_describing_json.SelfDescribingJson object at 0x10ef63010>]}
[0m07:23:33.018515 [debug] [Thread-3 (]: Began executing node model.my_etl_project.fct_sales
[0m07:23:33.018715 [info ] [Thread-4 (]: 4 of 6 OK created sql incremental model main_analytics.fct_sales_incremental ... [[32mOK[0m in 0.04s]
[0m07:23:33.024141 [debug] [Thread-3 (]: Writing runtime sql for node "model.my_etl_project.fct_sales"
[0m07:23:33.024376 [debug] [Thread-4 (]: Finished running node model.my_etl_project.fct_sales_incremental
[0m07:23:33.024692 [debug] [Thread-3 (]: Using duckdb connection "model.my_etl_project.fct_sales"
[0m07:23:33.024827 [debug] [Thread-3 (]: On model.my_etl_project.fct_sales: BEGIN
[0m07:23:33.024944 [debug] [Thread-3 (]: Opening a new connection, currently in state closed
[0m07:23:33.025177 [debug] [Thread-3 (]: SQL status: OK in 0.000 seconds
[0m07:23:33.025293 [debug] [Thread-3 (]: Using duckdb connection "model.my_etl_project.fct_sales"
[0m07:23:33.025428 [debug] [Thread-3 (]: On model.my_etl_project.fct_sales: /* {"app": "dbt", "dbt_version": "1.11.7", "profile_name": "my_etl_project", "target_name": "dev", "node_id": "model.my_etl_project.fct_sales"} */

  
    
    

    create  table
      "dev"."main_analytics"."fct_sales__dbt_tmp"
  
    as (
      -- models/marts/fct_sales.sql
-- Materialization: TABLE in the 'analytics' schema (from dbt_project.yml)
-- Purpose: Final sales fact table for BI tools and dashboards.
-- Tagged 'daily' and 'sales' for selective scheduling.



SELECT
    o.order_id,
    o.customer_id,
    o.customer_name,
    o.region,
    o.segment,
    o.status,
    o.amount,
    
    (o.amount / 100.0)
   AS amount_dollars, -- macro usage
    o.order_date,
    o.country_code,
    cc.country_name,
    cc.region                            AS country_region,
    o.updated_at,
    CURRENT_TIMESTAMP                    AS dbt_loaded_at   -- audit column

FROM "dev"."main"."int_orders_customers"   AS o

LEFT JOIN "dev"."main_raw_ingestion"."country_codes"     AS cc
    ON o.country_code = cc.country_code

WHERE o.status = 'COMPLETE'    -- Fact table: only completed orders
    );
  
  
[0m07:23:33.031099 [debug] [Thread-3 (]: SQL status: OK in 0.006 seconds
[0m07:23:33.032279 [debug] [Thread-3 (]: Using duckdb connection "model.my_etl_project.fct_sales"
[0m07:23:33.032415 [debug] [Thread-3 (]: On model.my_etl_project.fct_sales: /* {"app": "dbt", "dbt_version": "1.11.7", "profile_name": "my_etl_project", "target_name": "dev", "node_id": "model.my_etl_project.fct_sales"} */
alter table "dev"."main_analytics"."fct_sales__dbt_tmp" rename to "fct_sales"
[0m07:23:33.032634 [debug] [Thread-3 (]: SQL status: OK in 0.000 seconds
[0m07:23:33.033018 [debug] [Thread-3 (]: On model.my_etl_project.fct_sales: COMMIT
[0m07:23:33.033127 [debug] [Thread-3 (]: Using duckdb connection "model.my_etl_project.fct_sales"
[0m07:23:33.033227 [debug] [Thread-3 (]: On model.my_etl_project.fct_sales: COMMIT
[0m07:23:33.033473 [debug] [Thread-3 (]: SQL status: OK in 0.000 seconds
[0m07:23:33.034240 [debug] [Thread-3 (]: Using duckdb connection "model.my_etl_project.fct_sales"
[0m07:23:33.034360 [debug] [Thread-3 (]: On model.my_etl_project.fct_sales: /* {"app": "dbt", "dbt_version": "1.11.7", "profile_name": "my_etl_project", "target_name": "dev", "node_id": "model.my_etl_project.fct_sales"} */

      drop table if exists "dev"."main_analytics"."fct_sales__dbt_backup" cascade
    
[0m07:23:33.034526 [debug] [Thread-3 (]: SQL status: OK in 0.000 seconds
[0m07:23:33.034909 [debug] [Thread-3 (]: On model.my_etl_project.fct_sales: Close
[0m07:23:33.035094 [debug] [Thread-3 (]: Sending event: {'category': 'dbt', 'action': 'run_model', 'label': '13f0ca42-4fc9-4a1e-9043-e2a963ae28ad', 'context': [<snowplow_tracker.self_describing_json.SelfDescribingJson object at 0x10eb6b390>]}
[0m07:23:33.035317 [info ] [Thread-3 (]: 6 of 6 OK created sql table model main_analytics.fct_sales ..................... [[32mOK[0m in 0.02s]
[0m07:23:33.035512 [debug] [Thread-3 (]: Finished running node model.my_etl_project.fct_sales
[0m07:23:33.036001 [debug] [MainThread]: Using duckdb connection "master"
[0m07:23:33.036119 [debug] [MainThread]: On master: BEGIN
[0m07:23:33.036210 [debug] [MainThread]: Opening a new connection, currently in state closed
[0m07:23:33.036371 [debug] [MainThread]: SQL status: OK in 0.000 seconds
[0m07:23:33.036468 [debug] [MainThread]: On master: COMMIT
[0m07:23:33.036563 [debug] [MainThread]: Using duckdb connection "master"
[0m07:23:33.036654 [debug] [MainThread]: On master: COMMIT
[0m07:23:33.036815 [debug] [MainThread]: SQL status: OK in 0.000 seconds
[0m07:23:33.036949 [debug] [MainThread]: On master: Close
[0m07:23:33.037090 [debug] [MainThread]: Connection 'master' was properly closed.
[0m07:23:33.037182 [debug] [MainThread]: Connection 'model.my_etl_project.stg_customers' was properly closed.
[0m07:23:33.037261 [debug] [MainThread]: Connection 'model.my_etl_project.int_orders_customers' was properly closed.
[0m07:23:33.037336 [debug] [MainThread]: Connection 'model.my_etl_project.fct_sales' was properly closed.
[0m07:23:33.037410 [debug] [MainThread]: Connection 'model.my_etl_project.fct_sales_incremental' was properly closed.
[0m07:23:33.037527 [info ] [MainThread]: 
[0m07:23:33.037640 [info ] [MainThread]: Finished running 1 incremental model, 1 table model, 4 view models in 0 hours 0 minutes and 0.16 seconds (0.16s).
[0m07:23:33.038042 [debug] [MainThread]: Command end result
[0m07:23:33.075973 [debug] [MainThread]: Wrote artifact WritableManifest to /Users/aviraljain/Downloads/python advanced/my_etl_project/target/manifest.json
[0m07:23:33.076763 [debug] [MainThread]: Wrote artifact SemanticManifest to /Users/aviraljain/Downloads/python advanced/my_etl_project/target/semantic_manifest.json
[0m07:23:33.078962 [debug] [MainThread]: Wrote artifact RunExecutionResult to /Users/aviraljain/Downloads/python advanced/my_etl_project/target/run_results.json
[0m07:23:33.079075 [info ] [MainThread]: 
[0m07:23:33.079220 [info ] [MainThread]: [32mCompleted successfully[0m
[0m07:23:33.079339 [info ] [MainThread]: 
[0m07:23:33.079455 [info ] [MainThread]: Done. PASS=6 WARN=0 ERROR=0 SKIP=0 NO-OP=0 TOTAL=6
[0m07:23:33.079661 [warn ] [MainThread]: [[33mWARNING[0m][DeprecationsSummary]: Deprecated functionality
Summary of encountered deprecations:
- MissingArgumentsPropertyInGenericTestDeprecation: 4 occurrences
To see all deprecation instances instead of just the first occurrence of each,
run command again with the `--show-all-deprecations` flag. You may also need to
run with `--no-partial-parse` as some deprecations are only encountered during
parsing.
[0m07:23:33.082072 [debug] [MainThread]: Resource report: {"command_name": "run", "command_success": true, "command_wall_clock_time": 0.8055535, "process_in_blocks": "0", "process_kernel_time": 0.186766, "process_mem_max_rss": "169066496", "process_out_blocks": "0", "process_user_time": 1.09678}
[0m07:23:33.082261 [debug] [MainThread]: Command `dbt run` succeeded at 07:23:33.082229 after 0.81 seconds
[0m07:23:33.082406 [debug] [MainThread]: Sending event: {'category': 'dbt', 'action': 'invocation', 'label': 'end', 'context': [<snowplow_tracker.self_describing_json.SelfDescribingJson object at 0x104dcf090>, <snowplow_tracker.self_describing_json.SelfDescribingJson object at 0x104db6310>, <snowplow_tracker.self_describing_json.SelfDescribingJson object at 0x109e6f7d0>]}
[0m07:23:33.082541 [debug] [MainThread]: Flushing usage events
[0m07:23:34.600503 [debug] [MainThread]: An error was encountered while trying to flush usage events
[0m07:23:46.392269 [debug] [MainThread]: Sending event: {'category': 'dbt', 'action': 'invocation', 'label': 'start', 'context': [<snowplow_tracker.self_describing_json.SelfDescribingJson object at 0x10b4cb850>, <snowplow_tracker.self_describing_json.SelfDescribingJson object at 0x10b4cb5d0>, <snowplow_tracker.self_describing_json.SelfDescribingJson object at 0x10b54ea90>]}


============================== 07:23:46.393797 | 29f1411e-f01d-4a77-b907-e97046528559 ==============================
[0m07:23:46.393797 [info ] [MainThread]: Running with dbt=1.11.7
[0m07:23:46.394053 [debug] [MainThread]: running dbt with arguments {'warn_error_options': 'WarnErrorOptionsV2(error=[], warn=[], silence=[])', 'introspect': 'True', 'target_path': 'None', 'version_check': 'True', 'invocation_command': 'dbt test', 'send_anonymous_usage_stats': 'True', 'partial_parse': 'True', 'no_print': 'None', 'use_colors': 'True', 'indirect_selection': 'eager', 'empty': 'None', 'cache_selected_only': 'False', 'debug': 'False', 'warn_error': 'None', 'profiles_dir': '.', 'quiet': 'False', 'log_path': '/Users/aviraljain/Downloads/python advanced/my_etl_project/logs', 'use_experimental_parser': 'False', 'write_json': 'True', 'static_parser': 'True', 'log_cache_events': 'False', 'printer_width': '80', 'fail_fast': 'False', 'log_format': 'default'}
[0m07:23:46.464692 [debug] [MainThread]: Sending event: {'category': 'dbt', 'action': 'project_id', 'label': '29f1411e-f01d-4a77-b907-e97046528559', 'context': [<snowplow_tracker.self_describing_json.SelfDescribingJson object at 0x10b58d9d0>]}
[0m07:23:46.484985 [debug] [MainThread]: Sending event: {'category': 'dbt', 'action': 'adapter_info', 'label': '29f1411e-f01d-4a77-b907-e97046528559', 'context': [<snowplow_tracker.self_describing_json.SelfDescribingJson object at 0x108767e90>]}
[0m07:23:46.485877 [info ] [MainThread]: Registered adapter: duckdb=1.10.1
[0m07:23:46.528342 [debug] [MainThread]: checksum: b80718358155fc17c3559352095564dd56ada1cc1a1c0ef2e62c857e71583775, vars: {}, profile: , target: , version: 1.11.7
[0m07:23:46.578618 [debug] [MainThread]: Partial parsing enabled: 0 files deleted, 0 files added, 0 files changed.
[0m07:23:46.578821 [debug] [MainThread]: Nothing changed, skipping partial parsing.
[0m07:23:46.578921 [debug] [MainThread]: Partial parsing enabled, no changes found, skipping parsing
[0m07:23:46.600001 [debug] [MainThread]: Sending event: {'category': 'dbt', 'action': 'load_project', 'label': '29f1411e-f01d-4a77-b907-e97046528559', 'context': [<snowplow_tracker.self_describing_json.SelfDescribingJson object at 0x10b93f990>]}
[0m07:23:46.657347 [debug] [MainThread]: Wrote artifact WritableManifest to /Users/aviraljain/Downloads/python advanced/my_etl_project/target/manifest.json
[0m07:23:46.658137 [debug] [MainThread]: Wrote artifact SemanticManifest to /Users/aviraljain/Downloads/python advanced/my_etl_project/target/semantic_manifest.json
[0m07:23:46.667741 [debug] [MainThread]: Sending event: {'category': 'dbt', 'action': 'resource_counts', 'label': '29f1411e-f01d-4a77-b907-e97046528559', 'context': [<snowplow_tracker.self_describing_json.SelfDescribingJson object at 0x10b4f7610>]}
[0m07:23:46.667941 [info ] [MainThread]: Found 4 seeds, 7 models, 37 data tests, 3 sources, 476 macros
[0m07:23:46.668076 [debug] [MainThread]: Sending event: {'category': 'dbt', 'action': 'runnable_timing', 'label': '29f1411e-f01d-4a77-b907-e97046528559', 'context': [<snowplow_tracker.self_describing_json.SelfDescribingJson object at 0x10b6562d0>]}
[0m07:23:46.669365 [info ] [MainThread]: 
[0m07:23:46.669485 [info ] [MainThread]: Concurrency: 4 threads (target='dev')
[0m07:23:46.669584 [info ] [MainThread]: 
[0m07:23:46.669768 [debug] [MainThread]: Acquiring new duckdb connection 'master'
[0m07:23:46.671606 [debug] [ThreadPool]: Acquiring new duckdb connection 'list_dev_main_raw_ingestion'
[0m07:23:46.671788 [debug] [ThreadPool]: Acquiring new duckdb connection 'list_dev_main_analytics'
[0m07:23:46.676435 [debug] [ThreadPool]: Acquiring new duckdb connection 'list_dev_main'
[0m07:23:46.691856 [debug] [ThreadPool]: Using duckdb connection "list_dev_main_raw_ingestion"
[0m07:23:46.692012 [debug] [ThreadPool]: Using duckdb connection "list_dev_main_analytics"
[0m07:23:46.692129 [debug] [ThreadPool]: Using duckdb connection "list_dev_main"
[0m07:23:46.692224 [debug] [ThreadPool]: On list_dev_main_raw_ingestion: BEGIN
[0m07:23:46.692321 [debug] [ThreadPool]: On list_dev_main_analytics: BEGIN
[0m07:23:46.692412 [debug] [ThreadPool]: On list_dev_main: BEGIN
[0m07:23:46.692499 [debug] [ThreadPool]: Opening a new connection, currently in state init
[0m07:23:46.692591 [debug] [ThreadPool]: Opening a new connection, currently in state init
[0m07:23:46.692683 [debug] [ThreadPool]: Opening a new connection, currently in state init
[0m07:23:46.697485 [debug] [ThreadPool]: SQL status: OK in 0.005 seconds
[0m07:23:46.697607 [debug] [ThreadPool]: SQL status: OK in 0.005 seconds
[0m07:23:46.697746 [debug] [ThreadPool]: SQL status: OK in 0.005 seconds
[0m07:23:46.697849 [debug] [ThreadPool]: Using duckdb connection "list_dev_main_raw_ingestion"
[0m07:23:46.697968 [debug] [ThreadPool]: Using duckdb connection "list_dev_main_analytics"
[0m07:23:46.698081 [debug] [ThreadPool]: Using duckdb connection "list_dev_main"
[0m07:23:46.698194 [debug] [ThreadPool]: On list_dev_main_raw_ingestion: /* {"app": "dbt", "dbt_version": "1.11.7", "profile_name": "my_etl_project", "target_name": "dev", "connection_name": "list_dev_main_raw_ingestion"} */
select
      'dev' as database,
      table_name as name,
      table_schema as schema,
      CASE table_type
        WHEN 'BASE TABLE' THEN 'table'
        WHEN 'VIEW' THEN 'view'
        WHEN 'LOCAL TEMPORARY' THEN 'table'
        END as type
    from system.information_schema.tables
    where lower(table_schema) = 'main_raw_ingestion'
    and lower(table_catalog) = 'dev'
  
[0m07:23:46.698324 [debug] [ThreadPool]: On list_dev_main_analytics: /* {"app": "dbt", "dbt_version": "1.11.7", "profile_name": "my_etl_project", "target_name": "dev", "connection_name": "list_dev_main_analytics"} */
select
      'dev' as database,
      table_name as name,
      table_schema as schema,
      CASE table_type
        WHEN 'BASE TABLE' THEN 'table'
        WHEN 'VIEW' THEN 'view'
        WHEN 'LOCAL TEMPORARY' THEN 'table'
        END as type
    from system.information_schema.tables
    where lower(table_schema) = 'main_analytics'
    and lower(table_catalog) = 'dev'
  
[0m07:23:46.698449 [debug] [ThreadPool]: On list_dev_main: /* {"app": "dbt", "dbt_version": "1.11.7", "profile_name": "my_etl_project", "target_name": "dev", "connection_name": "list_dev_main"} */
select
      'dev' as database,
      table_name as name,
      table_schema as schema,
      CASE table_type
        WHEN 'BASE TABLE' THEN 'table'
        WHEN 'VIEW' THEN 'view'
        WHEN 'LOCAL TEMPORARY' THEN 'table'
        END as type
    from system.information_schema.tables
    where lower(table_schema) = 'main'
    and lower(table_catalog) = 'dev'
  
[0m07:23:46.700283 [debug] [ThreadPool]: SQL status: OK in 0.002 seconds
[0m07:23:46.700409 [debug] [ThreadPool]: SQL status: OK in 0.002 seconds
[0m07:23:46.700516 [debug] [ThreadPool]: SQL status: OK in 0.002 seconds
[0m07:23:46.701072 [debug] [ThreadPool]: On list_dev_main_raw_ingestion: ROLLBACK
[0m07:23:46.701496 [debug] [ThreadPool]: On list_dev_main: ROLLBACK
[0m07:23:46.701861 [debug] [ThreadPool]: On list_dev_main_analytics: ROLLBACK
[0m07:23:46.702184 [debug] [ThreadPool]: Failed to rollback 'list_dev_main_raw_ingestion'
[0m07:23:46.702366 [debug] [ThreadPool]: Failed to rollback 'list_dev_main'
[0m07:23:46.702503 [debug] [ThreadPool]: Failed to rollback 'list_dev_main_analytics'
[0m07:23:46.702614 [debug] [ThreadPool]: On list_dev_main_raw_ingestion: Close
[0m07:23:46.702726 [debug] [ThreadPool]: On list_dev_main: Close
[0m07:23:46.702827 [debug] [ThreadPool]: On list_dev_main_analytics: Close
[0m07:23:46.703674 [debug] [MainThread]: Sending event: {'category': 'dbt', 'action': 'runnable_timing', 'label': '29f1411e-f01d-4a77-b907-e97046528559', 'context': [<snowplow_tracker.self_describing_json.SelfDescribingJson object at 0x10b4f7610>]}
[0m07:23:46.703865 [debug] [MainThread]: Using duckdb connection "master"
[0m07:23:46.703969 [debug] [MainThread]: On master: BEGIN
[0m07:23:46.704055 [debug] [MainThread]: Opening a new connection, currently in state init
[0m07:23:46.704214 [debug] [MainThread]: SQL status: OK in 0.000 seconds
[0m07:23:46.704312 [debug] [MainThread]: On master: COMMIT
[0m07:23:46.704399 [debug] [MainThread]: Using duckdb connection "master"
[0m07:23:46.704482 [debug] [MainThread]: On master: COMMIT
[0m07:23:46.704614 [debug] [MainThread]: SQL status: OK in 0.000 seconds
[0m07:23:46.704705 [debug] [MainThread]: On master: Close
[0m07:23:46.705704 [debug] [Thread-1 (]: Began running node test.my_etl_project.accepted_values_fct_sales_status__COMPLETE.4ee04b944f
[0m07:23:46.705849 [debug] [Thread-2 (]: Began running node test.my_etl_project.accepted_values_stg_customers_region__NORTH__SOUTH__EAST__WEST.1ced9343e3
[0m07:23:46.705993 [debug] [Thread-3 (]: Began running node test.my_etl_project.accepted_values_stg_customers_segment__PLATINUM__GOLD__SILVER.b8a09d892e
[0m07:23:46.706256 [debug] [Thread-4 (]: Began running node test.my_etl_project.accepted_values_stg_orders_status__COMPLETE__PENDING__FAILED__CANCELLED.b0f05764d8
[0m07:23:46.706129 [info ] [Thread-1 (]: 1 of 37 START test accepted_values_fct_sales_status__COMPLETE .................. [RUN]
[0m07:23:46.706465 [info ] [Thread-2 (]: 2 of 37 START test accepted_values_stg_customers_region__NORTH__SOUTH__EAST__WEST  [RUN]
[0m07:23:46.706618 [info ] [Thread-3 (]: 3 of 37 START test accepted_values_stg_customers_segment__PLATINUM__GOLD__SILVER  [RUN]
[0m07:23:46.706754 [info ] [Thread-4 (]: 4 of 37 START test accepted_values_stg_orders_status__COMPLETE__PENDING__FAILED__CANCELLED  [RUN]
[0m07:23:46.706905 [debug] [Thread-1 (]: Re-using an available connection from the pool (formerly list_dev_main_raw_ingestion, now test.my_etl_project.accepted_values_fct_sales_status__COMPLETE.4ee04b944f)
[0m07:23:46.707025 [debug] [Thread-2 (]: Re-using an available connection from the pool (formerly list_dev_main_analytics, now test.my_etl_project.accepted_values_stg_customers_region__NORTH__SOUTH__EAST__WEST.1ced9343e3)
[0m07:23:46.707140 [debug] [Thread-3 (]: Re-using an available connection from the pool (formerly list_dev_main, now test.my_etl_project.accepted_values_stg_customers_segment__PLATINUM__GOLD__SILVER.b8a09d892e)
[0m07:23:46.707282 [debug] [Thread-4 (]: Acquiring new duckdb connection 'test.my_etl_project.accepted_values_stg_orders_status__COMPLETE__PENDING__FAILED__CANCELLED.b0f05764d8'
[0m07:23:46.707394 [debug] [Thread-1 (]: Began compiling node test.my_etl_project.accepted_values_fct_sales_status__COMPLETE.4ee04b944f
[0m07:23:46.707500 [debug] [Thread-2 (]: Began compiling node test.my_etl_project.accepted_values_stg_customers_region__NORTH__SOUTH__EAST__WEST.1ced9343e3
[0m07:23:46.707602 [debug] [Thread-3 (]: Began compiling node test.my_etl_project.accepted_values_stg_customers_segment__PLATINUM__GOLD__SILVER.b8a09d892e
[0m07:23:46.707704 [debug] [Thread-4 (]: Began compiling node test.my_etl_project.accepted_values_stg_orders_status__COMPLETE__PENDING__FAILED__CANCELLED.b0f05764d8
[0m07:23:46.713418 [debug] [Thread-1 (]: Writing injected SQL for node "test.my_etl_project.accepted_values_fct_sales_status__COMPLETE.4ee04b944f"
[0m07:23:46.715392 [debug] [Thread-2 (]: Writing injected SQL for node "test.my_etl_project.accepted_values_stg_customers_region__NORTH__SOUTH__EAST__WEST.1ced9343e3"
[0m07:23:46.717917 [debug] [Thread-3 (]: Writing injected SQL for node "test.my_etl_project.accepted_values_stg_customers_segment__PLATINUM__GOLD__SILVER.b8a09d892e"
[0m07:23:46.719821 [debug] [Thread-4 (]: Writing injected SQL for node "test.my_etl_project.accepted_values_stg_orders_status__COMPLETE__PENDING__FAILED__CANCELLED.b0f05764d8"
[0m07:23:46.720301 [debug] [Thread-3 (]: Began executing node test.my_etl_project.accepted_values_stg_customers_segment__PLATINUM__GOLD__SILVER.b8a09d892e
[0m07:23:46.720447 [debug] [Thread-1 (]: Began executing node test.my_etl_project.accepted_values_fct_sales_status__COMPLETE.4ee04b944f
[0m07:23:46.720556 [debug] [Thread-2 (]: Began executing node test.my_etl_project.accepted_values_stg_customers_region__NORTH__SOUTH__EAST__WEST.1ced9343e3
[0m07:23:46.720667 [debug] [Thread-4 (]: Began executing node test.my_etl_project.accepted_values_stg_orders_status__COMPLETE__PENDING__FAILED__CANCELLED.b0f05764d8
[0m07:23:46.727349 [debug] [Thread-3 (]: Writing runtime sql for node "test.my_etl_project.accepted_values_stg_customers_segment__PLATINUM__GOLD__SILVER.b8a09d892e"
[0m07:23:46.728180 [debug] [Thread-1 (]: Writing runtime sql for node "test.my_etl_project.accepted_values_fct_sales_status__COMPLETE.4ee04b944f"
[0m07:23:46.729516 [debug] [Thread-2 (]: Writing runtime sql for node "test.my_etl_project.accepted_values_stg_customers_region__NORTH__SOUTH__EAST__WEST.1ced9343e3"
[0m07:23:46.730315 [debug] [Thread-4 (]: Writing runtime sql for node "test.my_etl_project.accepted_values_stg_orders_status__COMPLETE__PENDING__FAILED__CANCELLED.b0f05764d8"
[0m07:23:46.730815 [debug] [Thread-3 (]: Using duckdb connection "test.my_etl_project.accepted_values_stg_customers_segment__PLATINUM__GOLD__SILVER.b8a09d892e"
[0m07:23:46.730962 [debug] [Thread-3 (]: On test.my_etl_project.accepted_values_stg_customers_segment__PLATINUM__GOLD__SILVER.b8a09d892e: BEGIN
[0m07:23:46.731106 [debug] [Thread-3 (]: Opening a new connection, currently in state closed
[0m07:23:46.731261 [debug] [Thread-4 (]: Using duckdb connection "test.my_etl_project.accepted_values_stg_orders_status__COMPLETE__PENDING__FAILED__CANCELLED.b0f05764d8"
[0m07:23:46.731400 [debug] [Thread-1 (]: Using duckdb connection "test.my_etl_project.accepted_values_fct_sales_status__COMPLETE.4ee04b944f"
[0m07:23:46.731542 [debug] [Thread-2 (]: Using duckdb connection "test.my_etl_project.accepted_values_stg_customers_region__NORTH__SOUTH__EAST__WEST.1ced9343e3"
[0m07:23:46.731753 [debug] [Thread-4 (]: On test.my_etl_project.accepted_values_stg_orders_status__COMPLETE__PENDING__FAILED__CANCELLED.b0f05764d8: BEGIN
[0m07:23:46.731874 [debug] [Thread-1 (]: On test.my_etl_project.accepted_values_fct_sales_status__COMPLETE.4ee04b944f: BEGIN
[0m07:23:46.731999 [debug] [Thread-3 (]: SQL status: OK in 0.001 seconds
[0m07:23:46.732132 [debug] [Thread-2 (]: On test.my_etl_project.accepted_values_stg_customers_region__NORTH__SOUTH__EAST__WEST.1ced9343e3: BEGIN
[0m07:23:46.732258 [debug] [Thread-4 (]: Opening a new connection, currently in state init
[0m07:23:46.732376 [debug] [Thread-1 (]: Opening a new connection, currently in state closed
[0m07:23:46.732495 [debug] [Thread-3 (]: Using duckdb connection "test.my_etl_project.accepted_values_stg_customers_segment__PLATINUM__GOLD__SILVER.b8a09d892e"
[0m07:23:46.732612 [debug] [Thread-2 (]: Opening a new connection, currently in state closed
[0m07:23:46.732835 [debug] [Thread-4 (]: SQL status: OK in 0.001 seconds
[0m07:23:46.732959 [debug] [Thread-1 (]: SQL status: OK in 0.001 seconds
[0m07:23:46.733084 [debug] [Thread-3 (]: On test.my_etl_project.accepted_values_stg_customers_segment__PLATINUM__GOLD__SILVER.b8a09d892e: /* {"app": "dbt", "dbt_version": "1.11.7", "profile_name": "my_etl_project", "target_name": "dev", "node_id": "test.my_etl_project.accepted_values_stg_customers_segment__PLATINUM__GOLD__SILVER.b8a09d892e"} */

    
    select
      count(*) as failures,
      count(*) != 0 as should_warn,
      count(*) != 0 as should_error
    from (
      
    
  
    
    

with all_values as (

    select
        segment as value_field,
        count(*) as n_records

    from "dev"."main"."stg_customers"
    group by segment

)

select *
from all_values
where value_field not in (
    'PLATINUM','GOLD','SILVER'
)



  
  
      
    ) dbt_internal_test
[0m07:23:46.733267 [debug] [Thread-4 (]: Using duckdb connection "test.my_etl_project.accepted_values_stg_orders_status__COMPLETE__PENDING__FAILED__CANCELLED.b0f05764d8"
[0m07:23:46.733387 [debug] [Thread-2 (]: SQL status: OK in 0.001 seconds
[0m07:23:46.733499 [debug] [Thread-1 (]: Using duckdb connection "test.my_etl_project.accepted_values_fct_sales_status__COMPLETE.4ee04b944f"
[0m07:23:46.733708 [debug] [Thread-4 (]: On test.my_etl_project.accepted_values_stg_orders_status__COMPLETE__PENDING__FAILED__CANCELLED.b0f05764d8: /* {"app": "dbt", "dbt_version": "1.11.7", "profile_name": "my_etl_project", "target_name": "dev", "node_id": "test.my_etl_project.accepted_values_stg_orders_status__COMPLETE__PENDING__FAILED__CANCELLED.b0f05764d8"} */

    
    select
      count(*) as failures,
      count(*) != 0 as should_warn,
      count(*) != 0 as should_error
    from (
      
    
  
    
    

with all_values as (

    select
        status as value_field,
        count(*) as n_records

    from "dev"."main"."stg_orders"
    group by status

)

select *
from all_values
where value_field not in (
    'COMPLETE','PENDING','FAILED','CANCELLED'
)



  
  
      
    ) dbt_internal_test
[0m07:23:46.733842 [debug] [Thread-2 (]: Using duckdb connection "test.my_etl_project.accepted_values_stg_customers_region__NORTH__SOUTH__EAST__WEST.1ced9343e3"
[0m07:23:46.733975 [debug] [Thread-1 (]: On test.my_etl_project.accepted_values_fct_sales_status__COMPLETE.4ee04b944f: /* {"app": "dbt", "dbt_version": "1.11.7", "profile_name": "my_etl_project", "target_name": "dev", "node_id": "test.my_etl_project.accepted_values_fct_sales_status__COMPLETE.4ee04b944f"} */

    
    select
      count(*) as failures,
      count(*) != 0 as should_warn,
      count(*) != 0 as should_error
    from (
      
    
  
    
    

with all_values as (

    select
        status as value_field,
        count(*) as n_records

    from "dev"."main_analytics"."fct_sales"
    group by status

)

select *
from all_values
where value_field not in (
    'COMPLETE'
)



  
  
      
    ) dbt_internal_test
[0m07:23:46.734170 [debug] [Thread-2 (]: On test.my_etl_project.accepted_values_stg_customers_region__NORTH__SOUTH__EAST__WEST.1ced9343e3: /* {"app": "dbt", "dbt_version": "1.11.7", "profile_name": "my_etl_project", "target_name": "dev", "node_id": "test.my_etl_project.accepted_values_stg_customers_region__NORTH__SOUTH__EAST__WEST.1ced9343e3"} */

    
    select
      count(*) as failures,
      count(*) != 0 as should_warn,
      count(*) != 0 as should_error
    from (
      
    
  
    
    

with all_values as (

    select
        region as value_field,
        count(*) as n_records

    from "dev"."main"."stg_customers"
    group by region

)

select *
from all_values
where value_field not in (
    'NORTH','SOUTH','EAST','WEST'
)



  
  
      
    ) dbt_internal_test
[0m07:23:46.734773 [debug] [Thread-1 (]: SQL status: OK in 0.000 seconds
[0m07:23:46.734895 [debug] [Thread-3 (]: SQL status: OK in 0.001 seconds
[0m07:23:46.735015 [debug] [Thread-4 (]: SQL status: OK in 0.001 seconds
[0m07:23:46.735139 [debug] [Thread-2 (]: SQL status: OK in 0.001 seconds
[0m07:23:46.736747 [debug] [Thread-1 (]: On test.my_etl_project.accepted_values_fct_sales_status__COMPLETE.4ee04b944f: ROLLBACK
[0m07:23:46.737226 [debug] [Thread-3 (]: On test.my_etl_project.accepted_values_stg_customers_segment__PLATINUM__GOLD__SILVER.b8a09d892e: ROLLBACK
[0m07:23:46.737619 [debug] [Thread-4 (]: On test.my_etl_project.accepted_values_stg_orders_status__COMPLETE__PENDING__FAILED__CANCELLED.b0f05764d8: ROLLBACK
[0m07:23:46.738045 [debug] [Thread-2 (]: On test.my_etl_project.accepted_values_stg_customers_region__NORTH__SOUTH__EAST__WEST.1ced9343e3: ROLLBACK
[0m07:23:46.738252 [debug] [Thread-1 (]: Failed to rollback 'test.my_etl_project.accepted_values_fct_sales_status__COMPLETE.4ee04b944f'
[0m07:23:46.738422 [debug] [Thread-3 (]: Failed to rollback 'test.my_etl_project.accepted_values_stg_customers_segment__PLATINUM__GOLD__SILVER.b8a09d892e'
[0m07:23:46.738600 [debug] [Thread-4 (]: Failed to rollback 'test.my_etl_project.accepted_values_stg_orders_status__COMPLETE__PENDING__FAILED__CANCELLED.b0f05764d8'
[0m07:23:46.738769 [debug] [Thread-2 (]: Failed to rollback 'test.my_etl_project.accepted_values_stg_customers_region__NORTH__SOUTH__EAST__WEST.1ced9343e3'
[0m07:23:46.738895 [debug] [Thread-1 (]: On test.my_etl_project.accepted_values_fct_sales_status__COMPLETE.4ee04b944f: Close
[0m07:23:46.739021 [debug] [Thread-3 (]: On test.my_etl_project.accepted_values_stg_customers_segment__PLATINUM__GOLD__SILVER.b8a09d892e: Close
[0m07:23:46.739145 [debug] [Thread-4 (]: On test.my_etl_project.accepted_values_stg_orders_status__COMPLETE__PENDING__FAILED__CANCELLED.b0f05764d8: Close
[0m07:23:46.739267 [debug] [Thread-2 (]: On test.my_etl_project.accepted_values_stg_customers_region__NORTH__SOUTH__EAST__WEST.1ced9343e3: Close
[0m07:23:46.739500 [info ] [Thread-1 (]: 1 of 37 PASS accepted_values_fct_sales_status__COMPLETE ........................ [[32mPASS[0m in 0.03s]
[0m07:23:46.739666 [info ] [Thread-3 (]: 3 of 37 PASS accepted_values_stg_customers_segment__PLATINUM__GOLD__SILVER ..... [[32mPASS[0m in 0.03s]
[0m07:23:46.739909 [info ] [Thread-4 (]: 4 of 37 PASS accepted_values_stg_orders_status__COMPLETE__PENDING__FAILED__CANCELLED  [[32mPASS[0m in 0.03s]
[0m07:23:46.740122 [info ] [Thread-2 (]: 2 of 37 PASS accepted_values_stg_customers_region__NORTH__SOUTH__EAST__WEST .... [[32mPASS[0m in 0.03s]
[0m07:23:46.740308 [debug] [Thread-1 (]: Finished running node test.my_etl_project.accepted_values_fct_sales_status__COMPLETE.4ee04b944f
[0m07:23:46.740477 [debug] [Thread-3 (]: Finished running node test.my_etl_project.accepted_values_stg_customers_segment__PLATINUM__GOLD__SILVER.b8a09d892e
[0m07:23:46.740661 [debug] [Thread-4 (]: Finished running node test.my_etl_project.accepted_values_stg_orders_status__COMPLETE__PENDING__FAILED__CANCELLED.b0f05764d8
[0m07:23:46.740830 [debug] [Thread-2 (]: Finished running node test.my_etl_project.accepted_values_stg_customers_region__NORTH__SOUTH__EAST__WEST.1ced9343e3
[0m07:23:46.740971 [debug] [Thread-1 (]: Began running node test.my_etl_project.not_null_fct_sales_amount.0427b27870
[0m07:23:46.741137 [debug] [Thread-3 (]: Began running node test.my_etl_project.not_null_fct_sales_customer_id.998bfce0ce
[0m07:23:46.741287 [debug] [Thread-4 (]: Began running node test.my_etl_project.not_null_fct_sales_incremental_order_id.b8fc35ca17
[0m07:23:46.741428 [debug] [Thread-2 (]: Began running node test.my_etl_project.not_null_fct_sales_order_id.4987638769
[0m07:23:46.741562 [info ] [Thread-1 (]: 5 of 37 START test not_null_fct_sales_amount ................................... [RUN]
[0m07:23:46.741697 [info ] [Thread-3 (]: 6 of 37 START test not_null_fct_sales_customer_id .............................. [RUN]
[0m07:23:46.741829 [info ] [Thread-4 (]: 7 of 37 START test not_null_fct_sales_incremental_order_id ..................... [RUN]
[0m07:23:46.741961 [info ] [Thread-2 (]: 8 of 37 START test not_null_fct_sales_order_id ................................. [RUN]
[0m07:23:46.742112 [debug] [Thread-1 (]: Re-using an available connection from the pool (formerly test.my_etl_project.accepted_values_fct_sales_status__COMPLETE.4ee04b944f, now test.my_etl_project.not_null_fct_sales_amount.0427b27870)
[0m07:23:46.742248 [debug] [Thread-3 (]: Re-using an available connection from the pool (formerly test.my_etl_project.accepted_values_stg_customers_segment__PLATINUM__GOLD__SILVER.b8a09d892e, now test.my_etl_project.not_null_fct_sales_customer_id.998bfce0ce)
[0m07:23:46.742384 [debug] [Thread-4 (]: Re-using an available connection from the pool (formerly test.my_etl_project.accepted_values_stg_orders_status__COMPLETE__PENDING__FAILED__CANCELLED.b0f05764d8, now test.my_etl_project.not_null_fct_sales_incremental_order_id.b8fc35ca17)
[0m07:23:46.742516 [debug] [Thread-2 (]: Re-using an available connection from the pool (formerly test.my_etl_project.accepted_values_stg_customers_region__NORTH__SOUTH__EAST__WEST.1ced9343e3, now test.my_etl_project.not_null_fct_sales_order_id.4987638769)
[0m07:23:46.742638 [debug] [Thread-1 (]: Began compiling node test.my_etl_project.not_null_fct_sales_amount.0427b27870
[0m07:23:46.742753 [debug] [Thread-3 (]: Began compiling node test.my_etl_project.not_null_fct_sales_customer_id.998bfce0ce
[0m07:23:46.742879 [debug] [Thread-4 (]: Began compiling node test.my_etl_project.not_null_fct_sales_incremental_order_id.b8fc35ca17
[0m07:23:46.742995 [debug] [Thread-2 (]: Began compiling node test.my_etl_project.not_null_fct_sales_order_id.4987638769
[0m07:23:46.745214 [debug] [Thread-1 (]: Writing injected SQL for node "test.my_etl_project.not_null_fct_sales_amount.0427b27870"
[0m07:23:46.746548 [debug] [Thread-3 (]: Writing injected SQL for node "test.my_etl_project.not_null_fct_sales_customer_id.998bfce0ce"
[0m07:23:46.747878 [debug] [Thread-4 (]: Writing injected SQL for node "test.my_etl_project.not_null_fct_sales_incremental_order_id.b8fc35ca17"
[0m07:23:46.749284 [debug] [Thread-2 (]: Writing injected SQL for node "test.my_etl_project.not_null_fct_sales_order_id.4987638769"
[0m07:23:46.749647 [debug] [Thread-3 (]: Began executing node test.my_etl_project.not_null_fct_sales_customer_id.998bfce0ce
[0m07:23:46.749766 [debug] [Thread-4 (]: Began executing node test.my_etl_project.not_null_fct_sales_incremental_order_id.b8fc35ca17
[0m07:23:46.749899 [debug] [Thread-1 (]: Began executing node test.my_etl_project.not_null_fct_sales_amount.0427b27870
[0m07:23:46.750001 [debug] [Thread-2 (]: Began executing node test.my_etl_project.not_null_fct_sales_order_id.4987638769
[0m07:23:46.750769 [debug] [Thread-3 (]: Writing runtime sql for node "test.my_etl_project.not_null_fct_sales_customer_id.998bfce0ce"
[0m07:23:46.751495 [debug] [Thread-4 (]: Writing runtime sql for node "test.my_etl_project.not_null_fct_sales_incremental_order_id.b8fc35ca17"
[0m07:23:46.752416 [debug] [Thread-1 (]: Writing runtime sql for node "test.my_etl_project.not_null_fct_sales_amount.0427b27870"
[0m07:23:46.753169 [debug] [Thread-2 (]: Writing runtime sql for node "test.my_etl_project.not_null_fct_sales_order_id.4987638769"
[0m07:23:46.753482 [debug] [Thread-3 (]: Using duckdb connection "test.my_etl_project.not_null_fct_sales_customer_id.998bfce0ce"
[0m07:23:46.753617 [debug] [Thread-4 (]: Using duckdb connection "test.my_etl_project.not_null_fct_sales_incremental_order_id.b8fc35ca17"
[0m07:23:46.753771 [debug] [Thread-1 (]: Using duckdb connection "test.my_etl_project.not_null_fct_sales_amount.0427b27870"
[0m07:23:46.753895 [debug] [Thread-3 (]: On test.my_etl_project.not_null_fct_sales_customer_id.998bfce0ce: BEGIN
[0m07:23:46.754019 [debug] [Thread-4 (]: On test.my_etl_project.not_null_fct_sales_incremental_order_id.b8fc35ca17: BEGIN
[0m07:23:46.754152 [debug] [Thread-2 (]: Using duckdb connection "test.my_etl_project.not_null_fct_sales_order_id.4987638769"
[0m07:23:46.754280 [debug] [Thread-1 (]: On test.my_etl_project.not_null_fct_sales_amount.0427b27870: BEGIN
[0m07:23:46.754399 [debug] [Thread-3 (]: Opening a new connection, currently in state closed
[0m07:23:46.754518 [debug] [Thread-4 (]: Opening a new connection, currently in state closed
[0m07:23:46.754637 [debug] [Thread-2 (]: On test.my_etl_project.not_null_fct_sales_order_id.4987638769: BEGIN
[0m07:23:46.754756 [debug] [Thread-1 (]: Opening a new connection, currently in state closed
[0m07:23:46.755053 [debug] [Thread-3 (]: SQL status: OK in 0.001 seconds
[0m07:23:46.755169 [debug] [Thread-4 (]: SQL status: OK in 0.001 seconds
[0m07:23:46.755284 [debug] [Thread-2 (]: Opening a new connection, currently in state closed
[0m07:23:46.755438 [debug] [Thread-3 (]: Using duckdb connection "test.my_etl_project.not_null_fct_sales_customer_id.998bfce0ce"
[0m07:23:46.755552 [debug] [Thread-1 (]: SQL status: OK in 0.001 seconds
[0m07:23:46.755664 [debug] [Thread-4 (]: Using duckdb connection "test.my_etl_project.not_null_fct_sales_incremental_order_id.b8fc35ca17"
[0m07:23:46.755826 [debug] [Thread-3 (]: On test.my_etl_project.not_null_fct_sales_customer_id.998bfce0ce: /* {"app": "dbt", "dbt_version": "1.11.7", "profile_name": "my_etl_project", "target_name": "dev", "node_id": "test.my_etl_project.not_null_fct_sales_customer_id.998bfce0ce"} */

    
    select
      count(*) as failures,
      count(*) != 0 as should_warn,
      count(*) != 0 as should_error
    from (
      
    
  
    
    



select customer_id
from "dev"."main_analytics"."fct_sales"
where customer_id is null



  
  
      
    ) dbt_internal_test
[0m07:23:46.755952 [debug] [Thread-2 (]: SQL status: OK in 0.001 seconds
[0m07:23:46.756056 [debug] [Thread-1 (]: Using duckdb connection "test.my_etl_project.not_null_fct_sales_amount.0427b27870"
[0m07:23:46.756181 [debug] [Thread-4 (]: On test.my_etl_project.not_null_fct_sales_incremental_order_id.b8fc35ca17: /* {"app": "dbt", "dbt_version": "1.11.7", "profile_name": "my_etl_project", "target_name": "dev", "node_id": "test.my_etl_project.not_null_fct_sales_incremental_order_id.b8fc35ca17"} */

    
    select
      count(*) as failures,
      count(*) != 0 as should_warn,
      count(*) != 0 as should_error
    from (
      
    
  
    
    



select order_id
from "dev"."main_analytics"."fct_sales_incremental"
where order_id is null



  
  
      
    ) dbt_internal_test
[0m07:23:46.756356 [debug] [Thread-2 (]: Using duckdb connection "test.my_etl_project.not_null_fct_sales_order_id.4987638769"
[0m07:23:46.756478 [debug] [Thread-1 (]: On test.my_etl_project.not_null_fct_sales_amount.0427b27870: /* {"app": "dbt", "dbt_version": "1.11.7", "profile_name": "my_etl_project", "target_name": "dev", "node_id": "test.my_etl_project.not_null_fct_sales_amount.0427b27870"} */

    
    select
      count(*) as failures,
      count(*) != 0 as should_warn,
      count(*) != 0 as should_error
    from (
      
    
  
    
    



select amount
from "dev"."main_analytics"."fct_sales"
where amount is null



  
  
      
    ) dbt_internal_test
[0m07:23:46.756646 [debug] [Thread-3 (]: SQL status: OK in 0.000 seconds
[0m07:23:46.756763 [debug] [Thread-2 (]: On test.my_etl_project.not_null_fct_sales_order_id.4987638769: /* {"app": "dbt", "dbt_version": "1.11.7", "profile_name": "my_etl_project", "target_name": "dev", "node_id": "test.my_etl_project.not_null_fct_sales_order_id.4987638769"} */

    
    select
      count(*) as failures,
      count(*) != 0 as should_warn,
      count(*) != 0 as should_error
    from (
      
    
  
    
    



select order_id
from "dev"."main_analytics"."fct_sales"
where order_id is null



  
  
      
    ) dbt_internal_test
[0m07:23:46.756886 [debug] [Thread-4 (]: SQL status: OK in 0.000 seconds
[0m07:23:46.758105 [debug] [Thread-3 (]: On test.my_etl_project.not_null_fct_sales_customer_id.998bfce0ce: ROLLBACK
[0m07:23:46.758260 [debug] [Thread-1 (]: SQL status: OK in 0.001 seconds
[0m07:23:46.758392 [debug] [Thread-2 (]: SQL status: OK in 0.000 seconds
[0m07:23:46.758848 [debug] [Thread-4 (]: On test.my_etl_project.not_null_fct_sales_incremental_order_id.b8fc35ca17: ROLLBACK
[0m07:23:46.759017 [debug] [Thread-3 (]: Failed to rollback 'test.my_etl_project.not_null_fct_sales_customer_id.998bfce0ce'
[0m07:23:46.759451 [debug] [Thread-1 (]: On test.my_etl_project.not_null_fct_sales_amount.0427b27870: ROLLBACK
[0m07:23:46.759892 [debug] [Thread-2 (]: On test.my_etl_project.not_null_fct_sales_order_id.4987638769: ROLLBACK
[0m07:23:46.760047 [debug] [Thread-4 (]: Failed to rollback 'test.my_etl_project.not_null_fct_sales_incremental_order_id.b8fc35ca17'
[0m07:23:46.760156 [debug] [Thread-3 (]: On test.my_etl_project.not_null_fct_sales_customer_id.998bfce0ce: Close
[0m07:23:46.760321 [debug] [Thread-1 (]: Failed to rollback 'test.my_etl_project.not_null_fct_sales_amount.0427b27870'
[0m07:23:46.760476 [debug] [Thread-2 (]: Failed to rollback 'test.my_etl_project.not_null_fct_sales_order_id.4987638769'
[0m07:23:46.760599 [debug] [Thread-4 (]: On test.my_etl_project.not_null_fct_sales_incremental_order_id.b8fc35ca17: Close
[0m07:23:46.760907 [debug] [Thread-1 (]: On test.my_etl_project.not_null_fct_sales_amount.0427b27870: Close
[0m07:23:46.760811 [info ] [Thread-3 (]: 6 of 37 PASS not_null_fct_sales_customer_id .................................... [[32mPASS[0m in 0.02s]
[0m07:23:46.761063 [debug] [Thread-2 (]: On test.my_etl_project.not_null_fct_sales_order_id.4987638769: Close
[0m07:23:46.761256 [info ] [Thread-4 (]: 7 of 37 PASS not_null_fct_sales_incremental_order_id ........................... [[32mPASS[0m in 0.02s]
[0m07:23:46.761445 [info ] [Thread-1 (]: 5 of 37 PASS not_null_fct_sales_amount ......................................... [[32mPASS[0m in 0.02s]
[0m07:23:46.761633 [debug] [Thread-3 (]: Finished running node test.my_etl_project.not_null_fct_sales_customer_id.998bfce0ce
[0m07:23:46.761811 [info ] [Thread-2 (]: 8 of 37 PASS not_null_fct_sales_order_id ....................................... [[32mPASS[0m in 0.02s]
[0m07:23:46.761984 [debug] [Thread-4 (]: Finished running node test.my_etl_project.not_null_fct_sales_incremental_order_id.b8fc35ca17
[0m07:23:46.762153 [debug] [Thread-1 (]: Finished running node test.my_etl_project.not_null_fct_sales_amount.0427b27870
[0m07:23:46.762293 [debug] [Thread-3 (]: Began running node test.my_etl_project.not_null_fct_sales_status.fb947e0b69
[0m07:23:46.762484 [debug] [Thread-2 (]: Finished running node test.my_etl_project.not_null_fct_sales_order_id.4987638769
[0m07:23:46.762612 [debug] [Thread-4 (]: Began running node test.my_etl_project.not_null_int_orders_customers_amount.363e63f97a
[0m07:23:46.762753 [debug] [Thread-1 (]: Began running node test.my_etl_project.not_null_int_orders_customers_order_id.f3c169c800
[0m07:23:46.762890 [info ] [Thread-3 (]: 9 of 37 START test not_null_fct_sales_status ................................... [RUN]
[0m07:23:46.763034 [debug] [Thread-2 (]: Began running node test.my_etl_project.not_null_stg_customers_customer_id.e2cfb1f9aa
[0m07:23:46.763174 [info ] [Thread-4 (]: 10 of 37 START test not_null_int_orders_customers_amount ....................... [RUN]
[0m07:23:46.763312 [info ] [Thread-1 (]: 11 of 37 START test not_null_int_orders_customers_order_id ..................... [RUN]
[0m07:23:46.763467 [debug] [Thread-3 (]: Re-using an available connection from the pool (formerly test.my_etl_project.not_null_fct_sales_customer_id.998bfce0ce, now test.my_etl_project.not_null_fct_sales_status.fb947e0b69)
[0m07:23:46.763592 [info ] [Thread-2 (]: 12 of 37 START test not_null_stg_customers_customer_id ......................... [RUN]
[0m07:23:46.763733 [debug] [Thread-4 (]: Re-using an available connection from the pool (formerly test.my_etl_project.not_null_fct_sales_incremental_order_id.b8fc35ca17, now test.my_etl_project.not_null_int_orders_customers_amount.363e63f97a)
[0m07:23:46.763869 [debug] [Thread-1 (]: Re-using an available connection from the pool (formerly test.my_etl_project.not_null_fct_sales_amount.0427b27870, now test.my_etl_project.not_null_int_orders_customers_order_id.f3c169c800)
[0m07:23:46.763997 [debug] [Thread-3 (]: Began compiling node test.my_etl_project.not_null_fct_sales_status.fb947e0b69
[0m07:23:46.764124 [debug] [Thread-2 (]: Re-using an available connection from the pool (formerly test.my_etl_project.not_null_fct_sales_order_id.4987638769, now test.my_etl_project.not_null_stg_customers_customer_id.e2cfb1f9aa)
[0m07:23:46.764249 [debug] [Thread-4 (]: Began compiling node test.my_etl_project.not_null_int_orders_customers_amount.363e63f97a
[0m07:23:46.764373 [debug] [Thread-1 (]: Began compiling node test.my_etl_project.not_null_int_orders_customers_order_id.f3c169c800
[0m07:23:46.765765 [debug] [Thread-3 (]: Writing injected SQL for node "test.my_etl_project.not_null_fct_sales_status.fb947e0b69"
[0m07:23:46.765882 [debug] [Thread-2 (]: Began compiling node test.my_etl_project.not_null_stg_customers_customer_id.e2cfb1f9aa
[0m07:23:46.767159 [debug] [Thread-4 (]: Writing injected SQL for node "test.my_etl_project.not_null_int_orders_customers_amount.363e63f97a"
[0m07:23:46.768345 [debug] [Thread-1 (]: Writing injected SQL for node "test.my_etl_project.not_null_int_orders_customers_order_id.f3c169c800"
[0m07:23:46.769564 [debug] [Thread-2 (]: Writing injected SQL for node "test.my_etl_project.not_null_stg_customers_customer_id.e2cfb1f9aa"
[0m07:23:46.769848 [debug] [Thread-3 (]: Began executing node test.my_etl_project.not_null_fct_sales_status.fb947e0b69
[0m07:23:46.770601 [debug] [Thread-3 (]: Writing runtime sql for node "test.my_etl_project.not_null_fct_sales_status.fb947e0b69"
[0m07:23:46.770767 [debug] [Thread-1 (]: Began executing node test.my_etl_project.not_null_int_orders_customers_order_id.f3c169c800
[0m07:23:46.771618 [debug] [Thread-1 (]: Writing runtime sql for node "test.my_etl_project.not_null_int_orders_customers_order_id.f3c169c800"
[0m07:23:46.771759 [debug] [Thread-2 (]: Began executing node test.my_etl_project.not_null_stg_customers_customer_id.e2cfb1f9aa
[0m07:23:46.771912 [debug] [Thread-4 (]: Began executing node test.my_etl_project.not_null_int_orders_customers_amount.363e63f97a
[0m07:23:46.772072 [debug] [Thread-3 (]: Using duckdb connection "test.my_etl_project.not_null_fct_sales_status.fb947e0b69"
[0m07:23:46.772846 [debug] [Thread-2 (]: Writing runtime sql for node "test.my_etl_project.not_null_stg_customers_customer_id.e2cfb1f9aa"
[0m07:23:46.773824 [debug] [Thread-4 (]: Writing runtime sql for node "test.my_etl_project.not_null_int_orders_customers_amount.363e63f97a"
[0m07:23:46.773966 [debug] [Thread-3 (]: On test.my_etl_project.not_null_fct_sales_status.fb947e0b69: BEGIN
[0m07:23:46.774182 [debug] [Thread-1 (]: Using duckdb connection "test.my_etl_project.not_null_int_orders_customers_order_id.f3c169c800"
[0m07:23:46.774330 [debug] [Thread-3 (]: Opening a new connection, currently in state closed
[0m07:23:46.774490 [debug] [Thread-2 (]: Using duckdb connection "test.my_etl_project.not_null_stg_customers_customer_id.e2cfb1f9aa"
[0m07:23:46.774620 [debug] [Thread-1 (]: On test.my_etl_project.not_null_int_orders_customers_order_id.f3c169c800: BEGIN
[0m07:23:46.774816 [debug] [Thread-4 (]: Using duckdb connection "test.my_etl_project.not_null_int_orders_customers_amount.363e63f97a"
[0m07:23:46.774936 [debug] [Thread-2 (]: On test.my_etl_project.not_null_stg_customers_customer_id.e2cfb1f9aa: BEGIN
[0m07:23:46.775054 [debug] [Thread-3 (]: SQL status: OK in 0.001 seconds
[0m07:23:46.775170 [debug] [Thread-1 (]: Opening a new connection, currently in state closed
[0m07:23:46.775287 [debug] [Thread-4 (]: On test.my_etl_project.not_null_int_orders_customers_amount.363e63f97a: BEGIN
[0m07:23:46.775402 [debug] [Thread-2 (]: Opening a new connection, currently in state closed
[0m07:23:46.775522 [debug] [Thread-3 (]: Using duckdb connection "test.my_etl_project.not_null_fct_sales_status.fb947e0b69"
[0m07:23:46.775687 [debug] [Thread-4 (]: Opening a new connection, currently in state closed
[0m07:23:46.775839 [debug] [Thread-1 (]: SQL status: OK in 0.001 seconds
[0m07:23:46.775969 [debug] [Thread-3 (]: On test.my_etl_project.not_null_fct_sales_status.fb947e0b69: /* {"app": "dbt", "dbt_version": "1.11.7", "profile_name": "my_etl_project", "target_name": "dev", "node_id": "test.my_etl_project.not_null_fct_sales_status.fb947e0b69"} */

    
    select
      count(*) as failures,
      count(*) != 0 as should_warn,
      count(*) != 0 as should_error
    from (
      
    
  
    
    



select status
from "dev"."main_analytics"."fct_sales"
where status is null



  
  
      
    ) dbt_internal_test
[0m07:23:46.776086 [debug] [Thread-2 (]: SQL status: OK in 0.001 seconds
[0m07:23:46.776238 [debug] [Thread-1 (]: Using duckdb connection "test.my_etl_project.not_null_int_orders_customers_order_id.f3c169c800"
[0m07:23:46.776360 [debug] [Thread-4 (]: SQL status: OK in 0.001 seconds
[0m07:23:46.776513 [debug] [Thread-2 (]: Using duckdb connection "test.my_etl_project.not_null_stg_customers_customer_id.e2cfb1f9aa"
[0m07:23:46.776638 [debug] [Thread-1 (]: On test.my_etl_project.not_null_int_orders_customers_order_id.f3c169c800: /* {"app": "dbt", "dbt_version": "1.11.7", "profile_name": "my_etl_project", "target_name": "dev", "node_id": "test.my_etl_project.not_null_int_orders_customers_order_id.f3c169c800"} */

    
    select
      count(*) as failures,
      count(*) != 0 as should_warn,
      count(*) != 0 as should_error
    from (
      
    
  
    
    



select order_id
from "dev"."main"."int_orders_customers"
where order_id is null



  
  
      
    ) dbt_internal_test
[0m07:23:46.776764 [debug] [Thread-4 (]: Using duckdb connection "test.my_etl_project.not_null_int_orders_customers_amount.363e63f97a"
[0m07:23:46.776872 [debug] [Thread-3 (]: SQL status: OK in 0.000 seconds
[0m07:23:46.777002 [debug] [Thread-2 (]: On test.my_etl_project.not_null_stg_customers_customer_id.e2cfb1f9aa: /* {"app": "dbt", "dbt_version": "1.11.7", "profile_name": "my_etl_project", "target_name": "dev", "node_id": "test.my_etl_project.not_null_stg_customers_customer_id.e2cfb1f9aa"} */

    
    select
      count(*) as failures,
      count(*) != 0 as should_warn,
      count(*) != 0 as should_error
    from (
      
    
  
    
    



select customer_id
from "dev"."main"."stg_customers"
where customer_id is null



  
  
      
    ) dbt_internal_test
[0m07:23:46.777185 [debug] [Thread-4 (]: On test.my_etl_project.not_null_int_orders_customers_amount.363e63f97a: /* {"app": "dbt", "dbt_version": "1.11.7", "profile_name": "my_etl_project", "target_name": "dev", "node_id": "test.my_etl_project.not_null_int_orders_customers_amount.363e63f97a"} */

    
    select
      count(*) as failures,
      count(*) != 0 as should_warn,
      count(*) != 0 as should_error
    from (
      
    
  
    
    



select amount
from "dev"."main"."int_orders_customers"
where amount is null



  
  
      
    ) dbt_internal_test
[0m07:23:46.777726 [debug] [Thread-3 (]: On test.my_etl_project.not_null_fct_sales_status.fb947e0b69: ROLLBACK
[0m07:23:46.777857 [debug] [Thread-2 (]: SQL status: OK in 0.001 seconds
[0m07:23:46.777976 [debug] [Thread-1 (]: SQL status: OK in 0.001 seconds
[0m07:23:46.778201 [debug] [Thread-3 (]: Failed to rollback 'test.my_etl_project.not_null_fct_sales_status.fb947e0b69'
[0m07:23:46.778655 [debug] [Thread-2 (]: On test.my_etl_project.not_null_stg_customers_customer_id.e2cfb1f9aa: ROLLBACK
[0m07:23:46.778787 [debug] [Thread-4 (]: SQL status: OK in 0.001 seconds
[0m07:23:46.779186 [debug] [Thread-1 (]: On test.my_etl_project.not_null_int_orders_customers_order_id.f3c169c800: ROLLBACK
[0m07:23:46.779304 [debug] [Thread-3 (]: On test.my_etl_project.not_null_fct_sales_status.fb947e0b69: Close
[0m07:23:46.779474 [debug] [Thread-2 (]: Failed to rollback 'test.my_etl_project.not_null_stg_customers_customer_id.e2cfb1f9aa'
[0m07:23:46.779959 [debug] [Thread-4 (]: On test.my_etl_project.not_null_int_orders_customers_amount.363e63f97a: ROLLBACK
[0m07:23:46.780120 [debug] [Thread-1 (]: Failed to rollback 'test.my_etl_project.not_null_int_orders_customers_order_id.f3c169c800'
[0m07:23:46.780425 [debug] [Thread-2 (]: On test.my_etl_project.not_null_stg_customers_customer_id.e2cfb1f9aa: Close
[0m07:23:46.780328 [info ] [Thread-3 (]: 9 of 37 PASS not_null_fct_sales_status ......................................... [[32mPASS[0m in 0.02s]
[0m07:23:46.780616 [debug] [Thread-4 (]: Failed to rollback 'test.my_etl_project.not_null_int_orders_customers_amount.363e63f97a'
[0m07:23:46.780736 [debug] [Thread-1 (]: On test.my_etl_project.not_null_int_orders_customers_order_id.f3c169c800: Close
[0m07:23:46.780902 [info ] [Thread-2 (]: 12 of 37 PASS not_null_stg_customers_customer_id ............................... [[32mPASS[0m in 0.02s]
[0m07:23:46.781090 [debug] [Thread-3 (]: Finished running node test.my_etl_project.not_null_fct_sales_status.fb947e0b69
[0m07:23:46.781217 [debug] [Thread-4 (]: On test.my_etl_project.not_null_int_orders_customers_amount.363e63f97a: Close
[0m07:23:46.781559 [debug] [Thread-2 (]: Finished running node test.my_etl_project.not_null_stg_customers_customer_id.e2cfb1f9aa
[0m07:23:46.781418 [info ] [Thread-1 (]: 11 of 37 PASS not_null_int_orders_customers_order_id ........................... [[32mPASS[0m in 0.02s]
[0m07:23:46.781730 [debug] [Thread-3 (]: Began running node test.my_etl_project.not_null_stg_customers_region.dead58c348
[0m07:23:46.781919 [info ] [Thread-4 (]: 10 of 37 PASS not_null_int_orders_customers_amount ............................. [[32mPASS[0m in 0.02s]
[0m07:23:46.782064 [debug] [Thread-2 (]: Began running node test.my_etl_project.not_null_stg_customers_segment.54e04798f3
[0m07:23:46.782242 [debug] [Thread-1 (]: Finished running node test.my_etl_project.not_null_int_orders_customers_order_id.f3c169c800
[0m07:23:46.782363 [info ] [Thread-3 (]: 13 of 37 START test not_null_stg_customers_region .............................. [RUN]
[0m07:23:46.782537 [debug] [Thread-4 (]: Finished running node test.my_etl_project.not_null_int_orders_customers_amount.363e63f97a
[0m07:23:46.782656 [info ] [Thread-2 (]: 14 of 37 START test not_null_stg_customers_segment ............................. [RUN]
[0m07:23:46.782797 [debug] [Thread-1 (]: Began running node test.my_etl_project.not_null_stg_orders_amount.2546645448
[0m07:23:46.782945 [debug] [Thread-3 (]: Re-using an available connection from the pool (formerly test.my_etl_project.not_null_fct_sales_status.fb947e0b69, now test.my_etl_project.not_null_stg_customers_region.dead58c348)
[0m07:23:46.783075 [debug] [Thread-4 (]: Began running node test.my_etl_project.not_null_stg_orders_customer_id.af79d5e4b5
[0m07:23:46.783209 [debug] [Thread-2 (]: Re-using an available connection from the pool (formerly test.my_etl_project.not_null_stg_customers_customer_id.e2cfb1f9aa, now test.my_etl_project.not_null_stg_customers_segment.54e04798f3)
[0m07:23:46.783341 [info ] [Thread-1 (]: 15 of 37 START test not_null_stg_orders_amount ................................. [RUN]
[0m07:23:46.783471 [debug] [Thread-3 (]: Began compiling node test.my_etl_project.not_null_stg_customers_region.dead58c348
[0m07:23:46.783593 [info ] [Thread-4 (]: 16 of 37 START test not_null_stg_orders_customer_id ............................ [RUN]
[0m07:23:46.783717 [debug] [Thread-2 (]: Began compiling node test.my_etl_project.not_null_stg_customers_segment.54e04798f3
[0m07:23:46.783841 [debug] [Thread-1 (]: Re-using an available connection from the pool (formerly test.my_etl_project.not_null_int_orders_customers_order_id.f3c169c800, now test.my_etl_project.not_null_stg_orders_amount.2546645448)
[0m07:23:46.785305 [debug] [Thread-3 (]: Writing injected SQL for node "test.my_etl_project.not_null_stg_customers_region.dead58c348"
[0m07:23:46.785538 [debug] [Thread-4 (]: Re-using an available connection from the pool (formerly test.my_etl_project.not_null_int_orders_customers_amount.363e63f97a, now test.my_etl_project.not_null_stg_orders_customer_id.af79d5e4b5)
[0m07:23:46.787052 [debug] [Thread-2 (]: Writing injected SQL for node "test.my_etl_project.not_null_stg_customers_segment.54e04798f3"
[0m07:23:46.787205 [debug] [Thread-1 (]: Began compiling node test.my_etl_project.not_null_stg_orders_amount.2546645448
[0m07:23:46.787383 [debug] [Thread-4 (]: Began compiling node test.my_etl_project.not_null_stg_orders_customer_id.af79d5e4b5
[0m07:23:46.789443 [debug] [Thread-1 (]: Writing injected SQL for node "test.my_etl_project.not_null_stg_orders_amount.2546645448"
[0m07:23:46.789617 [debug] [Thread-3 (]: Began executing node test.my_etl_project.not_null_stg_customers_region.dead58c348
[0m07:23:46.790752 [debug] [Thread-4 (]: Writing injected SQL for node "test.my_etl_project.not_null_stg_orders_customer_id.af79d5e4b5"
[0m07:23:46.790876 [debug] [Thread-2 (]: Began executing node test.my_etl_project.not_null_stg_customers_segment.54e04798f3
[0m07:23:46.791678 [debug] [Thread-3 (]: Writing runtime sql for node "test.my_etl_project.not_null_stg_customers_region.dead58c348"
[0m07:23:46.792409 [debug] [Thread-2 (]: Writing runtime sql for node "test.my_etl_project.not_null_stg_customers_segment.54e04798f3"
[0m07:23:46.792543 [debug] [Thread-1 (]: Began executing node test.my_etl_project.not_null_stg_orders_amount.2546645448
[0m07:23:46.792715 [debug] [Thread-4 (]: Began executing node test.my_etl_project.not_null_stg_orders_customer_id.af79d5e4b5
[0m07:23:46.793609 [debug] [Thread-1 (]: Writing runtime sql for node "test.my_etl_project.not_null_stg_orders_amount.2546645448"
[0m07:23:46.794431 [debug] [Thread-4 (]: Writing runtime sql for node "test.my_etl_project.not_null_stg_orders_customer_id.af79d5e4b5"
[0m07:23:46.794605 [debug] [Thread-3 (]: Using duckdb connection "test.my_etl_project.not_null_stg_customers_region.dead58c348"
[0m07:23:46.794749 [debug] [Thread-2 (]: Using duckdb connection "test.my_etl_project.not_null_stg_customers_segment.54e04798f3"
[0m07:23:46.794909 [debug] [Thread-3 (]: On test.my_etl_project.not_null_stg_customers_region.dead58c348: BEGIN
[0m07:23:46.795065 [debug] [Thread-2 (]: On test.my_etl_project.not_null_stg_customers_segment.54e04798f3: BEGIN
[0m07:23:46.795195 [debug] [Thread-1 (]: Using duckdb connection "test.my_etl_project.not_null_stg_orders_amount.2546645448"
[0m07:23:46.795332 [debug] [Thread-4 (]: Using duckdb connection "test.my_etl_project.not_null_stg_orders_customer_id.af79d5e4b5"
[0m07:23:46.795444 [debug] [Thread-3 (]: Opening a new connection, currently in state closed
[0m07:23:46.795571 [debug] [Thread-2 (]: Opening a new connection, currently in state closed
[0m07:23:46.795688 [debug] [Thread-1 (]: On test.my_etl_project.not_null_stg_orders_amount.2546645448: BEGIN
[0m07:23:46.795807 [debug] [Thread-4 (]: On test.my_etl_project.not_null_stg_orders_customer_id.af79d5e4b5: BEGIN
[0m07:23:46.796050 [debug] [Thread-1 (]: Opening a new connection, currently in state closed
[0m07:23:46.796166 [debug] [Thread-3 (]: SQL status: OK in 0.001 seconds
[0m07:23:46.796271 [debug] [Thread-2 (]: SQL status: OK in 0.001 seconds
[0m07:23:46.796391 [debug] [Thread-4 (]: Opening a new connection, currently in state closed
[0m07:23:46.796564 [debug] [Thread-3 (]: Using duckdb connection "test.my_etl_project.not_null_stg_customers_region.dead58c348"
[0m07:23:46.796687 [debug] [Thread-1 (]: SQL status: OK in 0.001 seconds
[0m07:23:46.796803 [debug] [Thread-2 (]: Using duckdb connection "test.my_etl_project.not_null_stg_customers_segment.54e04798f3"
[0m07:23:46.796970 [debug] [Thread-3 (]: On test.my_etl_project.not_null_stg_customers_region.dead58c348: /* {"app": "dbt", "dbt_version": "1.11.7", "profile_name": "my_etl_project", "target_name": "dev", "node_id": "test.my_etl_project.not_null_stg_customers_region.dead58c348"} */

    
    select
      count(*) as failures,
      count(*) != 0 as should_warn,
      count(*) != 0 as should_error
    from (
      
    
  
    
    



select region
from "dev"."main"."stg_customers"
where region is null



  
  
      
    ) dbt_internal_test
[0m07:23:46.797093 [debug] [Thread-4 (]: SQL status: OK in 0.001 seconds
[0m07:23:46.797201 [debug] [Thread-1 (]: Using duckdb connection "test.my_etl_project.not_null_stg_orders_amount.2546645448"
[0m07:23:46.797326 [debug] [Thread-2 (]: On test.my_etl_project.not_null_stg_customers_segment.54e04798f3: /* {"app": "dbt", "dbt_version": "1.11.7", "profile_name": "my_etl_project", "target_name": "dev", "node_id": "test.my_etl_project.not_null_stg_customers_segment.54e04798f3"} */

    
    select
      count(*) as failures,
      count(*) != 0 as should_warn,
      count(*) != 0 as should_error
    from (
      
    
  
    
    



select segment
from "dev"."main"."stg_customers"
where segment is null



  
  
      
    ) dbt_internal_test
[0m07:23:46.797500 [debug] [Thread-4 (]: Using duckdb connection "test.my_etl_project.not_null_stg_orders_customer_id.af79d5e4b5"
[0m07:23:46.797622 [debug] [Thread-1 (]: On test.my_etl_project.not_null_stg_orders_amount.2546645448: /* {"app": "dbt", "dbt_version": "1.11.7", "profile_name": "my_etl_project", "target_name": "dev", "node_id": "test.my_etl_project.not_null_stg_orders_amount.2546645448"} */

    
    select
      count(*) as failures,
      count(*) != 0 as should_warn,
      count(*) != 0 as should_error
    from (
      
    
  
    
    



select amount
from "dev"."main"."stg_orders"
where amount is null



  
  
      
    ) dbt_internal_test
[0m07:23:46.797783 [debug] [Thread-3 (]: SQL status: OK in 0.000 seconds
[0m07:23:46.797909 [debug] [Thread-4 (]: On test.my_etl_project.not_null_stg_orders_customer_id.af79d5e4b5: /* {"app": "dbt", "dbt_version": "1.11.7", "profile_name": "my_etl_project", "target_name": "dev", "node_id": "test.my_etl_project.not_null_stg_orders_customer_id.af79d5e4b5"} */

    
    select
      count(*) as failures,
      count(*) != 0 as should_warn,
      count(*) != 0 as should_error
    from (
      
    
  
    
    



select customer_id
from "dev"."main"."stg_orders"
where customer_id is null



  
  
      
    ) dbt_internal_test
[0m07:23:46.798056 [debug] [Thread-2 (]: SQL status: OK in 0.000 seconds
[0m07:23:46.798597 [debug] [Thread-3 (]: On test.my_etl_project.not_null_stg_customers_region.dead58c348: ROLLBACK
[0m07:23:46.798744 [debug] [Thread-1 (]: SQL status: OK in 0.001 seconds
[0m07:23:46.799188 [debug] [Thread-2 (]: On test.my_etl_project.not_null_stg_customers_segment.54e04798f3: ROLLBACK
[0m07:23:46.799331 [debug] [Thread-4 (]: SQL status: OK in 0.001 seconds
[0m07:23:46.799489 [debug] [Thread-3 (]: Failed to rollback 'test.my_etl_project.not_null_stg_customers_region.dead58c348'
[0m07:23:46.799879 [debug] [Thread-1 (]: On test.my_etl_project.not_null_stg_orders_amount.2546645448: ROLLBACK
[0m07:23:46.800051 [debug] [Thread-2 (]: Failed to rollback 'test.my_etl_project.not_null_stg_customers_segment.54e04798f3'
[0m07:23:46.800437 [debug] [Thread-4 (]: On test.my_etl_project.not_null_stg_orders_customer_id.af79d5e4b5: ROLLBACK
[0m07:23:46.800555 [debug] [Thread-3 (]: On test.my_etl_project.not_null_stg_customers_region.dead58c348: Close
[0m07:23:46.800707 [debug] [Thread-1 (]: Failed to rollback 'test.my_etl_project.not_null_stg_orders_amount.2546645448'
[0m07:23:46.800821 [debug] [Thread-2 (]: On test.my_etl_project.not_null_stg_customers_segment.54e04798f3: Close
[0m07:23:46.800960 [debug] [Thread-4 (]: Failed to rollback 'test.my_etl_project.not_null_stg_orders_customer_id.af79d5e4b5'
[0m07:23:46.801235 [debug] [Thread-1 (]: On test.my_etl_project.not_null_stg_orders_amount.2546645448: Close
[0m07:23:46.801142 [info ] [Thread-3 (]: 13 of 37 PASS not_null_stg_customers_region .................................... [[32mPASS[0m in 0.02s]
[0m07:23:46.801547 [debug] [Thread-4 (]: On test.my_etl_project.not_null_stg_orders_customer_id.af79d5e4b5: Close
[0m07:23:46.801455 [info ] [Thread-2 (]: 14 of 37 PASS not_null_stg_customers_segment ................................... [[32mPASS[0m in 0.02s]
[0m07:23:46.801750 [info ] [Thread-1 (]: 15 of 37 PASS not_null_stg_orders_amount ....................................... [[32mPASS[0m in 0.02s]
[0m07:23:46.801934 [debug] [Thread-3 (]: Finished running node test.my_etl_project.not_null_stg_customers_region.dead58c348
[0m07:23:46.802101 [info ] [Thread-4 (]: 16 of 37 PASS not_null_stg_orders_customer_id .................................. [[32mPASS[0m in 0.02s]
[0m07:23:46.802278 [debug] [Thread-2 (]: Finished running node test.my_etl_project.not_null_stg_customers_segment.54e04798f3
[0m07:23:46.802444 [debug] [Thread-1 (]: Finished running node test.my_etl_project.not_null_stg_orders_amount.2546645448
[0m07:23:46.802580 [debug] [Thread-3 (]: Began running node test.my_etl_project.not_null_stg_orders_order_id.81cfe2fe64
[0m07:23:46.802763 [debug] [Thread-4 (]: Finished running node test.my_etl_project.not_null_stg_orders_customer_id.af79d5e4b5
[0m07:23:46.802890 [debug] [Thread-2 (]: Began running node test.my_etl_project.not_null_stg_orders_status.2b01eecbd6
[0m07:23:46.803032 [debug] [Thread-1 (]: Began running node test.my_etl_project.not_null_stg_products_price_usd.1377dfd511
[0m07:23:46.803173 [info ] [Thread-3 (]: 17 of 37 START test not_null_stg_orders_order_id ............................... [RUN]
[0m07:23:46.803315 [debug] [Thread-4 (]: Began running node test.my_etl_project.not_null_stg_products_product_id.6373b0acf3
[0m07:23:46.803447 [info ] [Thread-2 (]: 18 of 37 START test not_null_stg_orders_status ................................. [RUN]
[0m07:23:46.803581 [info ] [Thread-1 (]: 19 of 37 START test not_null_stg_products_price_usd ............................ [RUN]
[0m07:23:46.803723 [debug] [Thread-3 (]: Re-using an available connection from the pool (formerly test.my_etl_project.not_null_stg_customers_region.dead58c348, now test.my_etl_project.not_null_stg_orders_order_id.81cfe2fe64)
[0m07:23:46.803852 [info ] [Thread-4 (]: 20 of 37 START test not_null_stg_products_product_id ........................... [RUN]
[0m07:23:46.803991 [debug] [Thread-2 (]: Re-using an available connection from the pool (formerly test.my_etl_project.not_null_stg_customers_segment.54e04798f3, now test.my_etl_project.not_null_stg_orders_status.2b01eecbd6)
[0m07:23:46.804122 [debug] [Thread-1 (]: Re-using an available connection from the pool (formerly test.my_etl_project.not_null_stg_orders_amount.2546645448, now test.my_etl_project.not_null_stg_products_price_usd.1377dfd511)
[0m07:23:46.804245 [debug] [Thread-3 (]: Began compiling node test.my_etl_project.not_null_stg_orders_order_id.81cfe2fe64
[0m07:23:46.804370 [debug] [Thread-4 (]: Re-using an available connection from the pool (formerly test.my_etl_project.not_null_stg_orders_customer_id.af79d5e4b5, now test.my_etl_project.not_null_stg_products_product_id.6373b0acf3)
[0m07:23:46.804491 [debug] [Thread-2 (]: Began compiling node test.my_etl_project.not_null_stg_orders_status.2b01eecbd6
[0m07:23:46.804617 [debug] [Thread-1 (]: Began compiling node test.my_etl_project.not_null_stg_products_price_usd.1377dfd511
[0m07:23:46.805890 [debug] [Thread-3 (]: Writing injected SQL for node "test.my_etl_project.not_null_stg_orders_order_id.81cfe2fe64"
[0m07:23:46.806032 [debug] [Thread-4 (]: Began compiling node test.my_etl_project.not_null_stg_products_product_id.6373b0acf3
[0m07:23:46.807244 [debug] [Thread-2 (]: Writing injected SQL for node "test.my_etl_project.not_null_stg_orders_status.2b01eecbd6"
[0m07:23:46.808445 [debug] [Thread-1 (]: Writing injected SQL for node "test.my_etl_project.not_null_stg_products_price_usd.1377dfd511"
[0m07:23:46.809627 [debug] [Thread-4 (]: Writing injected SQL for node "test.my_etl_project.not_null_stg_products_product_id.6373b0acf3"
[0m07:23:46.809836 [debug] [Thread-3 (]: Began executing node test.my_etl_project.not_null_stg_orders_order_id.81cfe2fe64
[0m07:23:46.810642 [debug] [Thread-3 (]: Writing runtime sql for node "test.my_etl_project.not_null_stg_orders_order_id.81cfe2fe64"
[0m07:23:46.810784 [debug] [Thread-2 (]: Began executing node test.my_etl_project.not_null_stg_orders_status.2b01eecbd6
[0m07:23:46.810920 [debug] [Thread-4 (]: Began executing node test.my_etl_project.not_null_stg_products_product_id.6373b0acf3
[0m07:23:46.811034 [debug] [Thread-1 (]: Began executing node test.my_etl_project.not_null_stg_products_price_usd.1377dfd511
[0m07:23:46.812450 [debug] [Thread-2 (]: Writing runtime sql for node "test.my_etl_project.not_null_stg_orders_status.2b01eecbd6"
[0m07:23:46.813158 [debug] [Thread-4 (]: Writing runtime sql for node "test.my_etl_project.not_null_stg_products_product_id.6373b0acf3"
[0m07:23:46.813317 [debug] [Thread-3 (]: Using duckdb connection "test.my_etl_project.not_null_stg_orders_order_id.81cfe2fe64"
[0m07:23:46.814107 [debug] [Thread-1 (]: Writing runtime sql for node "test.my_etl_project.not_null_stg_products_price_usd.1377dfd511"
[0m07:23:46.814294 [debug] [Thread-3 (]: On test.my_etl_project.not_null_stg_orders_order_id.81cfe2fe64: BEGIN
[0m07:23:46.814508 [debug] [Thread-3 (]: Opening a new connection, currently in state closed
[0m07:23:46.814636 [debug] [Thread-2 (]: Using duckdb connection "test.my_etl_project.not_null_stg_orders_status.2b01eecbd6"
[0m07:23:46.814774 [debug] [Thread-4 (]: Using duckdb connection "test.my_etl_project.not_null_stg_products_product_id.6373b0acf3"
[0m07:23:46.814990 [debug] [Thread-1 (]: Using duckdb connection "test.my_etl_project.not_null_stg_products_price_usd.1377dfd511"
[0m07:23:46.815193 [debug] [Thread-2 (]: On test.my_etl_project.not_null_stg_orders_status.2b01eecbd6: BEGIN
[0m07:23:46.815314 [debug] [Thread-4 (]: On test.my_etl_project.not_null_stg_products_product_id.6373b0acf3: BEGIN
[0m07:23:46.815423 [debug] [Thread-3 (]: SQL status: OK in 0.001 seconds
[0m07:23:46.815535 [debug] [Thread-1 (]: On test.my_etl_project.not_null_stg_products_price_usd.1377dfd511: BEGIN
[0m07:23:46.815648 [debug] [Thread-2 (]: Opening a new connection, currently in state closed
[0m07:23:46.815771 [debug] [Thread-4 (]: Opening a new connection, currently in state closed
[0m07:23:46.815889 [debug] [Thread-3 (]: Using duckdb connection "test.my_etl_project.not_null_stg_orders_order_id.81cfe2fe64"
[0m07:23:46.816010 [debug] [Thread-1 (]: Opening a new connection, currently in state closed
[0m07:23:46.816203 [debug] [Thread-2 (]: SQL status: OK in 0.001 seconds
[0m07:23:46.816324 [debug] [Thread-3 (]: On test.my_etl_project.not_null_stg_orders_order_id.81cfe2fe64: /* {"app": "dbt", "dbt_version": "1.11.7", "profile_name": "my_etl_project", "target_name": "dev", "node_id": "test.my_etl_project.not_null_stg_orders_order_id.81cfe2fe64"} */

    
    select
      count(*) as failures,
      count(*) != 0 as should_warn,
      count(*) != 0 as should_error
    from (
      
    
  
    
    



select order_id
from "dev"."main"."stg_orders"
where order_id is null



  
  
      
    ) dbt_internal_test
[0m07:23:46.816454 [debug] [Thread-4 (]: SQL status: OK in 0.001 seconds
[0m07:23:46.816600 [debug] [Thread-2 (]: Using duckdb connection "test.my_etl_project.not_null_stg_orders_status.2b01eecbd6"
[0m07:23:46.816715 [debug] [Thread-1 (]: SQL status: OK in 0.001 seconds
[0m07:23:46.816871 [debug] [Thread-4 (]: Using duckdb connection "test.my_etl_project.not_null_stg_products_product_id.6373b0acf3"
[0m07:23:46.816993 [debug] [Thread-2 (]: On test.my_etl_project.not_null_stg_orders_status.2b01eecbd6: /* {"app": "dbt", "dbt_version": "1.11.7", "profile_name": "my_etl_project", "target_name": "dev", "node_id": "test.my_etl_project.not_null_stg_orders_status.2b01eecbd6"} */

    
    select
      count(*) as failures,
      count(*) != 0 as should_warn,
      count(*) != 0 as should_error
    from (
      
    
  
    
    



select status
from "dev"."main"."stg_orders"
where status is null



  
  
      
    ) dbt_internal_test
[0m07:23:46.817120 [debug] [Thread-3 (]: SQL status: OK in 0.000 seconds
[0m07:23:46.817225 [debug] [Thread-1 (]: Using duckdb connection "test.my_etl_project.not_null_stg_products_price_usd.1377dfd511"
[0m07:23:46.817346 [debug] [Thread-4 (]: On test.my_etl_project.not_null_stg_products_product_id.6373b0acf3: /* {"app": "dbt", "dbt_version": "1.11.7", "profile_name": "my_etl_project", "target_name": "dev", "node_id": "test.my_etl_project.not_null_stg_products_product_id.6373b0acf3"} */

    
    select
      count(*) as failures,
      count(*) != 0 as should_warn,
      count(*) != 0 as should_error
    from (
      
    
  
    
    



select product_id
from "dev"."main"."stg_products"
where product_id is null



  
  
      
    ) dbt_internal_test
[0m07:23:46.817901 [debug] [Thread-3 (]: On test.my_etl_project.not_null_stg_orders_order_id.81cfe2fe64: ROLLBACK
[0m07:23:46.818017 [debug] [Thread-1 (]: On test.my_etl_project.not_null_stg_products_price_usd.1377dfd511: /* {"app": "dbt", "dbt_version": "1.11.7", "profile_name": "my_etl_project", "target_name": "dev", "node_id": "test.my_etl_project.not_null_stg_products_price_usd.1377dfd511"} */

    
    select
      count(*) as failures,
      count(*) != 0 as should_warn,
      count(*) != 0 as should_error
    from (
      
    
  
    
    



select price_usd
from "dev"."main"."stg_products"
where price_usd is null



  
  
      
    ) dbt_internal_test
[0m07:23:46.818136 [debug] [Thread-2 (]: SQL status: OK in 0.001 seconds
[0m07:23:46.818362 [debug] [Thread-3 (]: Failed to rollback 'test.my_etl_project.not_null_stg_orders_order_id.81cfe2fe64'
[0m07:23:46.818546 [debug] [Thread-4 (]: SQL status: OK in 0.000 seconds
[0m07:23:46.818987 [debug] [Thread-2 (]: On test.my_etl_project.not_null_stg_orders_status.2b01eecbd6: ROLLBACK
[0m07:23:46.819108 [debug] [Thread-3 (]: On test.my_etl_project.not_null_stg_orders_order_id.81cfe2fe64: Close
[0m07:23:46.819217 [debug] [Thread-1 (]: SQL status: OK in 0.001 seconds
[0m07:23:46.819402 [debug] [Thread-2 (]: Failed to rollback 'test.my_etl_project.not_null_stg_orders_status.2b01eecbd6'
[0m07:23:46.819772 [debug] [Thread-4 (]: On test.my_etl_project.not_null_stg_products_product_id.6373b0acf3: ROLLBACK
[0m07:23:46.819988 [info ] [Thread-3 (]: 17 of 37 PASS not_null_stg_orders_order_id ..................................... [[32mPASS[0m in 0.02s]
[0m07:23:46.820434 [debug] [Thread-1 (]: On test.my_etl_project.not_null_stg_products_price_usd.1377dfd511: ROLLBACK
[0m07:23:46.820559 [debug] [Thread-2 (]: On test.my_etl_project.not_null_stg_orders_status.2b01eecbd6: Close
[0m07:23:46.820736 [debug] [Thread-4 (]: Failed to rollback 'test.my_etl_project.not_null_stg_products_product_id.6373b0acf3'
[0m07:23:46.820919 [debug] [Thread-3 (]: Finished running node test.my_etl_project.not_null_stg_orders_order_id.81cfe2fe64
[0m07:23:46.821088 [debug] [Thread-1 (]: Failed to rollback 'test.my_etl_project.not_null_stg_products_price_usd.1377dfd511'
[0m07:23:46.821305 [info ] [Thread-2 (]: 18 of 37 PASS not_null_stg_orders_status ....................................... [[32mPASS[0m in 0.02s]
[0m07:23:46.821560 [debug] [Thread-4 (]: On test.my_etl_project.not_null_stg_products_product_id.6373b0acf3: Close
[0m07:23:46.821787 [debug] [Thread-3 (]: Began running node test.my_etl_project.positive_values_fct_sales_amount.12d23854c3
[0m07:23:46.821946 [debug] [Thread-1 (]: On test.my_etl_project.not_null_stg_products_price_usd.1377dfd511: Close
[0m07:23:46.822139 [debug] [Thread-2 (]: Finished running node test.my_etl_project.not_null_stg_orders_status.2b01eecbd6
[0m07:23:46.822339 [info ] [Thread-4 (]: 20 of 37 PASS not_null_stg_products_product_id ................................. [[32mPASS[0m in 0.02s]
[0m07:23:46.822447 [info ] [Thread-3 (]: 21 of 37 START test positive_values_fct_sales_amount ........................... [RUN]
[0m07:23:46.822823 [debug] [Thread-2 (]: Began running node test.my_etl_project.positive_values_stg_orders_amount.5ee405780e
[0m07:23:46.822707 [info ] [Thread-1 (]: 19 of 37 PASS not_null_stg_products_price_usd .................................. [[32mPASS[0m in 0.02s]
[0m07:23:46.823043 [debug] [Thread-4 (]: Finished running node test.my_etl_project.not_null_stg_products_product_id.6373b0acf3
[0m07:23:46.823192 [debug] [Thread-3 (]: Re-using an available connection from the pool (formerly test.my_etl_project.not_null_stg_orders_order_id.81cfe2fe64, now test.my_etl_project.positive_values_fct_sales_amount.12d23854c3)
[0m07:23:46.823331 [info ] [Thread-2 (]: 22 of 37 START test positive_values_stg_orders_amount .......................... [RUN]
[0m07:23:46.823510 [debug] [Thread-1 (]: Finished running node test.my_etl_project.not_null_stg_products_price_usd.1377dfd511
[0m07:23:46.823648 [debug] [Thread-4 (]: Began running node test.my_etl_project.positive_values_stg_products_price_usd.24ebdc0599
[0m07:23:46.823786 [debug] [Thread-3 (]: Began compiling node test.my_etl_project.positive_values_fct_sales_amount.12d23854c3
[0m07:23:46.823920 [debug] [Thread-2 (]: Re-using an available connection from the pool (formerly test.my_etl_project.not_null_stg_orders_status.2b01eecbd6, now test.my_etl_project.positive_values_stg_orders_amount.5ee405780e)
[0m07:23:46.824057 [debug] [Thread-1 (]: Began running node test.my_etl_project.relationships_stg_orders_customer_id__customer_id__ref_stg_customers_.430bf21500
[0m07:23:46.824201 [info ] [Thread-4 (]: 23 of 37 START test positive_values_stg_products_price_usd ..................... [RUN]
[0m07:23:46.826240 [debug] [Thread-3 (]: Writing injected SQL for node "test.my_etl_project.positive_values_fct_sales_amount.12d23854c3"
[0m07:23:46.826428 [debug] [Thread-2 (]: Began compiling node test.my_etl_project.positive_values_stg_orders_amount.5ee405780e
[0m07:23:46.826601 [info ] [Thread-1 (]: 24 of 37 START test relationships_stg_orders_customer_id__customer_id__ref_stg_customers_  [RUN]
[0m07:23:46.826784 [debug] [Thread-4 (]: Re-using an available connection from the pool (formerly test.my_etl_project.not_null_stg_products_product_id.6373b0acf3, now test.my_etl_project.positive_values_stg_products_price_usd.24ebdc0599)
[0m07:23:46.828365 [debug] [Thread-2 (]: Writing injected SQL for node "test.my_etl_project.positive_values_stg_orders_amount.5ee405780e"
[0m07:23:46.828547 [debug] [Thread-1 (]: Re-using an available connection from the pool (formerly test.my_etl_project.not_null_stg_products_price_usd.1377dfd511, now test.my_etl_project.relationships_stg_orders_customer_id__customer_id__ref_stg_customers_.430bf21500)
[0m07:23:46.828746 [debug] [Thread-4 (]: Began compiling node test.my_etl_project.positive_values_stg_products_price_usd.24ebdc0599
[0m07:23:46.828990 [debug] [Thread-3 (]: Began executing node test.my_etl_project.positive_values_fct_sales_amount.12d23854c3
[0m07:23:46.829141 [debug] [Thread-1 (]: Began compiling node test.my_etl_project.relationships_stg_orders_customer_id__customer_id__ref_stg_customers_.430bf21500
[0m07:23:46.830533 [debug] [Thread-4 (]: Writing injected SQL for node "test.my_etl_project.positive_values_stg_products_price_usd.24ebdc0599"
[0m07:23:46.831347 [debug] [Thread-3 (]: Writing runtime sql for node "test.my_etl_project.positive_values_fct_sales_amount.12d23854c3"
[0m07:23:46.831467 [debug] [Thread-2 (]: Began executing node test.my_etl_project.positive_values_stg_orders_amount.5ee405780e
[0m07:23:46.834298 [debug] [Thread-1 (]: Writing injected SQL for node "test.my_etl_project.relationships_stg_orders_customer_id__customer_id__ref_stg_customers_.430bf21500"
[0m07:23:46.835374 [debug] [Thread-2 (]: Writing runtime sql for node "test.my_etl_project.positive_values_stg_orders_amount.5ee405780e"
[0m07:23:46.835810 [debug] [Thread-3 (]: Using duckdb connection "test.my_etl_project.positive_values_fct_sales_amount.12d23854c3"
[0m07:23:46.836026 [debug] [Thread-1 (]: Began executing node test.my_etl_project.relationships_stg_orders_customer_id__customer_id__ref_stg_customers_.430bf21500
[0m07:23:46.836171 [debug] [Thread-4 (]: Began executing node test.my_etl_project.positive_values_stg_products_price_usd.24ebdc0599
[0m07:23:46.836303 [debug] [Thread-3 (]: On test.my_etl_project.positive_values_fct_sales_amount.12d23854c3: BEGIN
[0m07:23:46.837145 [debug] [Thread-1 (]: Writing runtime sql for node "test.my_etl_project.relationships_stg_orders_customer_id__customer_id__ref_stg_customers_.430bf21500"
[0m07:23:46.837283 [debug] [Thread-2 (]: Using duckdb connection "test.my_etl_project.positive_values_stg_orders_amount.5ee405780e"
[0m07:23:46.838924 [debug] [Thread-4 (]: Writing runtime sql for node "test.my_etl_project.positive_values_stg_products_price_usd.24ebdc0599"
[0m07:23:46.839062 [debug] [Thread-3 (]: Opening a new connection, currently in state closed
[0m07:23:46.839225 [debug] [Thread-2 (]: On test.my_etl_project.positive_values_stg_orders_amount.5ee405780e: BEGIN
[0m07:23:46.839425 [debug] [Thread-1 (]: Using duckdb connection "test.my_etl_project.relationships_stg_orders_customer_id__customer_id__ref_stg_customers_.430bf21500"
[0m07:23:46.839637 [debug] [Thread-2 (]: Opening a new connection, currently in state closed
[0m07:23:46.839775 [debug] [Thread-4 (]: Using duckdb connection "test.my_etl_project.positive_values_stg_products_price_usd.24ebdc0599"
[0m07:23:46.839898 [debug] [Thread-1 (]: On test.my_etl_project.relationships_stg_orders_customer_id__customer_id__ref_stg_customers_.430bf21500: BEGIN
[0m07:23:46.840019 [debug] [Thread-3 (]: SQL status: OK in 0.001 seconds
[0m07:23:46.840178 [debug] [Thread-4 (]: On test.my_etl_project.positive_values_stg_products_price_usd.24ebdc0599: BEGIN
[0m07:23:46.840298 [debug] [Thread-1 (]: Opening a new connection, currently in state closed
[0m07:23:46.840406 [debug] [Thread-2 (]: SQL status: OK in 0.001 seconds
[0m07:23:46.840523 [debug] [Thread-3 (]: Using duckdb connection "test.my_etl_project.positive_values_fct_sales_amount.12d23854c3"
[0m07:23:46.840634 [debug] [Thread-4 (]: Opening a new connection, currently in state closed
[0m07:23:46.840794 [debug] [Thread-2 (]: Using duckdb connection "test.my_etl_project.positive_values_stg_orders_amount.5ee405780e"
[0m07:23:46.840911 [debug] [Thread-1 (]: SQL status: OK in 0.001 seconds
[0m07:23:46.841043 [debug] [Thread-3 (]: On test.my_etl_project.positive_values_fct_sales_amount.12d23854c3: /* {"app": "dbt", "dbt_version": "1.11.7", "profile_name": "my_etl_project", "target_name": "dev", "node_id": "test.my_etl_project.positive_values_fct_sales_amount.12d23854c3"} */

    
    select
      count(*) as failures,
      count(*) != 0 as should_warn,
      count(*) != 0 as should_error
    from (
      
    
  

SELECT *
FROM "dev"."main_analytics"."fct_sales"
WHERE amount <= 0
  AND amount IS NOT NULL


  
  
      
    ) dbt_internal_test
[0m07:23:46.841261 [debug] [Thread-2 (]: On test.my_etl_project.positive_values_stg_orders_amount.5ee405780e: /* {"app": "dbt", "dbt_version": "1.11.7", "profile_name": "my_etl_project", "target_name": "dev", "node_id": "test.my_etl_project.positive_values_stg_orders_amount.5ee405780e"} */

    
    select
      count(*) as failures,
      count(*) != 0 as should_warn,
      count(*) != 0 as should_error
    from (
      
    
  

SELECT *
FROM "dev"."main"."stg_orders"
WHERE amount <= 0
  AND amount IS NOT NULL


  
  
      
    ) dbt_internal_test
[0m07:23:46.841398 [debug] [Thread-1 (]: Using duckdb connection "test.my_etl_project.relationships_stg_orders_customer_id__customer_id__ref_stg_customers_.430bf21500"
[0m07:23:46.841511 [debug] [Thread-4 (]: SQL status: OK in 0.001 seconds
[0m07:23:46.841982 [debug] [Thread-1 (]: On test.my_etl_project.relationships_stg_orders_customer_id__customer_id__ref_stg_customers_.430bf21500: /* {"app": "dbt", "dbt_version": "1.11.7", "profile_name": "my_etl_project", "target_name": "dev", "node_id": "test.my_etl_project.relationships_stg_orders_customer_id__customer_id__ref_stg_customers_.430bf21500"} */

    
    select
      count(*) as failures,
      count(*) != 0 as should_warn,
      count(*) != 0 as should_error
    from (
      
    
  
    
    

with child as (
    select customer_id as from_field
    from "dev"."main"."stg_orders"
    where customer_id is not null
),

parent as (
    select customer_id as to_field
    from "dev"."main"."stg_customers"
)

select
    from_field

from child
left join parent
    on child.from_field = parent.to_field

where parent.to_field is null



  
  
      
    ) dbt_internal_test
[0m07:23:46.842141 [debug] [Thread-4 (]: Using duckdb connection "test.my_etl_project.positive_values_stg_products_price_usd.24ebdc0599"
[0m07:23:46.842311 [debug] [Thread-3 (]: SQL status: OK in 0.001 seconds
[0m07:23:46.842462 [debug] [Thread-2 (]: SQL status: OK in 0.001 seconds
[0m07:23:46.842662 [debug] [Thread-4 (]: On test.my_etl_project.positive_values_stg_products_price_usd.24ebdc0599: /* {"app": "dbt", "dbt_version": "1.11.7", "profile_name": "my_etl_project", "target_name": "dev", "node_id": "test.my_etl_project.positive_values_stg_products_price_usd.24ebdc0599"} */

    
    select
      count(*) as failures,
      count(*) != 0 as should_warn,
      count(*) != 0 as should_error
    from (
      
    
  

SELECT *
FROM "dev"."main"."stg_products"
WHERE price_usd <= 0
  AND price_usd IS NOT NULL


  
  
      
    ) dbt_internal_test
[0m07:23:46.843259 [debug] [Thread-3 (]: On test.my_etl_project.positive_values_fct_sales_amount.12d23854c3: ROLLBACK
[0m07:23:46.843700 [debug] [Thread-2 (]: On test.my_etl_project.positive_values_stg_orders_amount.5ee405780e: ROLLBACK
[0m07:23:46.843821 [debug] [Thread-1 (]: SQL status: OK in 0.001 seconds
[0m07:23:46.844065 [debug] [Thread-3 (]: Failed to rollback 'test.my_etl_project.positive_values_fct_sales_amount.12d23854c3'
[0m07:23:46.844232 [debug] [Thread-2 (]: Failed to rollback 'test.my_etl_project.positive_values_stg_orders_amount.5ee405780e'
[0m07:23:46.844346 [debug] [Thread-4 (]: SQL status: OK in 0.000 seconds
[0m07:23:46.844765 [debug] [Thread-1 (]: On test.my_etl_project.relationships_stg_orders_customer_id__customer_id__ref_stg_customers_.430bf21500: ROLLBACK
[0m07:23:46.844877 [debug] [Thread-3 (]: On test.my_etl_project.positive_values_fct_sales_amount.12d23854c3: Close
[0m07:23:46.844996 [debug] [Thread-2 (]: On test.my_etl_project.positive_values_stg_orders_amount.5ee405780e: Close
[0m07:23:46.845393 [debug] [Thread-4 (]: On test.my_etl_project.positive_values_stg_products_price_usd.24ebdc0599: ROLLBACK
[0m07:23:46.845552 [debug] [Thread-1 (]: Failed to rollback 'test.my_etl_project.relationships_stg_orders_customer_id__customer_id__ref_stg_customers_.430bf21500'
[0m07:23:46.845783 [info ] [Thread-3 (]: 21 of 37 PASS positive_values_fct_sales_amount ................................. [[32mPASS[0m in 0.02s]
[0m07:23:46.845950 [info ] [Thread-2 (]: 22 of 37 PASS positive_values_stg_orders_amount ................................ [[32mPASS[0m in 0.02s]
[0m07:23:46.846166 [debug] [Thread-4 (]: Failed to rollback 'test.my_etl_project.positive_values_stg_products_price_usd.24ebdc0599'
[0m07:23:46.846287 [debug] [Thread-1 (]: On test.my_etl_project.relationships_stg_orders_customer_id__customer_id__ref_stg_customers_.430bf21500: Close
[0m07:23:46.846466 [debug] [Thread-3 (]: Finished running node test.my_etl_project.positive_values_fct_sales_amount.12d23854c3
[0m07:23:46.846636 [debug] [Thread-2 (]: Finished running node test.my_etl_project.positive_values_stg_orders_amount.5ee405780e
[0m07:23:46.846756 [debug] [Thread-4 (]: On test.my_etl_project.positive_values_stg_products_price_usd.24ebdc0599: Close
[0m07:23:46.847081 [debug] [Thread-3 (]: Began running node test.my_etl_project.source_not_null_raw_raw_customers_customer_id.be576d1f05
[0m07:23:46.846959 [info ] [Thread-1 (]: 24 of 37 PASS relationships_stg_orders_customer_id__customer_id__ref_stg_customers_  [[32mPASS[0m in 0.02s]
[0m07:23:46.847268 [debug] [Thread-2 (]: Began running node test.my_etl_project.source_not_null_raw_raw_orders_customer_id.e85b23b048
[0m07:23:46.847461 [info ] [Thread-4 (]: 23 of 37 PASS positive_values_stg_products_price_usd ........................... [[32mPASS[0m in 0.02s]
[0m07:23:46.847605 [info ] [Thread-3 (]: 25 of 37 START test source_not_null_raw_raw_customers_customer_id .............. [RUN]
[0m07:23:46.847790 [debug] [Thread-1 (]: Finished running node test.my_etl_project.relationships_stg_orders_customer_id__customer_id__ref_stg_customers_.430bf21500
[0m07:23:46.847918 [info ] [Thread-2 (]: 26 of 37 START test source_not_null_raw_raw_orders_customer_id ................. [RUN]
[0m07:23:46.848091 [debug] [Thread-4 (]: Finished running node test.my_etl_project.positive_values_stg_products_price_usd.24ebdc0599
[0m07:23:46.848270 [debug] [Thread-3 (]: Re-using an available connection from the pool (formerly test.my_etl_project.positive_values_fct_sales_amount.12d23854c3, now test.my_etl_project.source_not_null_raw_raw_customers_customer_id.be576d1f05)
[0m07:23:46.848406 [debug] [Thread-1 (]: Began running node test.my_etl_project.source_not_null_raw_raw_orders_order_id.c81aad1dcf
[0m07:23:46.848544 [debug] [Thread-2 (]: Re-using an available connection from the pool (formerly test.my_etl_project.positive_values_stg_orders_amount.5ee405780e, now test.my_etl_project.source_not_null_raw_raw_orders_customer_id.e85b23b048)
[0m07:23:46.848676 [debug] [Thread-4 (]: Began running node test.my_etl_project.source_not_null_raw_raw_products_product_id.ae924bb9c1
[0m07:23:46.848808 [debug] [Thread-3 (]: Began compiling node test.my_etl_project.source_not_null_raw_raw_customers_customer_id.be576d1f05
[0m07:23:46.848938 [info ] [Thread-1 (]: 27 of 37 START test source_not_null_raw_raw_orders_order_id .................... [RUN]
[0m07:23:46.849066 [debug] [Thread-2 (]: Began compiling node test.my_etl_project.source_not_null_raw_raw_orders_customer_id.e85b23b048
[0m07:23:46.849185 [info ] [Thread-4 (]: 28 of 37 START test source_not_null_raw_raw_products_product_id ................ [RUN]
[0m07:23:46.850930 [debug] [Thread-3 (]: Writing injected SQL for node "test.my_etl_project.source_not_null_raw_raw_customers_customer_id.be576d1f05"
[0m07:23:46.851106 [debug] [Thread-1 (]: Re-using an available connection from the pool (formerly test.my_etl_project.relationships_stg_orders_customer_id__customer_id__ref_stg_customers_.430bf21500, now test.my_etl_project.source_not_null_raw_raw_orders_order_id.c81aad1dcf)
[0m07:23:46.852648 [debug] [Thread-2 (]: Writing injected SQL for node "test.my_etl_project.source_not_null_raw_raw_orders_customer_id.e85b23b048"
[0m07:23:46.852828 [debug] [Thread-4 (]: Re-using an available connection from the pool (formerly test.my_etl_project.positive_values_stg_products_price_usd.24ebdc0599, now test.my_etl_project.source_not_null_raw_raw_products_product_id.ae924bb9c1)
[0m07:23:46.853023 [debug] [Thread-1 (]: Began compiling node test.my_etl_project.source_not_null_raw_raw_orders_order_id.c81aad1dcf
[0m07:23:46.853198 [debug] [Thread-4 (]: Began compiling node test.my_etl_project.source_not_null_raw_raw_products_product_id.ae924bb9c1
[0m07:23:46.854618 [debug] [Thread-1 (]: Writing injected SQL for node "test.my_etl_project.source_not_null_raw_raw_orders_order_id.c81aad1dcf"
[0m07:23:46.856027 [debug] [Thread-4 (]: Writing injected SQL for node "test.my_etl_project.source_not_null_raw_raw_products_product_id.ae924bb9c1"
[0m07:23:46.856249 [debug] [Thread-2 (]: Began executing node test.my_etl_project.source_not_null_raw_raw_orders_customer_id.e85b23b048
[0m07:23:46.856429 [debug] [Thread-3 (]: Began executing node test.my_etl_project.source_not_null_raw_raw_customers_customer_id.be576d1f05
[0m07:23:46.857229 [debug] [Thread-2 (]: Writing runtime sql for node "test.my_etl_project.source_not_null_raw_raw_orders_customer_id.e85b23b048"
[0m07:23:46.857371 [debug] [Thread-1 (]: Began executing node test.my_etl_project.source_not_null_raw_raw_orders_order_id.c81aad1dcf
[0m07:23:46.858114 [debug] [Thread-3 (]: Writing runtime sql for node "test.my_etl_project.source_not_null_raw_raw_customers_customer_id.be576d1f05"
[0m07:23:46.858244 [debug] [Thread-4 (]: Began executing node test.my_etl_project.source_not_null_raw_raw_products_product_id.ae924bb9c1
[0m07:23:46.859053 [debug] [Thread-1 (]: Writing runtime sql for node "test.my_etl_project.source_not_null_raw_raw_orders_order_id.c81aad1dcf"
[0m07:23:46.859808 [debug] [Thread-4 (]: Writing runtime sql for node "test.my_etl_project.source_not_null_raw_raw_products_product_id.ae924bb9c1"
[0m07:23:46.860037 [debug] [Thread-3 (]: Using duckdb connection "test.my_etl_project.source_not_null_raw_raw_customers_customer_id.be576d1f05"
[0m07:23:46.860169 [debug] [Thread-2 (]: Using duckdb connection "test.my_etl_project.source_not_null_raw_raw_orders_customer_id.e85b23b048"
[0m07:23:46.860324 [debug] [Thread-3 (]: On test.my_etl_project.source_not_null_raw_raw_customers_customer_id.be576d1f05: BEGIN
[0m07:23:46.860455 [debug] [Thread-1 (]: Using duckdb connection "test.my_etl_project.source_not_null_raw_raw_orders_order_id.c81aad1dcf"
[0m07:23:46.860606 [debug] [Thread-2 (]: On test.my_etl_project.source_not_null_raw_raw_orders_customer_id.e85b23b048: BEGIN
[0m07:23:46.860734 [debug] [Thread-4 (]: Using duckdb connection "test.my_etl_project.source_not_null_raw_raw_products_product_id.ae924bb9c1"
[0m07:23:46.860860 [debug] [Thread-3 (]: Opening a new connection, currently in state closed
[0m07:23:46.860984 [debug] [Thread-1 (]: On test.my_etl_project.source_not_null_raw_raw_orders_order_id.c81aad1dcf: BEGIN
[0m07:23:46.861108 [debug] [Thread-2 (]: Opening a new connection, currently in state closed
[0m07:23:46.861237 [debug] [Thread-4 (]: On test.my_etl_project.source_not_null_raw_raw_products_product_id.ae924bb9c1: BEGIN
[0m07:23:46.861428 [debug] [Thread-1 (]: Opening a new connection, currently in state closed
[0m07:23:46.861553 [debug] [Thread-3 (]: SQL status: OK in 0.001 seconds
[0m07:23:46.861697 [debug] [Thread-4 (]: Opening a new connection, currently in state closed
[0m07:23:46.861817 [debug] [Thread-2 (]: SQL status: OK in 0.001 seconds
[0m07:23:46.861962 [debug] [Thread-3 (]: Using duckdb connection "test.my_etl_project.source_not_null_raw_raw_customers_customer_id.be576d1f05"
[0m07:23:46.862076 [debug] [Thread-1 (]: SQL status: OK in 0.001 seconds
[0m07:23:46.862230 [debug] [Thread-2 (]: Using duckdb connection "test.my_etl_project.source_not_null_raw_raw_orders_customer_id.e85b23b048"
[0m07:23:46.862361 [debug] [Thread-3 (]: On test.my_etl_project.source_not_null_raw_raw_customers_customer_id.be576d1f05: /* {"app": "dbt", "dbt_version": "1.11.7", "profile_name": "my_etl_project", "target_name": "dev", "node_id": "test.my_etl_project.source_not_null_raw_raw_customers_customer_id.be576d1f05"} */

    
    select
      count(*) as failures,
      count(*) != 0 as should_warn,
      count(*) != 0 as should_error
    from (
      
    
  
    
    



select customer_id
from "dev"."main_raw_ingestion"."raw_customers"
where customer_id is null



  
  
      
    ) dbt_internal_test
[0m07:23:46.862484 [debug] [Thread-4 (]: SQL status: OK in 0.001 seconds
[0m07:23:46.862601 [debug] [Thread-1 (]: Using duckdb connection "test.my_etl_project.source_not_null_raw_raw_orders_order_id.c81aad1dcf"
[0m07:23:46.862731 [debug] [Thread-2 (]: On test.my_etl_project.source_not_null_raw_raw_orders_customer_id.e85b23b048: /* {"app": "dbt", "dbt_version": "1.11.7", "profile_name": "my_etl_project", "target_name": "dev", "node_id": "test.my_etl_project.source_not_null_raw_raw_orders_customer_id.e85b23b048"} */

    
    select
      count(*) as failures,
      count(*) != 0 as should_warn,
      count(*) != 0 as should_error
    from (
      
    
  
    
    



select customer_id
from "dev"."main_raw_ingestion"."raw_orders"
where customer_id is null



  
  
      
    ) dbt_internal_test
[0m07:23:46.862915 [debug] [Thread-4 (]: Using duckdb connection "test.my_etl_project.source_not_null_raw_raw_products_product_id.ae924bb9c1"
[0m07:23:46.863049 [debug] [Thread-1 (]: On test.my_etl_project.source_not_null_raw_raw_orders_order_id.c81aad1dcf: /* {"app": "dbt", "dbt_version": "1.11.7", "profile_name": "my_etl_project", "target_name": "dev", "node_id": "test.my_etl_project.source_not_null_raw_raw_orders_order_id.c81aad1dcf"} */

    
    select
      count(*) as failures,
      count(*) != 0 as should_warn,
      count(*) != 0 as should_error
    from (
      
    
  
    
    



select order_id
from "dev"."main_raw_ingestion"."raw_orders"
where order_id is null



  
  
      
    ) dbt_internal_test
[0m07:23:46.863174 [debug] [Thread-3 (]: SQL status: OK in 0.000 seconds
[0m07:23:46.863354 [debug] [Thread-4 (]: On test.my_etl_project.source_not_null_raw_raw_products_product_id.ae924bb9c1: /* {"app": "dbt", "dbt_version": "1.11.7", "profile_name": "my_etl_project", "target_name": "dev", "node_id": "test.my_etl_project.source_not_null_raw_raw_products_product_id.ae924bb9c1"} */

    
    select
      count(*) as failures,
      count(*) != 0 as should_warn,
      count(*) != 0 as should_error
    from (
      
    
  
    
    



select product_id
from "dev"."main_raw_ingestion"."raw_products"
where product_id is null



  
  
      
    ) dbt_internal_test
[0m07:23:46.863480 [debug] [Thread-2 (]: SQL status: OK in 0.000 seconds
[0m07:23:46.864066 [debug] [Thread-3 (]: On test.my_etl_project.source_not_null_raw_raw_customers_customer_id.be576d1f05: ROLLBACK
[0m07:23:46.864221 [debug] [Thread-1 (]: SQL status: OK in 0.001 seconds
[0m07:23:46.864657 [debug] [Thread-2 (]: On test.my_etl_project.source_not_null_raw_raw_orders_customer_id.e85b23b048: ROLLBACK
[0m07:23:46.864769 [debug] [Thread-4 (]: SQL status: OK in 0.001 seconds
[0m07:23:46.864954 [debug] [Thread-3 (]: Failed to rollback 'test.my_etl_project.source_not_null_raw_raw_customers_customer_id.be576d1f05'
[0m07:23:46.865331 [debug] [Thread-1 (]: On test.my_etl_project.source_not_null_raw_raw_orders_order_id.c81aad1dcf: ROLLBACK
[0m07:23:46.865476 [debug] [Thread-2 (]: Failed to rollback 'test.my_etl_project.source_not_null_raw_raw_orders_customer_id.e85b23b048'
[0m07:23:46.865857 [debug] [Thread-4 (]: On test.my_etl_project.source_not_null_raw_raw_products_product_id.ae924bb9c1: ROLLBACK
[0m07:23:46.865974 [debug] [Thread-3 (]: On test.my_etl_project.source_not_null_raw_raw_customers_customer_id.be576d1f05: Close
[0m07:23:46.866125 [debug] [Thread-1 (]: Failed to rollback 'test.my_etl_project.source_not_null_raw_raw_orders_order_id.c81aad1dcf'
[0m07:23:46.866242 [debug] [Thread-2 (]: On test.my_etl_project.source_not_null_raw_raw_orders_customer_id.e85b23b048: Close
[0m07:23:46.866406 [debug] [Thread-4 (]: Failed to rollback 'test.my_etl_project.source_not_null_raw_raw_products_product_id.ae924bb9c1'
[0m07:23:46.866721 [debug] [Thread-1 (]: On test.my_etl_project.source_not_null_raw_raw_orders_order_id.c81aad1dcf: Close
[0m07:23:46.866613 [info ] [Thread-3 (]: 25 of 37 PASS source_not_null_raw_raw_customers_customer_id .................... [[32mPASS[0m in 0.02s]
[0m07:23:46.866941 [info ] [Thread-2 (]: 26 of 37 PASS source_not_null_raw_raw_orders_customer_id ....................... [[32mPASS[0m in 0.02s]
[0m07:23:46.867091 [debug] [Thread-4 (]: On test.my_etl_project.source_not_null_raw_raw_products_product_id.ae924bb9c1: Close
[0m07:23:46.867429 [debug] [Thread-3 (]: Finished running node test.my_etl_project.source_not_null_raw_raw_customers_customer_id.be576d1f05
[0m07:23:46.867279 [info ] [Thread-1 (]: 27 of 37 PASS source_not_null_raw_raw_orders_order_id .......................... [[32mPASS[0m in 0.02s]
[0m07:23:46.867623 [debug] [Thread-2 (]: Finished running node test.my_etl_project.source_not_null_raw_raw_orders_customer_id.e85b23b048
[0m07:23:46.867796 [info ] [Thread-4 (]: 28 of 37 PASS source_not_null_raw_raw_products_product_id ...................... [[32mPASS[0m in 0.01s]
[0m07:23:46.867941 [debug] [Thread-3 (]: Began running node test.my_etl_project.source_unique_raw_raw_customers_customer_id.b79e6b4a34
[0m07:23:46.868131 [debug] [Thread-1 (]: Finished running node test.my_etl_project.source_not_null_raw_raw_orders_order_id.c81aad1dcf
[0m07:23:46.868258 [debug] [Thread-2 (]: Began running node test.my_etl_project.source_unique_raw_raw_orders_order_id.2b32ac9945
[0m07:23:46.868427 [debug] [Thread-4 (]: Finished running node test.my_etl_project.source_not_null_raw_raw_products_product_id.ae924bb9c1
[0m07:23:46.868553 [info ] [Thread-3 (]: 29 of 37 START test source_unique_raw_raw_customers_customer_id ................ [RUN]
[0m07:23:46.868696 [debug] [Thread-1 (]: Began running node test.my_etl_project.source_unique_raw_raw_products_product_id.7cefe963b6
[0m07:23:46.868835 [info ] [Thread-2 (]: 30 of 37 START test source_unique_raw_raw_orders_order_id ...................... [RUN]
[0m07:23:46.868978 [debug] [Thread-4 (]: Began running node test.my_etl_project.unique_fct_sales_incremental_order_id.8822e17031
[0m07:23:46.869117 [debug] [Thread-3 (]: Re-using an available connection from the pool (formerly test.my_etl_project.source_not_null_raw_raw_customers_customer_id.be576d1f05, now test.my_etl_project.source_unique_raw_raw_customers_customer_id.b79e6b4a34)
[0m07:23:46.869245 [info ] [Thread-1 (]: 31 of 37 START test source_unique_raw_raw_products_product_id .................. [RUN]
[0m07:23:46.869383 [debug] [Thread-2 (]: Re-using an available connection from the pool (formerly test.my_etl_project.source_not_null_raw_raw_orders_customer_id.e85b23b048, now test.my_etl_project.source_unique_raw_raw_orders_order_id.2b32ac9945)
[0m07:23:46.869509 [info ] [Thread-4 (]: 32 of 37 START test unique_fct_sales_incremental_order_id ...................... [RUN]
[0m07:23:46.869642 [debug] [Thread-3 (]: Began compiling node test.my_etl_project.source_unique_raw_raw_customers_customer_id.b79e6b4a34
[0m07:23:46.869770 [debug] [Thread-1 (]: Re-using an available connection from the pool (formerly test.my_etl_project.source_not_null_raw_raw_orders_order_id.c81aad1dcf, now test.my_etl_project.source_unique_raw_raw_products_product_id.7cefe963b6)
[0m07:23:46.869893 [debug] [Thread-2 (]: Began compiling node test.my_etl_project.source_unique_raw_raw_orders_order_id.2b32ac9945
[0m07:23:46.870018 [debug] [Thread-4 (]: Re-using an available connection from the pool (formerly test.my_etl_project.source_not_null_raw_raw_products_product_id.ae924bb9c1, now test.my_etl_project.unique_fct_sales_incremental_order_id.8822e17031)
[0m07:23:46.872163 [debug] [Thread-3 (]: Writing injected SQL for node "test.my_etl_project.source_unique_raw_raw_customers_customer_id.b79e6b4a34"
[0m07:23:46.872309 [debug] [Thread-1 (]: Began compiling node test.my_etl_project.source_unique_raw_raw_products_product_id.7cefe963b6
[0m07:23:46.874294 [debug] [Thread-2 (]: Writing injected SQL for node "test.my_etl_project.source_unique_raw_raw_orders_order_id.2b32ac9945"
[0m07:23:46.874413 [debug] [Thread-4 (]: Began compiling node test.my_etl_project.unique_fct_sales_incremental_order_id.8822e17031
[0m07:23:46.875704 [debug] [Thread-1 (]: Writing injected SQL for node "test.my_etl_project.source_unique_raw_raw_products_product_id.7cefe963b6"
[0m07:23:46.876972 [debug] [Thread-4 (]: Writing injected SQL for node "test.my_etl_project.unique_fct_sales_incremental_order_id.8822e17031"
[0m07:23:46.877227 [debug] [Thread-3 (]: Began executing node test.my_etl_project.source_unique_raw_raw_customers_customer_id.b79e6b4a34
[0m07:23:46.877442 [debug] [Thread-2 (]: Began executing node test.my_etl_project.source_unique_raw_raw_orders_order_id.2b32ac9945
[0m07:23:46.878193 [debug] [Thread-3 (]: Writing runtime sql for node "test.my_etl_project.source_unique_raw_raw_customers_customer_id.b79e6b4a34"
[0m07:23:46.878336 [debug] [Thread-1 (]: Began executing node test.my_etl_project.source_unique_raw_raw_products_product_id.7cefe963b6
[0m07:23:46.879102 [debug] [Thread-2 (]: Writing runtime sql for node "test.my_etl_project.source_unique_raw_raw_orders_order_id.2b32ac9945"
[0m07:23:46.879259 [debug] [Thread-4 (]: Began executing node test.my_etl_project.unique_fct_sales_incremental_order_id.8822e17031
[0m07:23:46.880048 [debug] [Thread-1 (]: Writing runtime sql for node "test.my_etl_project.source_unique_raw_raw_products_product_id.7cefe963b6"
[0m07:23:46.880888 [debug] [Thread-4 (]: Writing runtime sql for node "test.my_etl_project.unique_fct_sales_incremental_order_id.8822e17031"
[0m07:23:46.881044 [debug] [Thread-3 (]: Using duckdb connection "test.my_etl_project.source_unique_raw_raw_customers_customer_id.b79e6b4a34"
[0m07:23:46.881238 [debug] [Thread-2 (]: Using duckdb connection "test.my_etl_project.source_unique_raw_raw_orders_order_id.2b32ac9945"
[0m07:23:46.881369 [debug] [Thread-3 (]: On test.my_etl_project.source_unique_raw_raw_customers_customer_id.b79e6b4a34: BEGIN
[0m07:23:46.881526 [debug] [Thread-4 (]: Using duckdb connection "test.my_etl_project.unique_fct_sales_incremental_order_id.8822e17031"
[0m07:23:46.881636 [debug] [Thread-2 (]: On test.my_etl_project.source_unique_raw_raw_orders_order_id.2b32ac9945: BEGIN
[0m07:23:46.881772 [debug] [Thread-1 (]: Using duckdb connection "test.my_etl_project.source_unique_raw_raw_products_product_id.7cefe963b6"
[0m07:23:46.881898 [debug] [Thread-3 (]: Opening a new connection, currently in state closed
[0m07:23:46.882028 [debug] [Thread-4 (]: On test.my_etl_project.unique_fct_sales_incremental_order_id.8822e17031: BEGIN
[0m07:23:46.882148 [debug] [Thread-2 (]: Opening a new connection, currently in state closed
[0m07:23:46.882271 [debug] [Thread-1 (]: On test.my_etl_project.source_unique_raw_raw_products_product_id.7cefe963b6: BEGIN
[0m07:23:46.882456 [debug] [Thread-4 (]: Opening a new connection, currently in state closed
[0m07:23:46.882623 [debug] [Thread-3 (]: SQL status: OK in 0.001 seconds
[0m07:23:46.882740 [debug] [Thread-1 (]: Opening a new connection, currently in state closed
[0m07:23:46.882860 [debug] [Thread-2 (]: SQL status: OK in 0.001 seconds
[0m07:23:46.882999 [debug] [Thread-3 (]: Using duckdb connection "test.my_etl_project.source_unique_raw_raw_customers_customer_id.b79e6b4a34"
[0m07:23:46.883121 [debug] [Thread-4 (]: SQL status: OK in 0.001 seconds
[0m07:23:46.883265 [debug] [Thread-2 (]: Using duckdb connection "test.my_etl_project.source_unique_raw_raw_orders_order_id.2b32ac9945"
[0m07:23:46.883390 [debug] [Thread-1 (]: SQL status: OK in 0.001 seconds
[0m07:23:46.883511 [debug] [Thread-3 (]: On test.my_etl_project.source_unique_raw_raw_customers_customer_id.b79e6b4a34: /* {"app": "dbt", "dbt_version": "1.11.7", "profile_name": "my_etl_project", "target_name": "dev", "node_id": "test.my_etl_project.source_unique_raw_raw_customers_customer_id.b79e6b4a34"} */

    
    select
      count(*) as failures,
      count(*) != 0 as should_warn,
      count(*) != 0 as should_error
    from (
      
    
  
    
    

select
    customer_id as unique_field,
    count(*) as n_records

from "dev"."main_raw_ingestion"."raw_customers"
where customer_id is not null
group by customer_id
having count(*) > 1



  
  
      
    ) dbt_internal_test
[0m07:23:46.883642 [debug] [Thread-4 (]: Using duckdb connection "test.my_etl_project.unique_fct_sales_incremental_order_id.8822e17031"
[0m07:23:46.883789 [debug] [Thread-2 (]: On test.my_etl_project.source_unique_raw_raw_orders_order_id.2b32ac9945: /* {"app": "dbt", "dbt_version": "1.11.7", "profile_name": "my_etl_project", "target_name": "dev", "node_id": "test.my_etl_project.source_unique_raw_raw_orders_order_id.2b32ac9945"} */

    
    select
      count(*) as failures,
      count(*) != 0 as should_warn,
      count(*) != 0 as should_error
    from (
      
    
  
    
    

select
    order_id as unique_field,
    count(*) as n_records

from "dev"."main_raw_ingestion"."raw_orders"
where order_id is not null
group by order_id
having count(*) > 1



  
  
      
    ) dbt_internal_test
[0m07:23:46.883930 [debug] [Thread-1 (]: Using duckdb connection "test.my_etl_project.source_unique_raw_raw_products_product_id.7cefe963b6"
[0m07:23:46.884131 [debug] [Thread-4 (]: On test.my_etl_project.unique_fct_sales_incremental_order_id.8822e17031: /* {"app": "dbt", "dbt_version": "1.11.7", "profile_name": "my_etl_project", "target_name": "dev", "node_id": "test.my_etl_project.unique_fct_sales_incremental_order_id.8822e17031"} */

    
    select
      count(*) as failures,
      count(*) != 0 as should_warn,
      count(*) != 0 as should_error
    from (
      
    
  
    
    

select
    order_id as unique_field,
    count(*) as n_records

from "dev"."main_analytics"."fct_sales_incremental"
where order_id is not null
group by order_id
having count(*) > 1



  
  
      
    ) dbt_internal_test
[0m07:23:46.884336 [debug] [Thread-1 (]: On test.my_etl_project.source_unique_raw_raw_products_product_id.7cefe963b6: /* {"app": "dbt", "dbt_version": "1.11.7", "profile_name": "my_etl_project", "target_name": "dev", "node_id": "test.my_etl_project.source_unique_raw_raw_products_product_id.7cefe963b6"} */

    
    select
      count(*) as failures,
      count(*) != 0 as should_warn,
      count(*) != 0 as should_error
    from (
      
    
  
    
    

select
    product_id as unique_field,
    count(*) as n_records

from "dev"."main_raw_ingestion"."raw_products"
where product_id is not null
group by product_id
having count(*) > 1



  
  
      
    ) dbt_internal_test
[0m07:23:46.885255 [debug] [Thread-3 (]: SQL status: OK in 0.001 seconds
[0m07:23:46.885403 [debug] [Thread-1 (]: SQL status: OK in 0.001 seconds
[0m07:23:46.885547 [debug] [Thread-2 (]: SQL status: OK in 0.001 seconds
[0m07:23:46.886053 [debug] [Thread-3 (]: On test.my_etl_project.source_unique_raw_raw_customers_customer_id.b79e6b4a34: ROLLBACK
[0m07:23:46.886172 [debug] [Thread-4 (]: SQL status: OK in 0.002 seconds
[0m07:23:46.886612 [debug] [Thread-1 (]: On test.my_etl_project.source_unique_raw_raw_products_product_id.7cefe963b6: ROLLBACK
[0m07:23:46.887007 [debug] [Thread-2 (]: On test.my_etl_project.source_unique_raw_raw_orders_order_id.2b32ac9945: ROLLBACK
[0m07:23:46.887203 [debug] [Thread-3 (]: Failed to rollback 'test.my_etl_project.source_unique_raw_raw_customers_customer_id.b79e6b4a34'
[0m07:23:46.887615 [debug] [Thread-4 (]: On test.my_etl_project.unique_fct_sales_incremental_order_id.8822e17031: ROLLBACK
[0m07:23:46.887775 [debug] [Thread-1 (]: Failed to rollback 'test.my_etl_project.source_unique_raw_raw_products_product_id.7cefe963b6'
[0m07:23:46.887934 [debug] [Thread-2 (]: Failed to rollback 'test.my_etl_project.source_unique_raw_raw_orders_order_id.2b32ac9945'
[0m07:23:46.888062 [debug] [Thread-3 (]: On test.my_etl_project.source_unique_raw_raw_customers_customer_id.b79e6b4a34: Close
[0m07:23:46.888225 [debug] [Thread-4 (]: Failed to rollback 'test.my_etl_project.unique_fct_sales_incremental_order_id.8822e17031'
[0m07:23:46.888347 [debug] [Thread-1 (]: On test.my_etl_project.source_unique_raw_raw_products_product_id.7cefe963b6: Close
[0m07:23:46.888466 [debug] [Thread-2 (]: On test.my_etl_project.source_unique_raw_raw_orders_order_id.2b32ac9945: Close
[0m07:23:46.888794 [debug] [Thread-4 (]: On test.my_etl_project.unique_fct_sales_incremental_order_id.8822e17031: Close
[0m07:23:46.888684 [info ] [Thread-3 (]: 29 of 37 PASS source_unique_raw_raw_customers_customer_id ...................... [[32mPASS[0m in 0.02s]
[0m07:23:46.889023 [info ] [Thread-1 (]: 31 of 37 PASS source_unique_raw_raw_products_product_id ........................ [[32mPASS[0m in 0.02s]
[0m07:23:46.889223 [info ] [Thread-2 (]: 30 of 37 PASS source_unique_raw_raw_orders_order_id ............................ [[32mPASS[0m in 0.02s]
[0m07:23:46.889411 [info ] [Thread-4 (]: 32 of 37 PASS unique_fct_sales_incremental_order_id ............................ [[32mPASS[0m in 0.02s]
[0m07:23:46.889601 [debug] [Thread-3 (]: Finished running node test.my_etl_project.source_unique_raw_raw_customers_customer_id.b79e6b4a34
[0m07:23:46.889774 [debug] [Thread-1 (]: Finished running node test.my_etl_project.source_unique_raw_raw_products_product_id.7cefe963b6
[0m07:23:46.889936 [debug] [Thread-2 (]: Finished running node test.my_etl_project.source_unique_raw_raw_orders_order_id.2b32ac9945
[0m07:23:46.890101 [debug] [Thread-4 (]: Finished running node test.my_etl_project.unique_fct_sales_incremental_order_id.8822e17031
[0m07:23:46.890233 [debug] [Thread-3 (]: Began running node test.my_etl_project.unique_fct_sales_order_id.cfa4f433c5
[0m07:23:46.890391 [debug] [Thread-1 (]: Began running node test.my_etl_project.unique_int_orders_customers_order_id.abc701c6e1
[0m07:23:46.890531 [debug] [Thread-2 (]: Began running node test.my_etl_project.unique_stg_customers_customer_id.c7614daada
[0m07:23:46.890670 [debug] [Thread-4 (]: Began running node test.my_etl_project.unique_stg_orders_order_id.e3b841c71a
[0m07:23:46.890803 [info ] [Thread-3 (]: 33 of 37 START test unique_fct_sales_order_id .................................. [RUN]
[0m07:23:46.890943 [info ] [Thread-1 (]: 34 of 37 START test unique_int_orders_customers_order_id ....................... [RUN]
[0m07:23:46.891077 [info ] [Thread-2 (]: 35 of 37 START test unique_stg_customers_customer_id ........................... [RUN]
[0m07:23:46.891212 [info ] [Thread-4 (]: 36 of 37 START test unique_stg_orders_order_id ................................. [RUN]
[0m07:23:46.891359 [debug] [Thread-3 (]: Re-using an available connection from the pool (formerly test.my_etl_project.source_unique_raw_raw_customers_customer_id.b79e6b4a34, now test.my_etl_project.unique_fct_sales_order_id.cfa4f433c5)
[0m07:23:46.891496 [debug] [Thread-1 (]: Re-using an available connection from the pool (formerly test.my_etl_project.source_unique_raw_raw_products_product_id.7cefe963b6, now test.my_etl_project.unique_int_orders_customers_order_id.abc701c6e1)
[0m07:23:46.891627 [debug] [Thread-2 (]: Re-using an available connection from the pool (formerly test.my_etl_project.source_unique_raw_raw_orders_order_id.2b32ac9945, now test.my_etl_project.unique_stg_customers_customer_id.c7614daada)
[0m07:23:46.891763 [debug] [Thread-4 (]: Re-using an available connection from the pool (formerly test.my_etl_project.unique_fct_sales_incremental_order_id.8822e17031, now test.my_etl_project.unique_stg_orders_order_id.e3b841c71a)
[0m07:23:46.891887 [debug] [Thread-3 (]: Began compiling node test.my_etl_project.unique_fct_sales_order_id.cfa4f433c5
[0m07:23:46.892011 [debug] [Thread-1 (]: Began compiling node test.my_etl_project.unique_int_orders_customers_order_id.abc701c6e1
[0m07:23:46.892130 [debug] [Thread-2 (]: Began compiling node test.my_etl_project.unique_stg_customers_customer_id.c7614daada
[0m07:23:46.892247 [debug] [Thread-4 (]: Began compiling node test.my_etl_project.unique_stg_orders_order_id.e3b841c71a
[0m07:23:46.893600 [debug] [Thread-3 (]: Writing injected SQL for node "test.my_etl_project.unique_fct_sales_order_id.cfa4f433c5"
[0m07:23:46.894818 [debug] [Thread-1 (]: Writing injected SQL for node "test.my_etl_project.unique_int_orders_customers_order_id.abc701c6e1"
[0m07:23:46.896122 [debug] [Thread-2 (]: Writing injected SQL for node "test.my_etl_project.unique_stg_customers_customer_id.c7614daada"
[0m07:23:46.897420 [debug] [Thread-4 (]: Writing injected SQL for node "test.my_etl_project.unique_stg_orders_order_id.e3b841c71a"
[0m07:23:46.897813 [debug] [Thread-3 (]: Began executing node test.my_etl_project.unique_fct_sales_order_id.cfa4f433c5
[0m07:23:46.897930 [debug] [Thread-1 (]: Began executing node test.my_etl_project.unique_int_orders_customers_order_id.abc701c6e1
[0m07:23:46.898060 [debug] [Thread-2 (]: Began executing node test.my_etl_project.unique_stg_customers_customer_id.c7614daada
[0m07:23:46.899758 [debug] [Thread-3 (]: Writing runtime sql for node "test.my_etl_project.unique_fct_sales_order_id.cfa4f433c5"
[0m07:23:46.900521 [debug] [Thread-1 (]: Writing runtime sql for node "test.my_etl_project.unique_int_orders_customers_order_id.abc701c6e1"
[0m07:23:46.900632 [debug] [Thread-4 (]: Began executing node test.my_etl_project.unique_stg_orders_order_id.e3b841c71a
[0m07:23:46.901373 [debug] [Thread-2 (]: Writing runtime sql for node "test.my_etl_project.unique_stg_customers_customer_id.c7614daada"
[0m07:23:46.902186 [debug] [Thread-4 (]: Writing runtime sql for node "test.my_etl_project.unique_stg_orders_order_id.e3b841c71a"
[0m07:23:46.902420 [debug] [Thread-3 (]: Using duckdb connection "test.my_etl_project.unique_fct_sales_order_id.cfa4f433c5"
[0m07:23:46.902565 [debug] [Thread-1 (]: Using duckdb connection "test.my_etl_project.unique_int_orders_customers_order_id.abc701c6e1"
[0m07:23:46.902693 [debug] [Thread-3 (]: On test.my_etl_project.unique_fct_sales_order_id.cfa4f433c5: BEGIN
[0m07:23:46.902856 [debug] [Thread-4 (]: Using duckdb connection "test.my_etl_project.unique_stg_orders_order_id.e3b841c71a"
[0m07:23:46.902995 [debug] [Thread-1 (]: On test.my_etl_project.unique_int_orders_customers_order_id.abc701c6e1: BEGIN
[0m07:23:46.903120 [debug] [Thread-2 (]: Using duckdb connection "test.my_etl_project.unique_stg_customers_customer_id.c7614daada"
[0m07:23:46.903288 [debug] [Thread-3 (]: Opening a new connection, currently in state closed
[0m07:23:46.903408 [debug] [Thread-4 (]: On test.my_etl_project.unique_stg_orders_order_id.e3b841c71a: BEGIN
[0m07:23:46.903531 [debug] [Thread-1 (]: Opening a new connection, currently in state closed
[0m07:23:46.903648 [debug] [Thread-2 (]: On test.my_etl_project.unique_stg_customers_customer_id.c7614daada: BEGIN
[0m07:23:46.903835 [debug] [Thread-4 (]: Opening a new connection, currently in state closed
[0m07:23:46.903959 [debug] [Thread-3 (]: SQL status: OK in 0.001 seconds
[0m07:23:46.904120 [debug] [Thread-2 (]: Opening a new connection, currently in state closed
[0m07:23:46.904250 [debug] [Thread-1 (]: SQL status: OK in 0.001 seconds
[0m07:23:46.904401 [debug] [Thread-3 (]: Using duckdb connection "test.my_etl_project.unique_fct_sales_order_id.cfa4f433c5"
[0m07:23:46.904522 [debug] [Thread-4 (]: SQL status: OK in 0.001 seconds
[0m07:23:46.904671 [debug] [Thread-1 (]: Using duckdb connection "test.my_etl_project.unique_int_orders_customers_order_id.abc701c6e1"
[0m07:23:46.904799 [debug] [Thread-3 (]: On test.my_etl_project.unique_fct_sales_order_id.cfa4f433c5: /* {"app": "dbt", "dbt_version": "1.11.7", "profile_name": "my_etl_project", "target_name": "dev", "node_id": "test.my_etl_project.unique_fct_sales_order_id.cfa4f433c5"} */

    
    select
      count(*) as failures,
      count(*) != 0 as should_warn,
      count(*) != 0 as should_error
    from (
      
    
  
    
    

select
    order_id as unique_field,
    count(*) as n_records

from "dev"."main_analytics"."fct_sales"
where order_id is not null
group by order_id
having count(*) > 1



  
  
      
    ) dbt_internal_test
[0m07:23:46.904915 [debug] [Thread-2 (]: SQL status: OK in 0.001 seconds
[0m07:23:46.905036 [debug] [Thread-4 (]: Using duckdb connection "test.my_etl_project.unique_stg_orders_order_id.e3b841c71a"
[0m07:23:46.905165 [debug] [Thread-1 (]: On test.my_etl_project.unique_int_orders_customers_order_id.abc701c6e1: /* {"app": "dbt", "dbt_version": "1.11.7", "profile_name": "my_etl_project", "target_name": "dev", "node_id": "test.my_etl_project.unique_int_orders_customers_order_id.abc701c6e1"} */

    
    select
      count(*) as failures,
      count(*) != 0 as should_warn,
      count(*) != 0 as should_error
    from (
      
    
  
    
    

select
    order_id as unique_field,
    count(*) as n_records

from "dev"."main"."int_orders_customers"
where order_id is not null
group by order_id
having count(*) > 1



  
  
      
    ) dbt_internal_test
[0m07:23:46.905349 [debug] [Thread-2 (]: Using duckdb connection "test.my_etl_project.unique_stg_customers_customer_id.c7614daada"
[0m07:23:46.905470 [debug] [Thread-4 (]: On test.my_etl_project.unique_stg_orders_order_id.e3b841c71a: /* {"app": "dbt", "dbt_version": "1.11.7", "profile_name": "my_etl_project", "target_name": "dev", "node_id": "test.my_etl_project.unique_stg_orders_order_id.e3b841c71a"} */

    
    select
      count(*) as failures,
      count(*) != 0 as should_warn,
      count(*) != 0 as should_error
    from (
      
    
  
    
    

select
    order_id as unique_field,
    count(*) as n_records

from "dev"."main"."stg_orders"
where order_id is not null
group by order_id
having count(*) > 1



  
  
      
    ) dbt_internal_test
[0m07:23:46.905639 [debug] [Thread-3 (]: SQL status: OK in 0.000 seconds
[0m07:23:46.905767 [debug] [Thread-2 (]: On test.my_etl_project.unique_stg_customers_customer_id.c7614daada: /* {"app": "dbt", "dbt_version": "1.11.7", "profile_name": "my_etl_project", "target_name": "dev", "node_id": "test.my_etl_project.unique_stg_customers_customer_id.c7614daada"} */

    
    select
      count(*) as failures,
      count(*) != 0 as should_warn,
      count(*) != 0 as should_error
    from (
      
    
  
    
    

select
    customer_id as unique_field,
    count(*) as n_records

from "dev"."main"."stg_customers"
where customer_id is not null
group by customer_id
having count(*) > 1



  
  
      
    ) dbt_internal_test
[0m07:23:46.906364 [debug] [Thread-3 (]: On test.my_etl_project.unique_fct_sales_order_id.cfa4f433c5: ROLLBACK
[0m07:23:46.906504 [debug] [Thread-1 (]: SQL status: OK in 0.001 seconds
[0m07:23:46.906627 [debug] [Thread-4 (]: SQL status: OK in 0.001 seconds
[0m07:23:46.906746 [debug] [Thread-2 (]: SQL status: OK in 0.001 seconds
[0m07:23:46.906937 [debug] [Thread-3 (]: Failed to rollback 'test.my_etl_project.unique_fct_sales_order_id.cfa4f433c5'
[0m07:23:46.907371 [debug] [Thread-1 (]: On test.my_etl_project.unique_int_orders_customers_order_id.abc701c6e1: ROLLBACK
[0m07:23:46.907704 [debug] [Thread-4 (]: On test.my_etl_project.unique_stg_orders_order_id.e3b841c71a: ROLLBACK
[0m07:23:46.907843 [debug] [Thread-3 (]: On test.my_etl_project.unique_fct_sales_order_id.cfa4f433c5: Close
[0m07:23:46.908239 [debug] [Thread-2 (]: On test.my_etl_project.unique_stg_customers_customer_id.c7614daada: ROLLBACK
[0m07:23:46.908392 [debug] [Thread-1 (]: Failed to rollback 'test.my_etl_project.unique_int_orders_customers_order_id.abc701c6e1'
[0m07:23:46.908537 [debug] [Thread-4 (]: Failed to rollback 'test.my_etl_project.unique_stg_orders_order_id.e3b841c71a'
[0m07:23:46.908751 [info ] [Thread-3 (]: 33 of 37 PASS unique_fct_sales_order_id ........................................ [[32mPASS[0m in 0.02s]
[0m07:23:46.908924 [debug] [Thread-2 (]: Failed to rollback 'test.my_etl_project.unique_stg_customers_customer_id.c7614daada'
[0m07:23:46.909057 [debug] [Thread-1 (]: On test.my_etl_project.unique_int_orders_customers_order_id.abc701c6e1: Close
[0m07:23:46.909191 [debug] [Thread-4 (]: On test.my_etl_project.unique_stg_orders_order_id.e3b841c71a: Close
[0m07:23:46.909366 [debug] [Thread-3 (]: Finished running node test.my_etl_project.unique_fct_sales_order_id.cfa4f433c5
[0m07:23:46.909485 [debug] [Thread-2 (]: On test.my_etl_project.unique_stg_customers_customer_id.c7614daada: Close
[0m07:23:46.909689 [info ] [Thread-1 (]: 34 of 37 PASS unique_int_orders_customers_order_id ............................. [[32mPASS[0m in 0.02s]
[0m07:23:46.909877 [info ] [Thread-4 (]: 36 of 37 PASS unique_stg_orders_order_id ....................................... [[32mPASS[0m in 0.02s]
[0m07:23:46.910021 [debug] [Thread-3 (]: Began running node test.my_etl_project.unique_stg_products_product_id.7d950a1467
[0m07:23:46.910224 [info ] [Thread-2 (]: 35 of 37 PASS unique_stg_customers_customer_id ................................. [[32mPASS[0m in 0.02s]
[0m07:23:46.910405 [debug] [Thread-1 (]: Finished running node test.my_etl_project.unique_int_orders_customers_order_id.abc701c6e1
[0m07:23:46.910577 [debug] [Thread-4 (]: Finished running node test.my_etl_project.unique_stg_orders_order_id.e3b841c71a
[0m07:23:46.910706 [info ] [Thread-3 (]: 37 of 37 START test unique_stg_products_product_id ............................. [RUN]
[0m07:23:46.910892 [debug] [Thread-2 (]: Finished running node test.my_etl_project.unique_stg_customers_customer_id.c7614daada
[0m07:23:46.911090 [debug] [Thread-3 (]: Re-using an available connection from the pool (formerly test.my_etl_project.unique_fct_sales_order_id.cfa4f433c5, now test.my_etl_project.unique_stg_products_product_id.7d950a1467)
[0m07:23:46.911242 [debug] [Thread-3 (]: Began compiling node test.my_etl_project.unique_stg_products_product_id.7d950a1467
[0m07:23:46.912490 [debug] [Thread-3 (]: Writing injected SQL for node "test.my_etl_project.unique_stg_products_product_id.7d950a1467"
[0m07:23:46.912700 [debug] [Thread-3 (]: Began executing node test.my_etl_project.unique_stg_products_product_id.7d950a1467
[0m07:23:46.913429 [debug] [Thread-3 (]: Writing runtime sql for node "test.my_etl_project.unique_stg_products_product_id.7d950a1467"
[0m07:23:46.913644 [debug] [Thread-3 (]: Using duckdb connection "test.my_etl_project.unique_stg_products_product_id.7d950a1467"
[0m07:23:46.913766 [debug] [Thread-3 (]: On test.my_etl_project.unique_stg_products_product_id.7d950a1467: BEGIN
[0m07:23:46.913866 [debug] [Thread-3 (]: Opening a new connection, currently in state closed
[0m07:23:46.914025 [debug] [Thread-3 (]: SQL status: OK in 0.000 seconds
[0m07:23:46.914133 [debug] [Thread-3 (]: Using duckdb connection "test.my_etl_project.unique_stg_products_product_id.7d950a1467"
[0m07:23:46.914248 [debug] [Thread-3 (]: On test.my_etl_project.unique_stg_products_product_id.7d950a1467: /* {"app": "dbt", "dbt_version": "1.11.7", "profile_name": "my_etl_project", "target_name": "dev", "node_id": "test.my_etl_project.unique_stg_products_product_id.7d950a1467"} */

    
    select
      count(*) as failures,
      count(*) != 0 as should_warn,
      count(*) != 0 as should_error
    from (
      
    
  
    
    

select
    product_id as unique_field,
    count(*) as n_records

from "dev"."main"."stg_products"
where product_id is not null
group by product_id
having count(*) > 1



  
  
      
    ) dbt_internal_test
[0m07:23:46.914835 [debug] [Thread-3 (]: SQL status: OK in 0.000 seconds
[0m07:23:46.915271 [debug] [Thread-3 (]: On test.my_etl_project.unique_stg_products_product_id.7d950a1467: ROLLBACK
[0m07:23:46.915416 [debug] [Thread-3 (]: Failed to rollback 'test.my_etl_project.unique_stg_products_product_id.7d950a1467'
[0m07:23:46.915515 [debug] [Thread-3 (]: On test.my_etl_project.unique_stg_products_product_id.7d950a1467: Close
[0m07:23:46.915668 [info ] [Thread-3 (]: 37 of 37 PASS unique_stg_products_product_id ................................... [[32mPASS[0m in 0.00s]
[0m07:23:46.915839 [debug] [Thread-3 (]: Finished running node test.my_etl_project.unique_stg_products_product_id.7d950a1467
[0m07:23:46.916341 [debug] [MainThread]: Using duckdb connection "master"
[0m07:23:46.916449 [debug] [MainThread]: On master: BEGIN
[0m07:23:46.916542 [debug] [MainThread]: Opening a new connection, currently in state closed
[0m07:23:46.916697 [debug] [MainThread]: SQL status: OK in 0.000 seconds
[0m07:23:46.916795 [debug] [MainThread]: On master: COMMIT
[0m07:23:46.916886 [debug] [MainThread]: Using duckdb connection "master"
[0m07:23:46.916976 [debug] [MainThread]: On master: COMMIT
[0m07:23:46.917107 [debug] [MainThread]: SQL status: OK in 0.000 seconds
[0m07:23:46.917200 [debug] [MainThread]: On master: Close
[0m07:23:46.917318 [debug] [MainThread]: Connection 'master' was properly closed.
[0m07:23:46.917398 [debug] [MainThread]: Connection 'test.my_etl_project.unique_int_orders_customers_order_id.abc701c6e1' was properly closed.
[0m07:23:46.917475 [debug] [MainThread]: Connection 'test.my_etl_project.unique_stg_customers_customer_id.c7614daada' was properly closed.
[0m07:23:46.917560 [debug] [MainThread]: Connection 'test.my_etl_project.unique_stg_products_product_id.7d950a1467' was properly closed.
[0m07:23:46.917671 [debug] [MainThread]: Connection 'test.my_etl_project.unique_stg_orders_order_id.e3b841c71a' was properly closed.
[0m07:23:46.917799 [info ] [MainThread]: 
[0m07:23:46.917919 [info ] [MainThread]: Finished running 37 data tests in 0 hours 0 minutes and 0.25 seconds (0.25s).
[0m07:23:46.919542 [debug] [MainThread]: Command end result
[0m07:23:46.931511 [debug] [MainThread]: Wrote artifact WritableManifest to /Users/aviraljain/Downloads/python advanced/my_etl_project/target/manifest.json
[0m07:23:46.932354 [debug] [MainThread]: Wrote artifact SemanticManifest to /Users/aviraljain/Downloads/python advanced/my_etl_project/target/semantic_manifest.json
[0m07:23:46.935279 [debug] [MainThread]: Wrote artifact RunExecutionResult to /Users/aviraljain/Downloads/python advanced/my_etl_project/target/run_results.json
[0m07:23:46.935409 [info ] [MainThread]: 
[0m07:23:46.935554 [info ] [MainThread]: [32mCompleted successfully[0m
[0m07:23:46.935675 [info ] [MainThread]: 
[0m07:23:46.935789 [info ] [MainThread]: Done. PASS=37 WARN=0 ERROR=0 SKIP=0 NO-OP=0 TOTAL=37
[0m07:23:46.938213 [debug] [MainThread]: Resource report: {"command_name": "test", "command_success": true, "command_wall_clock_time": 0.5710604, "process_in_blocks": "0", "process_kernel_time": 0.143299, "process_mem_max_rss": "169230336", "process_out_blocks": "0", "process_user_time": 0.974648}
[0m07:23:46.938374 [debug] [MainThread]: Command `dbt test` succeeded at 07:23:46.938344 after 0.57 seconds
[0m07:23:46.938549 [debug] [MainThread]: Sending event: {'category': 'dbt', 'action': 'invocation', 'label': 'end', 'context': [<snowplow_tracker.self_describing_json.SelfDescribingJson object at 0x102267090>, <snowplow_tracker.self_describing_json.SelfDescribingJson object at 0x10729f710>, <snowplow_tracker.self_describing_json.SelfDescribingJson object at 0x10a7ef950>]}
[0m07:23:46.938701 [debug] [MainThread]: Flushing usage events
[0m07:23:48.161280 [debug] [MainThread]: An error was encountered while trying to flush usage events
[0m07:24:00.828416 [debug] [MainThread]: Sending event: {'category': 'dbt', 'action': 'invocation', 'label': 'start', 'context': [<snowplow_tracker.self_describing_json.SelfDescribingJson object at 0x109615f10>, <snowplow_tracker.self_describing_json.SelfDescribingJson object at 0x109685410>, <snowplow_tracker.self_describing_json.SelfDescribingJson object at 0x109615a50>]}


============================== 07:24:00.829876 | 30b0ba82-9bd3-4f67-97dd-a491991a6ef1 ==============================
[0m07:24:00.829876 [info ] [MainThread]: Running with dbt=1.11.7
[0m07:24:00.830108 [debug] [MainThread]: running dbt with arguments {'quiet': 'False', 'use_experimental_parser': 'False', 'invocation_command': 'dbt docs generate', 'static_parser': 'True', 'log_path': '/Users/aviraljain/Downloads/python advanced/my_etl_project/logs', 'introspect': 'True', 'fail_fast': 'False', 'send_anonymous_usage_stats': 'True', 'debug': 'False', 'write_json': 'True', 'version_check': 'True', 'warn_error': 'None', 'empty': 'None', 'partial_parse': 'True', 'profiles_dir': '.', 'printer_width': '80', 'warn_error_options': 'WarnErrorOptionsV2(error=[], warn=[], silence=[])', 'target_path': 'None', 'log_cache_events': 'False', 'cache_selected_only': 'False', 'indirect_selection': 'eager', 'no_print': 'None', 'use_colors': 'True', 'log_format': 'default'}
[0m07:24:00.900846 [debug] [MainThread]: Sending event: {'category': 'dbt', 'action': 'project_id', 'label': '30b0ba82-9bd3-4f67-97dd-a491991a6ef1', 'context': [<snowplow_tracker.self_describing_json.SelfDescribingJson object at 0x109701dd0>]}
[0m07:24:00.920726 [debug] [MainThread]: Sending event: {'category': 'dbt', 'action': 'adapter_info', 'label': '30b0ba82-9bd3-4f67-97dd-a491991a6ef1', 'context': [<snowplow_tracker.self_describing_json.SelfDescribingJson object at 0x1068b1f10>]}
[0m07:24:00.921512 [info ] [MainThread]: Registered adapter: duckdb=1.10.1
[0m07:24:00.964863 [debug] [MainThread]: checksum: b80718358155fc17c3559352095564dd56ada1cc1a1c0ef2e62c857e71583775, vars: {}, profile: , target: , version: 1.11.7
[0m07:24:01.014197 [debug] [MainThread]: Partial parsing enabled: 0 files deleted, 0 files added, 0 files changed.
[0m07:24:01.014382 [debug] [MainThread]: Nothing changed, skipping partial parsing.
[0m07:24:01.014481 [debug] [MainThread]: Partial parsing enabled, no changes found, skipping parsing
[0m07:24:01.035893 [debug] [MainThread]: Sending event: {'category': 'dbt', 'action': 'load_project', 'label': '30b0ba82-9bd3-4f67-97dd-a491991a6ef1', 'context': [<snowplow_tracker.self_describing_json.SelfDescribingJson object at 0x1096eeb10>]}
[0m07:24:01.042730 [debug] [MainThread]: Sending event: {'category': 'dbt', 'action': 'resource_counts', 'label': '30b0ba82-9bd3-4f67-97dd-a491991a6ef1', 'context': [<snowplow_tracker.self_describing_json.SelfDescribingJson object at 0x109e4fe10>]}
[0m07:24:01.042911 [info ] [MainThread]: Found 4 seeds, 7 models, 37 data tests, 3 sources, 476 macros
[0m07:24:01.043047 [debug] [MainThread]: Sending event: {'category': 'dbt', 'action': 'runnable_timing', 'label': '30b0ba82-9bd3-4f67-97dd-a491991a6ef1', 'context': [<snowplow_tracker.self_describing_json.SelfDescribingJson object at 0x109a6e750>]}
[0m07:24:01.044240 [info ] [MainThread]: 
[0m07:24:01.044367 [info ] [MainThread]: Concurrency: 4 threads (target='dev')
[0m07:24:01.044464 [info ] [MainThread]: 
[0m07:24:01.044639 [debug] [MainThread]: Acquiring new duckdb connection 'master'
[0m07:24:01.046487 [debug] [ThreadPool]: Acquiring new duckdb connection 'list_dev_main'
[0m07:24:01.046694 [debug] [ThreadPool]: Acquiring new duckdb connection 'list_dev_main_raw_ingestion'
[0m07:24:01.046898 [debug] [ThreadPool]: Acquiring new duckdb connection 'list_dev_main_analytics'
[0m07:24:01.087690 [debug] [ThreadPool]: Using duckdb connection "list_dev_main"
[0m07:24:01.087858 [debug] [ThreadPool]: Using duckdb connection "list_dev_main_raw_ingestion"
[0m07:24:01.087986 [debug] [ThreadPool]: Using duckdb connection "list_dev_main_analytics"
[0m07:24:01.088085 [debug] [ThreadPool]: On list_dev_main: BEGIN
[0m07:24:01.088190 [debug] [ThreadPool]: On list_dev_main_raw_ingestion: BEGIN
[0m07:24:01.088277 [debug] [ThreadPool]: On list_dev_main_analytics: BEGIN
[0m07:24:01.088366 [debug] [ThreadPool]: Opening a new connection, currently in state init
[0m07:24:01.088453 [debug] [ThreadPool]: Opening a new connection, currently in state init
[0m07:24:01.088534 [debug] [ThreadPool]: Opening a new connection, currently in state init
[0m07:24:01.093246 [debug] [ThreadPool]: SQL status: OK in 0.005 seconds
[0m07:24:01.093373 [debug] [ThreadPool]: SQL status: OK in 0.005 seconds
[0m07:24:01.093485 [debug] [ThreadPool]: Using duckdb connection "list_dev_main_raw_ingestion"
[0m07:24:01.093574 [debug] [ThreadPool]: SQL status: OK in 0.005 seconds
[0m07:24:01.093665 [debug] [ThreadPool]: Using duckdb connection "list_dev_main"
[0m07:24:01.093763 [debug] [ThreadPool]: On list_dev_main_raw_ingestion: /* {"app": "dbt", "dbt_version": "1.11.7", "profile_name": "my_etl_project", "target_name": "dev", "connection_name": "list_dev_main_raw_ingestion"} */
select
      'dev' as database,
      table_name as name,
      table_schema as schema,
      CASE table_type
        WHEN 'BASE TABLE' THEN 'table'
        WHEN 'VIEW' THEN 'view'
        WHEN 'LOCAL TEMPORARY' THEN 'table'
        END as type
    from system.information_schema.tables
    where lower(table_schema) = 'main_raw_ingestion'
    and lower(table_catalog) = 'dev'
  
[0m07:24:01.093857 [debug] [ThreadPool]: Using duckdb connection "list_dev_main_analytics"
[0m07:24:01.093957 [debug] [ThreadPool]: On list_dev_main: /* {"app": "dbt", "dbt_version": "1.11.7", "profile_name": "my_etl_project", "target_name": "dev", "connection_name": "list_dev_main"} */
select
      'dev' as database,
      table_name as name,
      table_schema as schema,
      CASE table_type
        WHEN 'BASE TABLE' THEN 'table'
        WHEN 'VIEW' THEN 'view'
        WHEN 'LOCAL TEMPORARY' THEN 'table'
        END as type
    from system.information_schema.tables
    where lower(table_schema) = 'main'
    and lower(table_catalog) = 'dev'
  
[0m07:24:01.094151 [debug] [ThreadPool]: On list_dev_main_analytics: /* {"app": "dbt", "dbt_version": "1.11.7", "profile_name": "my_etl_project", "target_name": "dev", "connection_name": "list_dev_main_analytics"} */
select
      'dev' as database,
      table_name as name,
      table_schema as schema,
      CASE table_type
        WHEN 'BASE TABLE' THEN 'table'
        WHEN 'VIEW' THEN 'view'
        WHEN 'LOCAL TEMPORARY' THEN 'table'
        END as type
    from system.information_schema.tables
    where lower(table_schema) = 'main_analytics'
    and lower(table_catalog) = 'dev'
  
[0m07:24:01.095652 [debug] [ThreadPool]: SQL status: OK in 0.002 seconds
[0m07:24:01.095783 [debug] [ThreadPool]: SQL status: OK in 0.001 seconds
[0m07:24:01.095931 [debug] [ThreadPool]: SQL status: OK in 0.002 seconds
[0m07:24:01.096374 [debug] [ThreadPool]: On list_dev_main_raw_ingestion: ROLLBACK
[0m07:24:01.096770 [debug] [ThreadPool]: On list_dev_main: ROLLBACK
[0m07:24:01.097118 [debug] [ThreadPool]: On list_dev_main_analytics: ROLLBACK
[0m07:24:01.097445 [debug] [ThreadPool]: Failed to rollback 'list_dev_main_raw_ingestion'
[0m07:24:01.097598 [debug] [ThreadPool]: Failed to rollback 'list_dev_main_analytics'
[0m07:24:01.097710 [debug] [ThreadPool]: On list_dev_main_raw_ingestion: Close
[0m07:24:01.097851 [debug] [ThreadPool]: Failed to rollback 'list_dev_main'
[0m07:24:01.097940 [debug] [ThreadPool]: On list_dev_main_analytics: Close
[0m07:24:01.098347 [debug] [ThreadPool]: On list_dev_main: Close
[0m07:24:01.098976 [debug] [MainThread]: Sending event: {'category': 'dbt', 'action': 'runnable_timing', 'label': '30b0ba82-9bd3-4f67-97dd-a491991a6ef1', 'context': [<snowplow_tracker.self_describing_json.SelfDescribingJson object at 0x10982e750>]}
[0m07:24:01.099941 [debug] [Thread-1 (]: Began running node model.my_etl_project.stg_customers
[0m07:24:01.100092 [debug] [Thread-1 (]: Re-using an available connection from the pool (formerly list_dev_main, now model.my_etl_project.stg_customers)
[0m07:24:01.100242 [debug] [Thread-2 (]: Began running node model.my_etl_project.stg_orders
[0m07:24:01.100353 [debug] [Thread-1 (]: Began compiling node model.my_etl_project.stg_customers
[0m07:24:01.100470 [debug] [Thread-3 (]: Began running node model.my_etl_project.stg_products
[0m07:24:01.100606 [debug] [Thread-4 (]: Began running node seed.my_etl_project.country_codes
[0m07:24:01.100734 [debug] [Thread-2 (]: Re-using an available connection from the pool (formerly list_dev_main_raw_ingestion, now model.my_etl_project.stg_orders)
[0m07:24:01.103552 [debug] [Thread-1 (]: Writing injected SQL for node "model.my_etl_project.stg_customers"
[0m07:24:01.103692 [debug] [Thread-3 (]: Re-using an available connection from the pool (formerly list_dev_main_analytics, now model.my_etl_project.stg_products)
[0m07:24:01.103839 [debug] [Thread-4 (]: Acquiring new duckdb connection 'seed.my_etl_project.country_codes'
[0m07:24:01.103950 [debug] [Thread-2 (]: Began compiling node model.my_etl_project.stg_orders
[0m07:24:01.104114 [debug] [Thread-3 (]: Began compiling node model.my_etl_project.stg_products
[0m07:24:01.104258 [debug] [Thread-4 (]: Began compiling node seed.my_etl_project.country_codes
[0m07:24:01.105288 [debug] [Thread-2 (]: Writing injected SQL for node "model.my_etl_project.stg_orders"
[0m07:24:01.106197 [debug] [Thread-3 (]: Writing injected SQL for node "model.my_etl_project.stg_products"
[0m07:24:01.106311 [debug] [Thread-1 (]: Began executing node model.my_etl_project.stg_customers
[0m07:24:01.106986 [debug] [Thread-4 (]: Began executing node seed.my_etl_project.country_codes
[0m07:24:01.107293 [debug] [Thread-1 (]: Finished running node model.my_etl_project.stg_customers
[0m07:24:01.107546 [debug] [Thread-4 (]: Finished running node seed.my_etl_project.country_codes
[0m07:24:01.107662 [debug] [Thread-3 (]: Began executing node model.my_etl_project.stg_products
[0m07:24:01.107778 [debug] [Thread-2 (]: Began executing node model.my_etl_project.stg_orders
[0m07:24:01.107943 [debug] [Thread-1 (]: Began running node seed.my_etl_project.raw_customers
[0m07:24:01.108176 [debug] [Thread-4 (]: Began running node seed.my_etl_project.raw_orders
[0m07:24:01.108396 [debug] [Thread-3 (]: Finished running node model.my_etl_project.stg_products
[0m07:24:01.108611 [debug] [Thread-2 (]: Finished running node model.my_etl_project.stg_orders
[0m07:24:01.108753 [debug] [Thread-1 (]: Re-using an available connection from the pool (formerly model.my_etl_project.stg_customers, now seed.my_etl_project.raw_customers)
[0m07:24:01.108892 [debug] [Thread-4 (]: Re-using an available connection from the pool (formerly seed.my_etl_project.country_codes, now seed.my_etl_project.raw_orders)
[0m07:24:01.109028 [debug] [Thread-3 (]: Began running node seed.my_etl_project.raw_products
[0m07:24:01.109211 [debug] [Thread-2 (]: Began running node test.my_etl_project.source_not_null_raw_raw_customers_customer_id.be576d1f05
[0m07:24:01.109453 [debug] [Thread-1 (]: Began compiling node seed.my_etl_project.raw_customers
[0m07:24:01.109583 [debug] [Thread-4 (]: Began compiling node seed.my_etl_project.raw_orders
[0m07:24:01.109713 [debug] [Thread-3 (]: Re-using an available connection from the pool (formerly model.my_etl_project.stg_products, now seed.my_etl_project.raw_products)
[0m07:24:01.109847 [debug] [Thread-2 (]: Re-using an available connection from the pool (formerly model.my_etl_project.stg_orders, now test.my_etl_project.source_not_null_raw_raw_customers_customer_id.be576d1f05)
[0m07:24:01.110539 [debug] [Thread-1 (]: Began executing node seed.my_etl_project.raw_customers
[0m07:24:01.111225 [debug] [Thread-4 (]: Began executing node seed.my_etl_project.raw_orders
[0m07:24:01.111344 [debug] [Thread-3 (]: Began compiling node seed.my_etl_project.raw_products
[0m07:24:01.111466 [debug] [Thread-2 (]: Began compiling node test.my_etl_project.source_not_null_raw_raw_customers_customer_id.be576d1f05
[0m07:24:01.111693 [debug] [Thread-1 (]: Finished running node seed.my_etl_project.raw_customers
[0m07:24:01.111901 [debug] [Thread-4 (]: Finished running node seed.my_etl_project.raw_orders
[0m07:24:01.112510 [debug] [Thread-3 (]: Began executing node seed.my_etl_project.raw_products
[0m07:24:01.116678 [debug] [Thread-2 (]: Writing injected SQL for node "test.my_etl_project.source_not_null_raw_raw_customers_customer_id.be576d1f05"
[0m07:24:01.116833 [debug] [Thread-1 (]: Began running node test.my_etl_project.source_not_null_raw_raw_orders_customer_id.e85b23b048
[0m07:24:01.116989 [debug] [Thread-4 (]: Began running node test.my_etl_project.source_not_null_raw_raw_orders_order_id.c81aad1dcf
[0m07:24:01.117215 [debug] [Thread-3 (]: Finished running node seed.my_etl_project.raw_products
[0m07:24:01.117369 [debug] [Thread-1 (]: Re-using an available connection from the pool (formerly seed.my_etl_project.raw_customers, now test.my_etl_project.source_not_null_raw_raw_orders_customer_id.e85b23b048)
[0m07:24:01.117510 [debug] [Thread-4 (]: Re-using an available connection from the pool (formerly seed.my_etl_project.raw_orders, now test.my_etl_project.source_not_null_raw_raw_orders_order_id.c81aad1dcf)
[0m07:24:01.117648 [debug] [Thread-3 (]: Began running node test.my_etl_project.source_not_null_raw_raw_products_product_id.ae924bb9c1
[0m07:24:01.117775 [debug] [Thread-2 (]: Began executing node test.my_etl_project.source_not_null_raw_raw_customers_customer_id.be576d1f05
[0m07:24:01.117896 [debug] [Thread-1 (]: Began compiling node test.my_etl_project.source_not_null_raw_raw_orders_customer_id.e85b23b048
[0m07:24:01.118015 [debug] [Thread-4 (]: Began compiling node test.my_etl_project.source_not_null_raw_raw_orders_order_id.c81aad1dcf
[0m07:24:01.118136 [debug] [Thread-3 (]: Re-using an available connection from the pool (formerly seed.my_etl_project.raw_products, now test.my_etl_project.source_not_null_raw_raw_products_product_id.ae924bb9c1)
[0m07:24:01.118343 [debug] [Thread-2 (]: Finished running node test.my_etl_project.source_not_null_raw_raw_customers_customer_id.be576d1f05
[0m07:24:01.119685 [debug] [Thread-1 (]: Writing injected SQL for node "test.my_etl_project.source_not_null_raw_raw_orders_customer_id.e85b23b048"
[0m07:24:01.120919 [debug] [Thread-4 (]: Writing injected SQL for node "test.my_etl_project.source_not_null_raw_raw_orders_order_id.c81aad1dcf"
[0m07:24:01.121058 [debug] [Thread-3 (]: Began compiling node test.my_etl_project.source_not_null_raw_raw_products_product_id.ae924bb9c1
[0m07:24:01.121201 [debug] [Thread-2 (]: Began running node test.my_etl_project.source_unique_raw_raw_customers_customer_id.b79e6b4a34
[0m07:24:01.122670 [debug] [Thread-3 (]: Writing injected SQL for node "test.my_etl_project.source_not_null_raw_raw_products_product_id.ae924bb9c1"
[0m07:24:01.122864 [debug] [Thread-2 (]: Re-using an available connection from the pool (formerly test.my_etl_project.source_not_null_raw_raw_customers_customer_id.be576d1f05, now test.my_etl_project.source_unique_raw_raw_customers_customer_id.b79e6b4a34)
[0m07:24:01.123000 [debug] [Thread-1 (]: Began executing node test.my_etl_project.source_not_null_raw_raw_orders_customer_id.e85b23b048
[0m07:24:01.123133 [debug] [Thread-4 (]: Began executing node test.my_etl_project.source_not_null_raw_raw_orders_order_id.c81aad1dcf
[0m07:24:01.123274 [debug] [Thread-2 (]: Began compiling node test.my_etl_project.source_unique_raw_raw_customers_customer_id.b79e6b4a34
[0m07:24:01.123501 [debug] [Thread-1 (]: Finished running node test.my_etl_project.source_not_null_raw_raw_orders_customer_id.e85b23b048
[0m07:24:01.123621 [debug] [Thread-3 (]: Began executing node test.my_etl_project.source_not_null_raw_raw_products_product_id.ae924bb9c1
[0m07:24:01.123819 [debug] [Thread-4 (]: Finished running node test.my_etl_project.source_not_null_raw_raw_orders_order_id.c81aad1dcf
[0m07:24:01.125888 [debug] [Thread-2 (]: Writing injected SQL for node "test.my_etl_project.source_unique_raw_raw_customers_customer_id.b79e6b4a34"
[0m07:24:01.126043 [debug] [Thread-1 (]: Began running node test.my_etl_project.source_unique_raw_raw_orders_order_id.2b32ac9945
[0m07:24:01.126286 [debug] [Thread-3 (]: Finished running node test.my_etl_project.source_not_null_raw_raw_products_product_id.ae924bb9c1
[0m07:24:01.126420 [debug] [Thread-4 (]: Began running node test.my_etl_project.source_unique_raw_raw_products_product_id.7cefe963b6
[0m07:24:01.126600 [debug] [Thread-1 (]: Re-using an available connection from the pool (formerly test.my_etl_project.source_not_null_raw_raw_orders_customer_id.e85b23b048, now test.my_etl_project.source_unique_raw_raw_orders_order_id.2b32ac9945)
[0m07:24:01.126758 [debug] [Thread-3 (]: Began running node test.my_etl_project.accepted_values_stg_customers_region__NORTH__SOUTH__EAST__WEST.1ced9343e3
[0m07:24:01.126898 [debug] [Thread-2 (]: Began executing node test.my_etl_project.source_unique_raw_raw_customers_customer_id.b79e6b4a34
[0m07:24:01.127046 [debug] [Thread-4 (]: Re-using an available connection from the pool (formerly test.my_etl_project.source_not_null_raw_raw_orders_order_id.c81aad1dcf, now test.my_etl_project.source_unique_raw_raw_products_product_id.7cefe963b6)
[0m07:24:01.127170 [debug] [Thread-1 (]: Began compiling node test.my_etl_project.source_unique_raw_raw_orders_order_id.2b32ac9945
[0m07:24:01.127303 [debug] [Thread-3 (]: Re-using an available connection from the pool (formerly test.my_etl_project.source_not_null_raw_raw_products_product_id.ae924bb9c1, now test.my_etl_project.accepted_values_stg_customers_region__NORTH__SOUTH__EAST__WEST.1ced9343e3)
[0m07:24:01.127536 [debug] [Thread-2 (]: Finished running node test.my_etl_project.source_unique_raw_raw_customers_customer_id.b79e6b4a34
[0m07:24:01.127665 [debug] [Thread-4 (]: Began compiling node test.my_etl_project.source_unique_raw_raw_products_product_id.7cefe963b6
[0m07:24:01.128883 [debug] [Thread-1 (]: Writing injected SQL for node "test.my_etl_project.source_unique_raw_raw_orders_order_id.2b32ac9945"
[0m07:24:01.129018 [debug] [Thread-3 (]: Began compiling node test.my_etl_project.accepted_values_stg_customers_region__NORTH__SOUTH__EAST__WEST.1ced9343e3
[0m07:24:01.129158 [debug] [Thread-2 (]: Began running node test.my_etl_project.accepted_values_stg_customers_segment__PLATINUM__GOLD__SILVER.b8a09d892e
[0m07:24:01.130379 [debug] [Thread-4 (]: Writing injected SQL for node "test.my_etl_project.source_unique_raw_raw_products_product_id.7cefe963b6"
[0m07:24:01.133629 [debug] [Thread-3 (]: Writing injected SQL for node "test.my_etl_project.accepted_values_stg_customers_region__NORTH__SOUTH__EAST__WEST.1ced9343e3"
[0m07:24:01.133799 [debug] [Thread-2 (]: Re-using an available connection from the pool (formerly test.my_etl_project.source_unique_raw_raw_customers_customer_id.b79e6b4a34, now test.my_etl_project.accepted_values_stg_customers_segment__PLATINUM__GOLD__SILVER.b8a09d892e)
[0m07:24:01.133965 [debug] [Thread-1 (]: Began executing node test.my_etl_project.source_unique_raw_raw_orders_order_id.2b32ac9945
[0m07:24:01.134128 [debug] [Thread-2 (]: Began compiling node test.my_etl_project.accepted_values_stg_customers_segment__PLATINUM__GOLD__SILVER.b8a09d892e
[0m07:24:01.134260 [debug] [Thread-4 (]: Began executing node test.my_etl_project.source_unique_raw_raw_products_product_id.7cefe963b6
[0m07:24:01.134507 [debug] [Thread-1 (]: Finished running node test.my_etl_project.source_unique_raw_raw_orders_order_id.2b32ac9945
[0m07:24:01.134637 [debug] [Thread-3 (]: Began executing node test.my_etl_project.accepted_values_stg_customers_region__NORTH__SOUTH__EAST__WEST.1ced9343e3
[0m07:24:01.136263 [debug] [Thread-2 (]: Writing injected SQL for node "test.my_etl_project.accepted_values_stg_customers_segment__PLATINUM__GOLD__SILVER.b8a09d892e"
[0m07:24:01.136477 [debug] [Thread-4 (]: Finished running node test.my_etl_project.source_unique_raw_raw_products_product_id.7cefe963b6
[0m07:24:01.136619 [debug] [Thread-1 (]: Began running node test.my_etl_project.not_null_stg_customers_customer_id.e2cfb1f9aa
[0m07:24:01.136849 [debug] [Thread-3 (]: Finished running node test.my_etl_project.accepted_values_stg_customers_region__NORTH__SOUTH__EAST__WEST.1ced9343e3
[0m07:24:01.137014 [debug] [Thread-4 (]: Began running node test.my_etl_project.not_null_stg_customers_region.dead58c348
[0m07:24:01.137175 [debug] [Thread-1 (]: Re-using an available connection from the pool (formerly test.my_etl_project.source_unique_raw_raw_orders_order_id.2b32ac9945, now test.my_etl_project.not_null_stg_customers_customer_id.e2cfb1f9aa)
[0m07:24:01.137296 [debug] [Thread-2 (]: Began executing node test.my_etl_project.accepted_values_stg_customers_segment__PLATINUM__GOLD__SILVER.b8a09d892e
[0m07:24:01.137425 [debug] [Thread-3 (]: Began running node test.my_etl_project.not_null_stg_customers_segment.54e04798f3
[0m07:24:01.137565 [debug] [Thread-4 (]: Re-using an available connection from the pool (formerly test.my_etl_project.source_unique_raw_raw_products_product_id.7cefe963b6, now test.my_etl_project.not_null_stg_customers_region.dead58c348)
[0m07:24:01.137695 [debug] [Thread-1 (]: Began compiling node test.my_etl_project.not_null_stg_customers_customer_id.e2cfb1f9aa
[0m07:24:01.137897 [debug] [Thread-2 (]: Finished running node test.my_etl_project.accepted_values_stg_customers_segment__PLATINUM__GOLD__SILVER.b8a09d892e
[0m07:24:01.138023 [debug] [Thread-3 (]: Re-using an available connection from the pool (formerly test.my_etl_project.accepted_values_stg_customers_region__NORTH__SOUTH__EAST__WEST.1ced9343e3, now test.my_etl_project.not_null_stg_customers_segment.54e04798f3)
[0m07:24:01.138145 [debug] [Thread-4 (]: Began compiling node test.my_etl_project.not_null_stg_customers_region.dead58c348
[0m07:24:01.139380 [debug] [Thread-1 (]: Writing injected SQL for node "test.my_etl_project.not_null_stg_customers_customer_id.e2cfb1f9aa"
[0m07:24:01.139523 [debug] [Thread-2 (]: Began running node test.my_etl_project.unique_stg_customers_customer_id.c7614daada
[0m07:24:01.139656 [debug] [Thread-3 (]: Began compiling node test.my_etl_project.not_null_stg_customers_segment.54e04798f3
[0m07:24:01.141554 [debug] [Thread-4 (]: Writing injected SQL for node "test.my_etl_project.not_null_stg_customers_region.dead58c348"
[0m07:24:01.141722 [debug] [Thread-2 (]: Re-using an available connection from the pool (formerly test.my_etl_project.accepted_values_stg_customers_segment__PLATINUM__GOLD__SILVER.b8a09d892e, now test.my_etl_project.unique_stg_customers_customer_id.c7614daada)
[0m07:24:01.142883 [debug] [Thread-3 (]: Writing injected SQL for node "test.my_etl_project.not_null_stg_customers_segment.54e04798f3"
[0m07:24:01.143031 [debug] [Thread-1 (]: Began executing node test.my_etl_project.not_null_stg_customers_customer_id.e2cfb1f9aa
[0m07:24:01.143170 [debug] [Thread-2 (]: Began compiling node test.my_etl_project.unique_stg_customers_customer_id.c7614daada
[0m07:24:01.143323 [debug] [Thread-4 (]: Began executing node test.my_etl_project.not_null_stg_customers_region.dead58c348
[0m07:24:01.143539 [debug] [Thread-1 (]: Finished running node test.my_etl_project.not_null_stg_customers_customer_id.e2cfb1f9aa
[0m07:24:01.144733 [debug] [Thread-2 (]: Writing injected SQL for node "test.my_etl_project.unique_stg_customers_customer_id.c7614daada"
[0m07:24:01.144849 [debug] [Thread-3 (]: Began executing node test.my_etl_project.not_null_stg_customers_segment.54e04798f3
[0m07:24:01.145098 [debug] [Thread-4 (]: Finished running node test.my_etl_project.not_null_stg_customers_region.dead58c348
[0m07:24:01.145230 [debug] [Thread-1 (]: Began running node test.my_etl_project.not_null_stg_products_price_usd.1377dfd511
[0m07:24:01.145462 [debug] [Thread-3 (]: Finished running node test.my_etl_project.not_null_stg_customers_segment.54e04798f3
[0m07:24:01.145604 [debug] [Thread-4 (]: Began running node test.my_etl_project.not_null_stg_products_product_id.6373b0acf3
[0m07:24:01.145755 [debug] [Thread-1 (]: Re-using an available connection from the pool (formerly test.my_etl_project.not_null_stg_customers_customer_id.e2cfb1f9aa, now test.my_etl_project.not_null_stg_products_price_usd.1377dfd511)
[0m07:24:01.145874 [debug] [Thread-2 (]: Began executing node test.my_etl_project.unique_stg_customers_customer_id.c7614daada
[0m07:24:01.146009 [debug] [Thread-3 (]: Began running node test.my_etl_project.positive_values_stg_products_price_usd.24ebdc0599
[0m07:24:01.146144 [debug] [Thread-4 (]: Re-using an available connection from the pool (formerly test.my_etl_project.not_null_stg_customers_region.dead58c348, now test.my_etl_project.not_null_stg_products_product_id.6373b0acf3)
[0m07:24:01.146265 [debug] [Thread-1 (]: Began compiling node test.my_etl_project.not_null_stg_products_price_usd.1377dfd511
[0m07:24:01.146459 [debug] [Thread-2 (]: Finished running node test.my_etl_project.unique_stg_customers_customer_id.c7614daada
[0m07:24:01.146586 [debug] [Thread-3 (]: Re-using an available connection from the pool (formerly test.my_etl_project.not_null_stg_customers_segment.54e04798f3, now test.my_etl_project.positive_values_stg_products_price_usd.24ebdc0599)
[0m07:24:01.146739 [debug] [Thread-4 (]: Began compiling node test.my_etl_project.not_null_stg_products_product_id.6373b0acf3
[0m07:24:01.147979 [debug] [Thread-1 (]: Writing injected SQL for node "test.my_etl_project.not_null_stg_products_price_usd.1377dfd511"
[0m07:24:01.148126 [debug] [Thread-2 (]: Began running node test.my_etl_project.unique_stg_products_product_id.7d950a1467
[0m07:24:01.148281 [debug] [Thread-3 (]: Began compiling node test.my_etl_project.positive_values_stg_products_price_usd.24ebdc0599
[0m07:24:01.149625 [debug] [Thread-4 (]: Writing injected SQL for node "test.my_etl_project.not_null_stg_products_product_id.6373b0acf3"
[0m07:24:01.149848 [debug] [Thread-2 (]: Re-using an available connection from the pool (formerly test.my_etl_project.unique_stg_customers_customer_id.c7614daada, now test.my_etl_project.unique_stg_products_product_id.7d950a1467)
[0m07:24:01.151314 [debug] [Thread-3 (]: Writing injected SQL for node "test.my_etl_project.positive_values_stg_products_price_usd.24ebdc0599"
[0m07:24:01.151485 [debug] [Thread-2 (]: Began compiling node test.my_etl_project.unique_stg_products_product_id.7d950a1467
[0m07:24:01.151617 [debug] [Thread-1 (]: Began executing node test.my_etl_project.not_null_stg_products_price_usd.1377dfd511
[0m07:24:01.151775 [debug] [Thread-4 (]: Began executing node test.my_etl_project.not_null_stg_products_product_id.6373b0acf3
[0m07:24:01.153011 [debug] [Thread-2 (]: Writing injected SQL for node "test.my_etl_project.unique_stg_products_product_id.7d950a1467"
[0m07:24:01.153259 [debug] [Thread-1 (]: Finished running node test.my_etl_project.not_null_stg_products_price_usd.1377dfd511
[0m07:24:01.153378 [debug] [Thread-3 (]: Began executing node test.my_etl_project.positive_values_stg_products_price_usd.24ebdc0599
[0m07:24:01.153597 [debug] [Thread-4 (]: Finished running node test.my_etl_project.not_null_stg_products_product_id.6373b0acf3
[0m07:24:01.153766 [debug] [Thread-1 (]: Began running node model.my_etl_project.fct_sales_incremental
[0m07:24:01.154000 [debug] [Thread-3 (]: Finished running node test.my_etl_project.positive_values_stg_products_price_usd.24ebdc0599
[0m07:24:01.154122 [debug] [Thread-2 (]: Began executing node test.my_etl_project.unique_stg_products_product_id.7d950a1467
[0m07:24:01.154247 [debug] [Thread-4 (]: Began running node model.my_etl_project.int_orders_cleaned
[0m07:24:01.154391 [debug] [Thread-1 (]: Re-using an available connection from the pool (formerly test.my_etl_project.not_null_stg_products_price_usd.1377dfd511, now model.my_etl_project.fct_sales_incremental)
[0m07:24:01.154538 [debug] [Thread-3 (]: Began running node test.my_etl_project.accepted_values_stg_orders_status__COMPLETE__PENDING__FAILED__CANCELLED.b0f05764d8
[0m07:24:01.154741 [debug] [Thread-2 (]: Finished running node test.my_etl_project.unique_stg_products_product_id.7d950a1467
[0m07:24:01.154874 [debug] [Thread-4 (]: Re-using an available connection from the pool (formerly test.my_etl_project.not_null_stg_products_product_id.6373b0acf3, now model.my_etl_project.int_orders_cleaned)
[0m07:24:01.155000 [debug] [Thread-1 (]: Began compiling node model.my_etl_project.fct_sales_incremental
[0m07:24:01.155131 [debug] [Thread-3 (]: Re-using an available connection from the pool (formerly test.my_etl_project.positive_values_stg_products_price_usd.24ebdc0599, now test.my_etl_project.accepted_values_stg_orders_status__COMPLETE__PENDING__FAILED__CANCELLED.b0f05764d8)
[0m07:24:01.155263 [debug] [Thread-2 (]: Began running node test.my_etl_project.not_null_stg_orders_amount.2546645448
[0m07:24:01.155390 [debug] [Thread-4 (]: Began compiling node model.my_etl_project.int_orders_cleaned
[0m07:24:01.158294 [debug] [Thread-1 (]: Writing injected SQL for node "model.my_etl_project.fct_sales_incremental"
[0m07:24:01.158426 [debug] [Thread-3 (]: Began compiling node test.my_etl_project.accepted_values_stg_orders_status__COMPLETE__PENDING__FAILED__CANCELLED.b0f05764d8
[0m07:24:01.158556 [debug] [Thread-2 (]: Re-using an available connection from the pool (formerly test.my_etl_project.unique_stg_products_product_id.7d950a1467, now test.my_etl_project.not_null_stg_orders_amount.2546645448)
[0m07:24:01.159523 [debug] [Thread-4 (]: Writing injected SQL for node "model.my_etl_project.int_orders_cleaned"
[0m07:24:01.161591 [debug] [Thread-3 (]: Writing injected SQL for node "test.my_etl_project.accepted_values_stg_orders_status__COMPLETE__PENDING__FAILED__CANCELLED.b0f05764d8"
[0m07:24:01.161741 [debug] [Thread-2 (]: Began compiling node test.my_etl_project.not_null_stg_orders_amount.2546645448
[0m07:24:01.161889 [debug] [Thread-1 (]: Began executing node model.my_etl_project.fct_sales_incremental
[0m07:24:01.163799 [debug] [Thread-2 (]: Writing injected SQL for node "test.my_etl_project.not_null_stg_orders_amount.2546645448"
[0m07:24:01.163998 [debug] [Thread-4 (]: Finished running node model.my_etl_project.int_orders_cleaned
[0m07:24:01.164198 [debug] [Thread-1 (]: Finished running node model.my_etl_project.fct_sales_incremental
[0m07:24:01.164354 [debug] [Thread-3 (]: Began executing node test.my_etl_project.accepted_values_stg_orders_status__COMPLETE__PENDING__FAILED__CANCELLED.b0f05764d8
[0m07:24:01.164493 [debug] [Thread-4 (]: Began running node test.my_etl_project.not_null_stg_orders_customer_id.af79d5e4b5
[0m07:24:01.164681 [debug] [Thread-1 (]: Began running node test.my_etl_project.not_null_stg_orders_order_id.81cfe2fe64
[0m07:24:01.164808 [debug] [Thread-2 (]: Began executing node test.my_etl_project.not_null_stg_orders_amount.2546645448
[0m07:24:01.165027 [debug] [Thread-3 (]: Finished running node test.my_etl_project.accepted_values_stg_orders_status__COMPLETE__PENDING__FAILED__CANCELLED.b0f05764d8
[0m07:24:01.165164 [debug] [Thread-4 (]: Re-using an available connection from the pool (formerly model.my_etl_project.int_orders_cleaned, now test.my_etl_project.not_null_stg_orders_customer_id.af79d5e4b5)
[0m07:24:01.165297 [debug] [Thread-1 (]: Re-using an available connection from the pool (formerly model.my_etl_project.fct_sales_incremental, now test.my_etl_project.not_null_stg_orders_order_id.81cfe2fe64)
[0m07:24:01.165504 [debug] [Thread-2 (]: Finished running node test.my_etl_project.not_null_stg_orders_amount.2546645448
[0m07:24:01.165640 [debug] [Thread-3 (]: Began running node test.my_etl_project.not_null_stg_orders_status.2b01eecbd6
[0m07:24:01.165764 [debug] [Thread-4 (]: Began compiling node test.my_etl_project.not_null_stg_orders_customer_id.af79d5e4b5
[0m07:24:01.165886 [debug] [Thread-1 (]: Began compiling node test.my_etl_project.not_null_stg_orders_order_id.81cfe2fe64
[0m07:24:01.166007 [debug] [Thread-2 (]: Began running node test.my_etl_project.positive_values_stg_orders_amount.5ee405780e
[0m07:24:01.166144 [debug] [Thread-3 (]: Re-using an available connection from the pool (formerly test.my_etl_project.accepted_values_stg_orders_status__COMPLETE__PENDING__FAILED__CANCELLED.b0f05764d8, now test.my_etl_project.not_null_stg_orders_status.2b01eecbd6)
[0m07:24:01.167307 [debug] [Thread-4 (]: Writing injected SQL for node "test.my_etl_project.not_null_stg_orders_customer_id.af79d5e4b5"
[0m07:24:01.168560 [debug] [Thread-1 (]: Writing injected SQL for node "test.my_etl_project.not_null_stg_orders_order_id.81cfe2fe64"
[0m07:24:01.168700 [debug] [Thread-2 (]: Re-using an available connection from the pool (formerly test.my_etl_project.not_null_stg_orders_amount.2546645448, now test.my_etl_project.positive_values_stg_orders_amount.5ee405780e)
[0m07:24:01.168828 [debug] [Thread-3 (]: Began compiling node test.my_etl_project.not_null_stg_orders_status.2b01eecbd6
[0m07:24:01.169016 [debug] [Thread-2 (]: Began compiling node test.my_etl_project.positive_values_stg_orders_amount.5ee405780e
[0m07:24:01.170176 [debug] [Thread-3 (]: Writing injected SQL for node "test.my_etl_project.not_null_stg_orders_status.2b01eecbd6"
[0m07:24:01.170303 [debug] [Thread-4 (]: Began executing node test.my_etl_project.not_null_stg_orders_customer_id.af79d5e4b5
[0m07:24:01.170422 [debug] [Thread-1 (]: Began executing node test.my_etl_project.not_null_stg_orders_order_id.81cfe2fe64
[0m07:24:01.171500 [debug] [Thread-2 (]: Writing injected SQL for node "test.my_etl_project.positive_values_stg_orders_amount.5ee405780e"
[0m07:24:01.171740 [debug] [Thread-4 (]: Finished running node test.my_etl_project.not_null_stg_orders_customer_id.af79d5e4b5
[0m07:24:01.171961 [debug] [Thread-1 (]: Finished running node test.my_etl_project.not_null_stg_orders_order_id.81cfe2fe64
[0m07:24:01.172101 [debug] [Thread-3 (]: Began executing node test.my_etl_project.not_null_stg_orders_status.2b01eecbd6
[0m07:24:01.172235 [debug] [Thread-4 (]: Began running node test.my_etl_project.relationships_stg_orders_customer_id__customer_id__ref_stg_customers_.430bf21500
[0m07:24:01.172398 [debug] [Thread-1 (]: Began running node test.my_etl_project.unique_stg_orders_order_id.e3b841c71a
[0m07:24:01.172513 [debug] [Thread-2 (]: Began executing node test.my_etl_project.positive_values_stg_orders_amount.5ee405780e
[0m07:24:01.172721 [debug] [Thread-3 (]: Finished running node test.my_etl_project.not_null_stg_orders_status.2b01eecbd6
[0m07:24:01.172848 [debug] [Thread-4 (]: Re-using an available connection from the pool (formerly test.my_etl_project.not_null_stg_orders_customer_id.af79d5e4b5, now test.my_etl_project.relationships_stg_orders_customer_id__customer_id__ref_stg_customers_.430bf21500)
[0m07:24:01.172978 [debug] [Thread-1 (]: Re-using an available connection from the pool (formerly test.my_etl_project.not_null_stg_orders_order_id.81cfe2fe64, now test.my_etl_project.unique_stg_orders_order_id.e3b841c71a)
[0m07:24:01.173240 [debug] [Thread-2 (]: Finished running node test.my_etl_project.positive_values_stg_orders_amount.5ee405780e
[0m07:24:01.173373 [debug] [Thread-3 (]: Began running node model.my_etl_project.int_orders_customers
[0m07:24:01.173501 [debug] [Thread-4 (]: Began compiling node test.my_etl_project.relationships_stg_orders_customer_id__customer_id__ref_stg_customers_.430bf21500
[0m07:24:01.173621 [debug] [Thread-1 (]: Began compiling node test.my_etl_project.unique_stg_orders_order_id.e3b841c71a
[0m07:24:01.173749 [debug] [Thread-2 (]: Began running node test.my_etl_project.not_null_fct_sales_incremental_order_id.b8fc35ca17
[0m07:24:01.173879 [debug] [Thread-3 (]: Re-using an available connection from the pool (formerly test.my_etl_project.not_null_stg_orders_status.2b01eecbd6, now model.my_etl_project.int_orders_customers)
[0m07:24:01.176374 [debug] [Thread-4 (]: Writing injected SQL for node "test.my_etl_project.relationships_stg_orders_customer_id__customer_id__ref_stg_customers_.430bf21500"
[0m07:24:01.177519 [debug] [Thread-1 (]: Writing injected SQL for node "test.my_etl_project.unique_stg_orders_order_id.e3b841c71a"
[0m07:24:01.177660 [debug] [Thread-2 (]: Re-using an available connection from the pool (formerly test.my_etl_project.positive_values_stg_orders_amount.5ee405780e, now test.my_etl_project.not_null_fct_sales_incremental_order_id.b8fc35ca17)
[0m07:24:01.177779 [debug] [Thread-3 (]: Began compiling node model.my_etl_project.int_orders_customers
[0m07:24:01.177956 [debug] [Thread-2 (]: Began compiling node test.my_etl_project.not_null_fct_sales_incremental_order_id.b8fc35ca17
[0m07:24:01.180115 [debug] [Thread-3 (]: Writing injected SQL for node "model.my_etl_project.int_orders_customers"
[0m07:24:01.180255 [debug] [Thread-4 (]: Began executing node test.my_etl_project.relationships_stg_orders_customer_id__customer_id__ref_stg_customers_.430bf21500
[0m07:24:01.181460 [debug] [Thread-2 (]: Writing injected SQL for node "test.my_etl_project.not_null_fct_sales_incremental_order_id.b8fc35ca17"
[0m07:24:01.181583 [debug] [Thread-1 (]: Began executing node test.my_etl_project.unique_stg_orders_order_id.e3b841c71a
[0m07:24:01.181818 [debug] [Thread-4 (]: Finished running node test.my_etl_project.relationships_stg_orders_customer_id__customer_id__ref_stg_customers_.430bf21500
[0m07:24:01.181986 [debug] [Thread-3 (]: Began executing node model.my_etl_project.int_orders_customers
[0m07:24:01.182173 [debug] [Thread-1 (]: Finished running node test.my_etl_project.unique_stg_orders_order_id.e3b841c71a
[0m07:24:01.182319 [debug] [Thread-4 (]: Began running node test.my_etl_project.unique_fct_sales_incremental_order_id.8822e17031
[0m07:24:01.182442 [debug] [Thread-2 (]: Began executing node test.my_etl_project.not_null_fct_sales_incremental_order_id.b8fc35ca17
[0m07:24:01.182645 [debug] [Thread-3 (]: Finished running node model.my_etl_project.int_orders_customers
[0m07:24:01.182800 [debug] [Thread-4 (]: Re-using an available connection from the pool (formerly test.my_etl_project.relationships_stg_orders_customer_id__customer_id__ref_stg_customers_.430bf21500, now test.my_etl_project.unique_fct_sales_incremental_order_id.8822e17031)
[0m07:24:01.183003 [debug] [Thread-2 (]: Finished running node test.my_etl_project.not_null_fct_sales_incremental_order_id.b8fc35ca17
[0m07:24:01.183202 [debug] [Thread-1 (]: Began running node model.my_etl_project.fct_sales
[0m07:24:01.183368 [debug] [Thread-4 (]: Began compiling node test.my_etl_project.unique_fct_sales_incremental_order_id.8822e17031
[0m07:24:01.183482 [debug] [Thread-3 (]: Began running node test.my_etl_project.not_null_int_orders_customers_amount.363e63f97a
[0m07:24:01.183611 [debug] [Thread-2 (]: Began running node test.my_etl_project.not_null_int_orders_customers_order_id.f3c169c800
[0m07:24:01.183751 [debug] [Thread-1 (]: Re-using an available connection from the pool (formerly test.my_etl_project.unique_stg_orders_order_id.e3b841c71a, now model.my_etl_project.fct_sales)
[0m07:24:01.184877 [debug] [Thread-4 (]: Writing injected SQL for node "test.my_etl_project.unique_fct_sales_incremental_order_id.8822e17031"
[0m07:24:01.185011 [debug] [Thread-3 (]: Re-using an available connection from the pool (formerly model.my_etl_project.int_orders_customers, now test.my_etl_project.not_null_int_orders_customers_amount.363e63f97a)
[0m07:24:01.185147 [debug] [Thread-2 (]: Re-using an available connection from the pool (formerly test.my_etl_project.not_null_fct_sales_incremental_order_id.b8fc35ca17, now test.my_etl_project.not_null_int_orders_customers_order_id.f3c169c800)
[0m07:24:01.185278 [debug] [Thread-1 (]: Began compiling node model.my_etl_project.fct_sales
[0m07:24:01.185419 [debug] [Thread-3 (]: Began compiling node test.my_etl_project.not_null_int_orders_customers_amount.363e63f97a
[0m07:24:01.185545 [debug] [Thread-2 (]: Began compiling node test.my_etl_project.not_null_int_orders_customers_order_id.f3c169c800
[0m07:24:01.187594 [debug] [Thread-1 (]: Writing injected SQL for node "model.my_etl_project.fct_sales"
[0m07:24:01.187721 [debug] [Thread-4 (]: Began executing node test.my_etl_project.unique_fct_sales_incremental_order_id.8822e17031
[0m07:24:01.188908 [debug] [Thread-3 (]: Writing injected SQL for node "test.my_etl_project.not_null_int_orders_customers_amount.363e63f97a"
[0m07:24:01.190077 [debug] [Thread-2 (]: Writing injected SQL for node "test.my_etl_project.not_null_int_orders_customers_order_id.f3c169c800"
[0m07:24:01.190325 [debug] [Thread-4 (]: Finished running node test.my_etl_project.unique_fct_sales_incremental_order_id.8822e17031
[0m07:24:01.190478 [debug] [Thread-1 (]: Began executing node model.my_etl_project.fct_sales
[0m07:24:01.190631 [debug] [Thread-4 (]: Began running node test.my_etl_project.unique_int_orders_customers_order_id.abc701c6e1
[0m07:24:01.190882 [debug] [Thread-1 (]: Finished running node model.my_etl_project.fct_sales
[0m07:24:01.190991 [debug] [Thread-3 (]: Began executing node test.my_etl_project.not_null_int_orders_customers_amount.363e63f97a
[0m07:24:01.191102 [debug] [Thread-2 (]: Began executing node test.my_etl_project.not_null_int_orders_customers_order_id.f3c169c800
[0m07:24:01.191231 [debug] [Thread-4 (]: Re-using an available connection from the pool (formerly test.my_etl_project.unique_fct_sales_incremental_order_id.8822e17031, now test.my_etl_project.unique_int_orders_customers_order_id.abc701c6e1)
[0m07:24:01.191441 [debug] [Thread-1 (]: Began running node test.my_etl_project.accepted_values_fct_sales_status__COMPLETE.4ee04b944f
[0m07:24:01.191632 [debug] [Thread-3 (]: Finished running node test.my_etl_project.not_null_int_orders_customers_amount.363e63f97a
[0m07:24:01.191830 [debug] [Thread-2 (]: Finished running node test.my_etl_project.not_null_int_orders_customers_order_id.f3c169c800
[0m07:24:01.191955 [debug] [Thread-4 (]: Began compiling node test.my_etl_project.unique_int_orders_customers_order_id.abc701c6e1
[0m07:24:01.192077 [debug] [Thread-1 (]: Re-using an available connection from the pool (formerly model.my_etl_project.fct_sales, now test.my_etl_project.accepted_values_fct_sales_status__COMPLETE.4ee04b944f)
[0m07:24:01.192207 [debug] [Thread-3 (]: Began running node test.my_etl_project.not_null_fct_sales_amount.0427b27870
[0m07:24:01.192343 [debug] [Thread-2 (]: Began running node test.my_etl_project.not_null_fct_sales_customer_id.998bfce0ce
[0m07:24:01.193476 [debug] [Thread-4 (]: Writing injected SQL for node "test.my_etl_project.unique_int_orders_customers_order_id.abc701c6e1"
[0m07:24:01.193605 [debug] [Thread-1 (]: Began compiling node test.my_etl_project.accepted_values_fct_sales_status__COMPLETE.4ee04b944f
[0m07:24:01.193733 [debug] [Thread-3 (]: Re-using an available connection from the pool (formerly test.my_etl_project.not_null_int_orders_customers_amount.363e63f97a, now test.my_etl_project.not_null_fct_sales_amount.0427b27870)
[0m07:24:01.193866 [debug] [Thread-2 (]: Re-using an available connection from the pool (formerly test.my_etl_project.not_null_int_orders_customers_order_id.f3c169c800, now test.my_etl_project.not_null_fct_sales_customer_id.998bfce0ce)
[0m07:24:01.195093 [debug] [Thread-1 (]: Writing injected SQL for node "test.my_etl_project.accepted_values_fct_sales_status__COMPLETE.4ee04b944f"
[0m07:24:01.195222 [debug] [Thread-3 (]: Began compiling node test.my_etl_project.not_null_fct_sales_amount.0427b27870
[0m07:24:01.195353 [debug] [Thread-2 (]: Began compiling node test.my_etl_project.not_null_fct_sales_customer_id.998bfce0ce
[0m07:24:01.195481 [debug] [Thread-4 (]: Began executing node test.my_etl_project.unique_int_orders_customers_order_id.abc701c6e1
[0m07:24:01.196659 [debug] [Thread-3 (]: Writing injected SQL for node "test.my_etl_project.not_null_fct_sales_amount.0427b27870"
[0m07:24:01.197776 [debug] [Thread-2 (]: Writing injected SQL for node "test.my_etl_project.not_null_fct_sales_customer_id.998bfce0ce"
[0m07:24:01.198002 [debug] [Thread-4 (]: Finished running node test.my_etl_project.unique_int_orders_customers_order_id.abc701c6e1
[0m07:24:01.198119 [debug] [Thread-1 (]: Began executing node test.my_etl_project.accepted_values_fct_sales_status__COMPLETE.4ee04b944f
[0m07:24:01.198311 [debug] [Thread-4 (]: Began running node test.my_etl_project.not_null_fct_sales_order_id.4987638769
[0m07:24:01.198456 [debug] [Thread-3 (]: Began executing node test.my_etl_project.not_null_fct_sales_amount.0427b27870
[0m07:24:01.198661 [debug] [Thread-1 (]: Finished running node test.my_etl_project.accepted_values_fct_sales_status__COMPLETE.4ee04b944f
[0m07:24:01.198783 [debug] [Thread-2 (]: Began executing node test.my_etl_project.not_null_fct_sales_customer_id.998bfce0ce
[0m07:24:01.198909 [debug] [Thread-4 (]: Re-using an available connection from the pool (formerly test.my_etl_project.unique_int_orders_customers_order_id.abc701c6e1, now test.my_etl_project.not_null_fct_sales_order_id.4987638769)
[0m07:24:01.199110 [debug] [Thread-3 (]: Finished running node test.my_etl_project.not_null_fct_sales_amount.0427b27870
[0m07:24:01.199236 [debug] [Thread-1 (]: Began running node test.my_etl_project.not_null_fct_sales_status.fb947e0b69
[0m07:24:01.199447 [debug] [Thread-2 (]: Finished running node test.my_etl_project.not_null_fct_sales_customer_id.998bfce0ce
[0m07:24:01.199567 [debug] [Thread-4 (]: Began compiling node test.my_etl_project.not_null_fct_sales_order_id.4987638769
[0m07:24:01.199690 [debug] [Thread-3 (]: Began running node test.my_etl_project.positive_values_fct_sales_amount.12d23854c3
[0m07:24:01.199825 [debug] [Thread-1 (]: Re-using an available connection from the pool (formerly test.my_etl_project.accepted_values_fct_sales_status__COMPLETE.4ee04b944f, now test.my_etl_project.not_null_fct_sales_status.fb947e0b69)
[0m07:24:01.199962 [debug] [Thread-2 (]: Began running node test.my_etl_project.unique_fct_sales_order_id.cfa4f433c5
[0m07:24:01.201080 [debug] [Thread-4 (]: Writing injected SQL for node "test.my_etl_project.not_null_fct_sales_order_id.4987638769"
[0m07:24:01.201200 [debug] [Thread-3 (]: Re-using an available connection from the pool (formerly test.my_etl_project.not_null_fct_sales_amount.0427b27870, now test.my_etl_project.positive_values_fct_sales_amount.12d23854c3)
[0m07:24:01.201321 [debug] [Thread-1 (]: Began compiling node test.my_etl_project.not_null_fct_sales_status.fb947e0b69
[0m07:24:01.201452 [debug] [Thread-2 (]: Re-using an available connection from the pool (formerly test.my_etl_project.not_null_fct_sales_customer_id.998bfce0ce, now test.my_etl_project.unique_fct_sales_order_id.cfa4f433c5)
[0m07:24:01.201601 [debug] [Thread-3 (]: Began compiling node test.my_etl_project.positive_values_fct_sales_amount.12d23854c3
[0m07:24:01.202754 [debug] [Thread-1 (]: Writing injected SQL for node "test.my_etl_project.not_null_fct_sales_status.fb947e0b69"
[0m07:24:01.202894 [debug] [Thread-2 (]: Began compiling node test.my_etl_project.unique_fct_sales_order_id.cfa4f433c5
[0m07:24:01.203010 [debug] [Thread-4 (]: Began executing node test.my_etl_project.not_null_fct_sales_order_id.4987638769
[0m07:24:01.204111 [debug] [Thread-3 (]: Writing injected SQL for node "test.my_etl_project.positive_values_fct_sales_amount.12d23854c3"
[0m07:24:01.205987 [debug] [Thread-2 (]: Writing injected SQL for node "test.my_etl_project.unique_fct_sales_order_id.cfa4f433c5"
[0m07:24:01.206215 [debug] [Thread-4 (]: Finished running node test.my_etl_project.not_null_fct_sales_order_id.4987638769
[0m07:24:01.206329 [debug] [Thread-1 (]: Began executing node test.my_etl_project.not_null_fct_sales_status.fb947e0b69
[0m07:24:01.206540 [debug] [Thread-3 (]: Began executing node test.my_etl_project.positive_values_fct_sales_amount.12d23854c3
[0m07:24:01.206734 [debug] [Thread-1 (]: Finished running node test.my_etl_project.not_null_fct_sales_status.fb947e0b69
[0m07:24:01.206947 [debug] [Thread-3 (]: Finished running node test.my_etl_project.positive_values_fct_sales_amount.12d23854c3
[0m07:24:01.207058 [debug] [Thread-2 (]: Began executing node test.my_etl_project.unique_fct_sales_order_id.cfa4f433c5
[0m07:24:01.207302 [debug] [Thread-2 (]: Finished running node test.my_etl_project.unique_fct_sales_order_id.cfa4f433c5
[0m07:24:01.207697 [debug] [MainThread]: Connection 'master' was properly closed.
[0m07:24:01.207797 [debug] [MainThread]: Connection 'test.my_etl_project.not_null_fct_sales_status.fb947e0b69' was properly closed.
[0m07:24:01.207886 [debug] [MainThread]: Connection 'test.my_etl_project.unique_fct_sales_order_id.cfa4f433c5' was properly closed.
[0m07:24:01.207971 [debug] [MainThread]: Connection 'test.my_etl_project.positive_values_fct_sales_amount.12d23854c3' was properly closed.
[0m07:24:01.208056 [debug] [MainThread]: Connection 'test.my_etl_project.not_null_fct_sales_order_id.4987638769' was properly closed.
[0m07:24:01.209711 [debug] [MainThread]: Command end result
[0m07:24:01.245713 [debug] [MainThread]: Wrote artifact WritableManifest to /Users/aviraljain/Downloads/python advanced/my_etl_project/target/manifest.json
[0m07:24:01.246414 [debug] [MainThread]: Wrote artifact SemanticManifest to /Users/aviraljain/Downloads/python advanced/my_etl_project/target/semantic_manifest.json
[0m07:24:01.249152 [debug] [MainThread]: Wrote artifact RunExecutionResult to /Users/aviraljain/Downloads/python advanced/my_etl_project/target/run_results.json
[0m07:24:01.250558 [debug] [MainThread]: Acquiring new duckdb connection 'generate_catalog'
[0m07:24:01.250654 [info ] [MainThread]: Building catalog
[0m07:24:01.254308 [debug] [ThreadPool]: Acquiring new duckdb connection 'dev.information_schema'
[0m07:24:01.256396 [debug] [ThreadPool]: Using duckdb connection "dev.information_schema"
[0m07:24:01.256641 [debug] [ThreadPool]: On dev.information_schema: BEGIN
[0m07:24:01.256743 [debug] [ThreadPool]: Opening a new connection, currently in state init
[0m07:24:01.256997 [debug] [ThreadPool]: SQL status: OK in 0.000 seconds
[0m07:24:01.257094 [debug] [ThreadPool]: Using duckdb connection "dev.information_schema"
[0m07:24:01.257213 [debug] [ThreadPool]: On dev.information_schema: /* {"app": "dbt", "dbt_version": "1.11.7", "profile_name": "my_etl_project", "target_name": "dev", "connection_name": "dev.information_schema"} */
with relations AS (
      select
        t.table_name
        , t.database_name
        , t.schema_name
        , 'BASE TABLE' as table_type
        , t.comment as table_comment
      from duckdb_tables() t
      WHERE t.database_name = 'dev'
      UNION ALL
      SELECT v.view_name as table_name
      , v.database_name
      , v.schema_name
      , 'VIEW' as table_type
      , v.comment as table_comment
      from duckdb_views() v
      WHERE v.database_name = 'dev'
    )
    select
        'dev' as table_database,
        r.schema_name as table_schema,
        r.table_name,
        r.table_type,
        r.table_comment,
        c.column_name,
        c.column_index as column_index,
        c.data_type as column_type,
        c.comment as column_comment,
        NULL as table_owner
    FROM relations r JOIN duckdb_columns() c ON r.schema_name = c.schema_name AND r.table_name = c.table_name
    WHERE (upper(r.schema_name) = upper('main') or upper(r.schema_name) = upper('main_raw_ingestion') or upper(r.schema_name) = upper('main_analytics'))
    ORDER BY
        r.schema_name,
        r.table_name,
        c.column_index
[0m07:24:01.263531 [debug] [ThreadPool]: SQL status: OK in 0.006 seconds
[0m07:24:01.265478 [debug] [ThreadPool]: On dev.information_schema: ROLLBACK
[0m07:24:01.265779 [debug] [ThreadPool]: Failed to rollback 'dev.information_schema'
[0m07:24:01.265955 [debug] [ThreadPool]: On dev.information_schema: Close
[0m07:24:01.271058 [debug] [MainThread]: Wrote artifact CatalogArtifact to /Users/aviraljain/Downloads/python advanced/my_etl_project/target/catalog.json
[0m07:24:01.282752 [debug] [MainThread]: Wrote artifact WritableManifest to /Users/aviraljain/Downloads/python advanced/my_etl_project/target/manifest.json
[0m07:24:01.283585 [debug] [MainThread]: Wrote artifact SemanticManifest to /Users/aviraljain/Downloads/python advanced/my_etl_project/target/semantic_manifest.json
[0m07:24:01.283709 [info ] [MainThread]: Catalog written to /Users/aviraljain/Downloads/python advanced/my_etl_project/target/catalog.json
[0m07:24:01.284976 [debug] [MainThread]: Resource report: {"command_name": "generate", "command_success": true, "command_wall_clock_time": 0.48177004, "process_in_blocks": "0", "process_kernel_time": 0.120141, "process_mem_max_rss": "160907264", "process_out_blocks": "0", "process_user_time": 0.875121}
[0m07:24:01.285179 [debug] [MainThread]: Command `dbt docs generate` succeeded at 07:24:01.285147 after 0.48 seconds
[0m07:24:01.285306 [debug] [MainThread]: Connection 'generate_catalog' was properly closed.
[0m07:24:01.285458 [debug] [MainThread]: Connection 'dev.information_schema' was properly closed.
[0m07:24:01.285622 [debug] [MainThread]: Sending event: {'category': 'dbt', 'action': 'invocation', 'label': 'end', 'context': [<snowplow_tracker.self_describing_json.SelfDescribingJson object at 0x1072bc0d0>, <snowplow_tracker.self_describing_json.SelfDescribingJson object at 0x1085990d0>, <snowplow_tracker.self_describing_json.SelfDescribingJson object at 0x10969af90>]}
[0m07:24:01.285789 [debug] [MainThread]: Flushing usage events
[0m07:24:02.395645 [debug] [MainThread]: An error was encountered while trying to flush usage events
[0m08:19:03.132622 [debug] [MainThread]: Sending event: {'category': 'dbt', 'action': 'invocation', 'label': 'start', 'context': [<snowplow_tracker.self_describing_json.SelfDescribingJson object at 0x10e13ed50>, <snowplow_tracker.self_describing_json.SelfDescribingJson object at 0x10e1a9c50>, <snowplow_tracker.self_describing_json.SelfDescribingJson object at 0x10e1a3fd0>]}


============================== 08:19:03.134707 | 7b9837f4-368f-4576-a1c0-8ea6bd1e39e5 ==============================
[0m08:19:03.134707 [info ] [MainThread]: Running with dbt=1.11.7
[0m08:19:03.134952 [debug] [MainThread]: running dbt with arguments {'static_parser': 'True', 'warn_error_options': 'WarnErrorOptionsV2(error=[], warn=[], silence=[])', 'indirect_selection': 'eager', 'printer_width': '80', 'debug': 'False', 'log_cache_events': 'False', 'cache_selected_only': 'False', 'invocation_command': 'dbt debug', 'profiles_dir': '/Users/aviraljain/Downloads/python advanced/my_etl_project', 'use_colors': 'True', 'send_anonymous_usage_stats': 'True', 'introspect': 'True', 'empty': 'None', 'log_path': '/Users/aviraljain/Downloads/python advanced/my_etl_project/logs', 'no_print': 'None', 'target_path': 'None', 'write_json': 'True', 'use_experimental_parser': 'False', 'warn_error': 'None', 'version_check': 'True', 'fail_fast': 'False', 'log_format': 'default', 'partial_parse': 'True', 'quiet': 'False'}
[0m08:19:03.142222 [info ] [MainThread]: dbt version: 1.11.7
[0m08:19:03.142393 [info ] [MainThread]: python version: 3.11.14
[0m08:19:03.142575 [info ] [MainThread]: python path: /Users/aviraljain/Downloads/python advanced/my_etl_project/venvdbt/bin/python3.11
[0m08:19:03.142695 [info ] [MainThread]: os info: macOS-26.3-arm64-arm-64bit
[0m08:19:03.239731 [info ] [MainThread]: Using profiles dir at /Users/aviraljain/Downloads/python advanced/my_etl_project
[0m08:19:03.239953 [info ] [MainThread]: Using profiles.yml file at /Users/aviraljain/Downloads/python advanced/my_etl_project/profiles.yml
[0m08:19:03.240076 [info ] [MainThread]: Using dbt_project.yml file at /Users/aviraljain/Downloads/python advanced/my_etl_project/dbt_project.yml
[0m08:19:03.241773 [info ] [MainThread]: adapter type: duckdb
[0m08:19:03.241888 [info ] [MainThread]: adapter version: 1.10.1
[0m08:19:03.275322 [info ] [MainThread]: Configuration:
[0m08:19:03.275571 [info ] [MainThread]:   profiles.yml file [[32mOK found and valid[0m]
[0m08:19:03.275680 [info ] [MainThread]:   dbt_project.yml file [[32mOK found and valid[0m]
[0m08:19:03.275778 [info ] [MainThread]: Required dependencies:
[0m08:19:03.275914 [debug] [MainThread]: Executing "git --help"
[0m08:19:03.291348 [debug] [MainThread]: STDOUT: "b"usage: git [-v | --version] [-h | --help] [-C <path>] [-c <name>=<value>]\n           [--exec-path[=<path>]] [--html-path] [--man-path] [--info-path]\n           [-p | --paginate | -P | --no-pager] [--no-replace-objects] [--no-lazy-fetch]\n           [--no-optional-locks] [--no-advice] [--bare] [--git-dir=<path>]\n           [--work-tree=<path>] [--namespace=<name>] [--config-env=<name>=<envvar>]\n           <command> [<args>]\n\nThese are common Git commands used in various situations:\n\nstart a working area (see also: git help tutorial)\n   clone      Clone a repository into a new directory\n   init       Create an empty Git repository or reinitialize an existing one\n\nwork on the current change (see also: git help everyday)\n   add        Add file contents to the index\n   mv         Move or rename a file, a directory, or a symlink\n   restore    Restore working tree files\n   rm         Remove files from the working tree and from the index\n\nexamine the history and state (see also: git help revisions)\n   bisect     Use binary search to find the commit that introduced a bug\n   diff       Show changes between commits, commit and working tree, etc\n   grep       Print lines matching a pattern\n   log        Show commit logs\n   show       Show various types of objects\n   status     Show the working tree status\n\ngrow, mark and tweak your common history\n   backfill   Download missing objects in a partial clone\n   branch     List, create, or delete branches\n   commit     Record changes to the repository\n   merge      Join two or more development histories together\n   rebase     Reapply commits on top of another base tip\n   reset      Reset current HEAD to the specified state\n   switch     Switch branches\n   tag        Create, list, delete or verify a tag object signed with GPG\n\ncollaborate (see also: git help workflows)\n   fetch      Download objects and refs from another repository\n   pull       Fetch from and integrate with another repository or a local branch\n   push       Update remote refs along with associated objects\n\n'git help -a' and 'git help -g' list available subcommands and some\nconcept guides. See 'git help <command>' or 'git help <concept>'\nto read about a specific subcommand or concept.\nSee 'git help git' for an overview of the system.\n""
[0m08:19:03.291761 [debug] [MainThread]: STDERR: "b''"
[0m08:19:03.291906 [info ] [MainThread]:  - git [[32mOK found[0m]

[0m08:19:03.292037 [info ] [MainThread]: Connection:
[0m08:19:03.292183 [info ] [MainThread]:   database: dev
[0m08:19:03.292279 [info ] [MainThread]:   schema: main
[0m08:19:03.292369 [info ] [MainThread]:   path: dev.duckdb
[0m08:19:03.292459 [info ] [MainThread]:   config_options: None
[0m08:19:03.292546 [info ] [MainThread]:   extensions: None
[0m08:19:03.292635 [info ] [MainThread]:   settings: {}
[0m08:19:03.292721 [info ] [MainThread]:   external_root: .
[0m08:19:03.292809 [info ] [MainThread]:   use_credential_provider: None
[0m08:19:03.292895 [info ] [MainThread]:   attach: None
[0m08:19:03.292981 [info ] [MainThread]:   filesystems: None
[0m08:19:03.293066 [info ] [MainThread]:   remote: None
[0m08:19:03.293152 [info ] [MainThread]:   plugins: None
[0m08:19:03.293240 [info ] [MainThread]:   disable_transactions: False
[0m08:19:03.293488 [info ] [MainThread]: Registered adapter: duckdb=1.10.1
[0m08:19:03.340752 [debug] [MainThread]: Acquiring new duckdb connection 'debug'
[0m08:19:03.361186 [debug] [MainThread]: Using duckdb connection "debug"
[0m08:19:03.361383 [debug] [MainThread]: On debug: select 1 as id
[0m08:19:03.361497 [debug] [MainThread]: Opening a new connection, currently in state init
[0m08:19:03.375384 [debug] [MainThread]: SQL status: OK in 0.014 seconds
[0m08:19:03.375828 [debug] [MainThread]: On debug: Close
[0m08:19:03.376109 [info ] [MainThread]:   Connection test: [[32mOK connection ok[0m]

[0m08:19:03.376229 [info ] [MainThread]: [32mAll checks passed![0m
[0m08:19:03.378239 [debug] [MainThread]: Resource report: {"command_name": "debug", "command_success": true, "command_wall_clock_time": 0.2745805, "process_in_blocks": "0", "process_kernel_time": 0.161393, "process_mem_max_rss": "145981440", "process_out_blocks": "0", "process_user_time": 0.581483}
[0m08:19:03.378434 [debug] [MainThread]: Command `dbt debug` succeeded at 08:19:03.378395 after 0.27 seconds
[0m08:19:03.378548 [debug] [MainThread]: Connection 'debug' was properly closed.
[0m08:19:03.378678 [debug] [MainThread]: Sending event: {'category': 'dbt', 'action': 'invocation', 'label': 'end', 'context': [<snowplow_tracker.self_describing_json.SelfDescribingJson object at 0x109d02050>, <snowplow_tracker.self_describing_json.SelfDescribingJson object at 0x10e2a3290>, <snowplow_tracker.self_describing_json.SelfDescribingJson object at 0x10e8b5690>]}
[0m08:19:03.378825 [debug] [MainThread]: Flushing usage events
[0m08:19:04.620552 [debug] [MainThread]: An error was encountered while trying to flush usage events
[0m08:19:19.442836 [debug] [MainThread]: Sending event: {'category': 'dbt', 'action': 'invocation', 'label': 'start', 'context': [<snowplow_tracker.self_describing_json.SelfDescribingJson object at 0x10dea7750>, <snowplow_tracker.self_describing_json.SelfDescribingJson object at 0x10df2dd90>, <snowplow_tracker.self_describing_json.SelfDescribingJson object at 0x10df2e2d0>]}


============================== 08:19:19.444354 | 395587e5-8942-4081-ac3d-c2e2c9598d40 ==============================
[0m08:19:19.444354 [info ] [MainThread]: Running with dbt=1.11.7
[0m08:19:19.444593 [debug] [MainThread]: running dbt with arguments {'warn_error': 'None', 'invocation_command': 'dbt seed', 'use_colors': 'True', 'version_check': 'True', 'indirect_selection': 'eager', 'log_cache_events': 'False', 'write_json': 'True', 'use_experimental_parser': 'False', 'debug': 'False', 'target_path': 'None', 'partial_parse': 'True', 'send_anonymous_usage_stats': 'True', 'profiles_dir': '/Users/aviraljain/Downloads/python advanced/my_etl_project', 'printer_width': '80', 'warn_error_options': 'WarnErrorOptionsV2(error=[], warn=[], silence=[])', 'no_print': 'None', 'empty': 'None', 'introspect': 'True', 'fail_fast': 'False', 'log_format': 'default', 'log_path': '/Users/aviraljain/Downloads/python advanced/my_etl_project/logs', 'static_parser': 'True', 'cache_selected_only': 'False', 'quiet': 'False'}
[0m08:19:19.516736 [debug] [MainThread]: Sending event: {'category': 'dbt', 'action': 'project_id', 'label': '395587e5-8942-4081-ac3d-c2e2c9598d40', 'context': [<snowplow_tracker.self_describing_json.SelfDescribingJson object at 0x10df8d7d0>]}
[0m08:19:19.536111 [debug] [MainThread]: Sending event: {'category': 'dbt', 'action': 'adapter_info', 'label': '395587e5-8942-4081-ac3d-c2e2c9598d40', 'context': [<snowplow_tracker.self_describing_json.SelfDescribingJson object at 0x10b10b990>]}
[0m08:19:19.537135 [info ] [MainThread]: Registered adapter: duckdb=1.10.1
[0m08:19:19.583672 [debug] [MainThread]: checksum: b80718358155fc17c3559352095564dd56ada1cc1a1c0ef2e62c857e71583775, vars: {}, profile: , target: , version: 1.11.7
[0m08:19:19.647462 [debug] [MainThread]: Partial parsing enabled: 0 files deleted, 0 files added, 0 files changed.
[0m08:19:19.647635 [debug] [MainThread]: Nothing changed, skipping partial parsing.
[0m08:19:19.647731 [debug] [MainThread]: Partial parsing enabled, no changes found, skipping parsing
[0m08:19:19.668692 [debug] [MainThread]: Sending event: {'category': 'dbt', 'action': 'load_project', 'label': '395587e5-8942-4081-ac3d-c2e2c9598d40', 'context': [<snowplow_tracker.self_describing_json.SelfDescribingJson object at 0x10e316e10>]}
[0m08:19:19.725427 [debug] [MainThread]: Wrote artifact WritableManifest to /Users/aviraljain/Downloads/python advanced/my_etl_project/target/manifest.json
[0m08:19:19.726409 [debug] [MainThread]: Wrote artifact SemanticManifest to /Users/aviraljain/Downloads/python advanced/my_etl_project/target/semantic_manifest.json
[0m08:19:19.736629 [debug] [MainThread]: Sending event: {'category': 'dbt', 'action': 'resource_counts', 'label': '395587e5-8942-4081-ac3d-c2e2c9598d40', 'context': [<snowplow_tracker.self_describing_json.SelfDescribingJson object at 0x10c7c4210>]}
[0m08:19:19.736822 [info ] [MainThread]: Found 4 seeds, 7 models, 37 data tests, 3 sources, 476 macros
[0m08:19:19.736948 [debug] [MainThread]: Sending event: {'category': 'dbt', 'action': 'runnable_timing', 'label': '395587e5-8942-4081-ac3d-c2e2c9598d40', 'context': [<snowplow_tracker.self_describing_json.SelfDescribingJson object at 0x10bb18990>]}
[0m08:19:19.737824 [info ] [MainThread]: 
[0m08:19:19.737940 [info ] [MainThread]: Concurrency: 4 threads (target='dev')
[0m08:19:19.738031 [info ] [MainThread]: 
[0m08:19:19.738212 [debug] [MainThread]: Acquiring new duckdb connection 'master'
[0m08:19:19.739814 [debug] [ThreadPool]: Acquiring new duckdb connection 'list_dev'
[0m08:19:19.761264 [debug] [ThreadPool]: Using duckdb connection "list_dev"
[0m08:19:19.761447 [debug] [ThreadPool]: On list_dev: /* {"app": "dbt", "dbt_version": "1.11.7", "profile_name": "my_etl_project", "target_name": "dev", "connection_name": "list_dev"} */

    
    select schema_name
    from system.information_schema.schemata
    
    where lower(catalog_name) = '"dev"'
    
  
  
[0m08:19:19.761548 [debug] [ThreadPool]: Opening a new connection, currently in state init
[0m08:19:19.769623 [debug] [ThreadPool]: SQL status: OK in 0.008 seconds
[0m08:19:19.770216 [debug] [ThreadPool]: On list_dev: Close
[0m08:19:19.770442 [debug] [ThreadPool]: Re-using an available connection from the pool (formerly list_dev, now create_dev_main_raw_ingestion)
[0m08:19:19.770584 [debug] [ThreadPool]: Creating schema "database: "dev"
schema: "main_raw_ingestion"
"
[0m08:19:19.772866 [debug] [ThreadPool]: Using duckdb connection "create_dev_main_raw_ingestion"
[0m08:19:19.772971 [debug] [ThreadPool]: On create_dev_main_raw_ingestion: /* {"app": "dbt", "dbt_version": "1.11.7", "profile_name": "my_etl_project", "target_name": "dev", "connection_name": "create_dev_main_raw_ingestion"} */

    
        select type from duckdb_databases()
        where lower(database_name)='dev'
        and type='sqlite'
    
  
[0m08:19:19.773058 [debug] [ThreadPool]: Opening a new connection, currently in state closed
[0m08:19:19.773487 [debug] [ThreadPool]: SQL status: OK in 0.000 seconds
[0m08:19:19.774041 [debug] [ThreadPool]: Using duckdb connection "create_dev_main_raw_ingestion"
[0m08:19:19.774128 [debug] [ThreadPool]: On create_dev_main_raw_ingestion: BEGIN
[0m08:19:19.774252 [debug] [ThreadPool]: SQL status: OK in 0.000 seconds
[0m08:19:19.774339 [debug] [ThreadPool]: Using duckdb connection "create_dev_main_raw_ingestion"
[0m08:19:19.774428 [debug] [ThreadPool]: On create_dev_main_raw_ingestion: /* {"app": "dbt", "dbt_version": "1.11.7", "profile_name": "my_etl_project", "target_name": "dev", "connection_name": "create_dev_main_raw_ingestion"} */

    
    
        create schema if not exists "dev"."main_raw_ingestion"
    
[0m08:19:19.774732 [debug] [ThreadPool]: SQL status: OK in 0.000 seconds
[0m08:19:19.775016 [debug] [ThreadPool]: On create_dev_main_raw_ingestion: COMMIT
[0m08:19:19.775112 [debug] [ThreadPool]: Using duckdb connection "create_dev_main_raw_ingestion"
[0m08:19:19.775195 [debug] [ThreadPool]: On create_dev_main_raw_ingestion: COMMIT
[0m08:19:19.775326 [debug] [ThreadPool]: SQL status: OK in 0.000 seconds
[0m08:19:19.775421 [debug] [ThreadPool]: On create_dev_main_raw_ingestion: Close
[0m08:19:19.776020 [debug] [ThreadPool]: Re-using an available connection from the pool (formerly create_dev_main_raw_ingestion, now list_dev_main_raw_ingestion)
[0m08:19:19.776204 [debug] [ThreadPool]: Acquiring new duckdb connection 'list_dev_main_analytics'
[0m08:19:19.778066 [debug] [ThreadPool]: Using duckdb connection "list_dev_main_raw_ingestion"
[0m08:19:19.778236 [debug] [ThreadPool]: Acquiring new duckdb connection 'list_dev_main'
[0m08:19:19.778888 [debug] [ThreadPool]: Using duckdb connection "list_dev_main_analytics"
[0m08:19:19.778979 [debug] [ThreadPool]: On list_dev_main_raw_ingestion: BEGIN
[0m08:19:19.779579 [debug] [ThreadPool]: Using duckdb connection "list_dev_main"
[0m08:19:19.779671 [debug] [ThreadPool]: On list_dev_main_analytics: BEGIN
[0m08:19:19.779753 [debug] [ThreadPool]: Opening a new connection, currently in state closed
[0m08:19:19.779847 [debug] [ThreadPool]: On list_dev_main: BEGIN
[0m08:19:19.779930 [debug] [ThreadPool]: Opening a new connection, currently in state init
[0m08:19:19.780068 [debug] [ThreadPool]: Opening a new connection, currently in state init
[0m08:19:19.780173 [debug] [ThreadPool]: SQL status: OK in 0.000 seconds
[0m08:19:19.780370 [debug] [ThreadPool]: SQL status: OK in 0.000 seconds
[0m08:19:19.780495 [debug] [ThreadPool]: SQL status: OK in 0.000 seconds
[0m08:19:19.780576 [debug] [ThreadPool]: Using duckdb connection "list_dev_main_raw_ingestion"
[0m08:19:19.780665 [debug] [ThreadPool]: Using duckdb connection "list_dev_main_analytics"
[0m08:19:19.780753 [debug] [ThreadPool]: Using duckdb connection "list_dev_main"
[0m08:19:19.780843 [debug] [ThreadPool]: On list_dev_main_raw_ingestion: /* {"app": "dbt", "dbt_version": "1.11.7", "profile_name": "my_etl_project", "target_name": "dev", "connection_name": "list_dev_main_raw_ingestion"} */
select
      'dev' as database,
      table_name as name,
      table_schema as schema,
      CASE table_type
        WHEN 'BASE TABLE' THEN 'table'
        WHEN 'VIEW' THEN 'view'
        WHEN 'LOCAL TEMPORARY' THEN 'table'
        END as type
    from system.information_schema.tables
    where lower(table_schema) = 'main_raw_ingestion'
    and lower(table_catalog) = 'dev'
  
[0m08:19:19.780940 [debug] [ThreadPool]: On list_dev_main_analytics: /* {"app": "dbt", "dbt_version": "1.11.7", "profile_name": "my_etl_project", "target_name": "dev", "connection_name": "list_dev_main_analytics"} */
select
      'dev' as database,
      table_name as name,
      table_schema as schema,
      CASE table_type
        WHEN 'BASE TABLE' THEN 'table'
        WHEN 'VIEW' THEN 'view'
        WHEN 'LOCAL TEMPORARY' THEN 'table'
        END as type
    from system.information_schema.tables
    where lower(table_schema) = 'main_analytics'
    and lower(table_catalog) = 'dev'
  
[0m08:19:19.781035 [debug] [ThreadPool]: On list_dev_main: /* {"app": "dbt", "dbt_version": "1.11.7", "profile_name": "my_etl_project", "target_name": "dev", "connection_name": "list_dev_main"} */
select
      'dev' as database,
      table_name as name,
      table_schema as schema,
      CASE table_type
        WHEN 'BASE TABLE' THEN 'table'
        WHEN 'VIEW' THEN 'view'
        WHEN 'LOCAL TEMPORARY' THEN 'table'
        END as type
    from system.information_schema.tables
    where lower(table_schema) = 'main'
    and lower(table_catalog) = 'dev'
  
[0m08:19:19.783990 [debug] [ThreadPool]: SQL status: OK in 0.003 seconds
[0m08:19:19.784113 [debug] [ThreadPool]: SQL status: OK in 0.003 seconds
[0m08:19:19.784210 [debug] [ThreadPool]: SQL status: OK in 0.003 seconds
[0m08:19:19.784665 [debug] [ThreadPool]: On list_dev_main: ROLLBACK
[0m08:19:19.785042 [debug] [ThreadPool]: On list_dev_main_analytics: ROLLBACK
[0m08:19:19.785392 [debug] [ThreadPool]: On list_dev_main_raw_ingestion: ROLLBACK
[0m08:19:19.785958 [debug] [ThreadPool]: Failed to rollback 'list_dev_main_analytics'
[0m08:19:19.786103 [debug] [ThreadPool]: Failed to rollback 'list_dev_main'
[0m08:19:19.786249 [debug] [ThreadPool]: Failed to rollback 'list_dev_main_raw_ingestion'
[0m08:19:19.786345 [debug] [ThreadPool]: On list_dev_main_analytics: Close
[0m08:19:19.786448 [debug] [ThreadPool]: On list_dev_main: Close
[0m08:19:19.786541 [debug] [ThreadPool]: On list_dev_main_raw_ingestion: Close
[0m08:19:19.787340 [debug] [MainThread]: Sending event: {'category': 'dbt', 'action': 'runnable_timing', 'label': '395587e5-8942-4081-ac3d-c2e2c9598d40', 'context': [<snowplow_tracker.self_describing_json.SelfDescribingJson object at 0x10c7c4210>]}
[0m08:19:19.787501 [debug] [MainThread]: Using duckdb connection "master"
[0m08:19:19.787593 [debug] [MainThread]: On master: BEGIN
[0m08:19:19.787670 [debug] [MainThread]: Opening a new connection, currently in state init
[0m08:19:19.787811 [debug] [MainThread]: SQL status: OK in 0.000 seconds
[0m08:19:19.787900 [debug] [MainThread]: On master: COMMIT
[0m08:19:19.787986 [debug] [MainThread]: Using duckdb connection "master"
[0m08:19:19.788072 [debug] [MainThread]: On master: COMMIT
[0m08:19:19.788197 [debug] [MainThread]: SQL status: OK in 0.000 seconds
[0m08:19:19.788300 [debug] [MainThread]: On master: Close
[0m08:19:19.790769 [debug] [Thread-1 (]: Began running node seed.my_etl_project.country_codes
[0m08:19:19.790903 [debug] [Thread-2 (]: Began running node seed.my_etl_project.raw_customers
[0m08:19:19.791020 [debug] [Thread-3 (]: Began running node seed.my_etl_project.raw_orders
[0m08:19:19.791288 [debug] [Thread-4 (]: Began running node seed.my_etl_project.raw_products
[0m08:19:19.791177 [info ] [Thread-1 (]: 1 of 4 START seed file main_raw_ingestion.country_codes ........................ [RUN]
[0m08:19:19.791488 [info ] [Thread-2 (]: 2 of 4 START seed file main_raw_ingestion.raw_customers ........................ [RUN]
[0m08:19:19.791651 [info ] [Thread-3 (]: 3 of 4 START seed file main_raw_ingestion.raw_orders ........................... [RUN]
[0m08:19:19.791808 [info ] [Thread-4 (]: 4 of 4 START seed file main_raw_ingestion.raw_products ......................... [RUN]
[0m08:19:19.791957 [debug] [Thread-1 (]: Re-using an available connection from the pool (formerly list_dev_main_raw_ingestion, now seed.my_etl_project.country_codes)
[0m08:19:19.792088 [debug] [Thread-2 (]: Re-using an available connection from the pool (formerly list_dev_main_analytics, now seed.my_etl_project.raw_customers)
[0m08:19:19.792213 [debug] [Thread-3 (]: Re-using an available connection from the pool (formerly list_dev_main, now seed.my_etl_project.raw_orders)
[0m08:19:19.792363 [debug] [Thread-4 (]: Acquiring new duckdb connection 'seed.my_etl_project.raw_products'
[0m08:19:19.792484 [debug] [Thread-1 (]: Began compiling node seed.my_etl_project.country_codes
[0m08:19:19.792596 [debug] [Thread-2 (]: Began compiling node seed.my_etl_project.raw_customers
[0m08:19:19.792708 [debug] [Thread-3 (]: Began compiling node seed.my_etl_project.raw_orders
[0m08:19:19.792819 [debug] [Thread-4 (]: Began compiling node seed.my_etl_project.raw_products
[0m08:19:19.792936 [debug] [Thread-1 (]: Began executing node seed.my_etl_project.country_codes
[0m08:19:19.793047 [debug] [Thread-2 (]: Began executing node seed.my_etl_project.raw_customers
[0m08:19:19.793157 [debug] [Thread-3 (]: Began executing node seed.my_etl_project.raw_orders
[0m08:19:19.793266 [debug] [Thread-4 (]: Began executing node seed.my_etl_project.raw_products
[0m08:19:19.804681 [debug] [Thread-1 (]: Using duckdb connection "seed.my_etl_project.country_codes"
[0m08:19:19.806044 [debug] [Thread-2 (]: Using duckdb connection "seed.my_etl_project.raw_customers"
[0m08:19:19.808481 [debug] [Thread-4 (]: Using duckdb connection "seed.my_etl_project.raw_products"
[0m08:19:19.808590 [debug] [Thread-1 (]: On seed.my_etl_project.country_codes: BEGIN
[0m08:19:19.809473 [debug] [Thread-3 (]: Using duckdb connection "seed.my_etl_project.raw_orders"
[0m08:19:19.809602 [debug] [Thread-2 (]: On seed.my_etl_project.raw_customers: BEGIN
[0m08:19:19.809709 [debug] [Thread-4 (]: On seed.my_etl_project.raw_products: BEGIN
[0m08:19:19.809811 [debug] [Thread-1 (]: Opening a new connection, currently in state closed
[0m08:19:19.809908 [debug] [Thread-3 (]: On seed.my_etl_project.raw_orders: BEGIN
[0m08:19:19.810006 [debug] [Thread-2 (]: Opening a new connection, currently in state closed
[0m08:19:19.810103 [debug] [Thread-4 (]: Opening a new connection, currently in state init
[0m08:19:19.810302 [debug] [Thread-3 (]: Opening a new connection, currently in state closed
[0m08:19:19.810505 [debug] [Thread-1 (]: SQL status: OK in 0.001 seconds
[0m08:19:19.810646 [debug] [Thread-2 (]: SQL status: OK in 0.001 seconds
[0m08:19:19.810855 [debug] [Thread-4 (]: SQL status: OK in 0.001 seconds
[0m08:19:19.810975 [debug] [Thread-1 (]: Using duckdb connection "seed.my_etl_project.country_codes"
[0m08:19:19.811073 [debug] [Thread-3 (]: SQL status: OK in 0.001 seconds
[0m08:19:19.811217 [debug] [Thread-2 (]: Using duckdb connection "seed.my_etl_project.raw_customers"
[0m08:19:19.811334 [debug] [Thread-4 (]: Using duckdb connection "seed.my_etl_project.raw_products"
[0m08:19:19.811444 [debug] [Thread-1 (]: On seed.my_etl_project.country_codes: /* {"app": "dbt", "dbt_version": "1.11.7", "profile_name": "my_etl_project", "target_name": "dev", "node_id": "seed.my_etl_project.country_codes"} */
truncate table "dev"."main_raw_ingestion"."country_codes"
[0m08:19:19.811557 [debug] [Thread-3 (]: Using duckdb connection "seed.my_etl_project.raw_orders"
[0m08:19:19.811663 [debug] [Thread-2 (]: On seed.my_etl_project.raw_customers: /* {"app": "dbt", "dbt_version": "1.11.7", "profile_name": "my_etl_project", "target_name": "dev", "node_id": "seed.my_etl_project.raw_customers"} */
truncate table "dev"."main_raw_ingestion"."raw_customers"
[0m08:19:19.811766 [debug] [Thread-4 (]: On seed.my_etl_project.raw_products: /* {"app": "dbt", "dbt_version": "1.11.7", "profile_name": "my_etl_project", "target_name": "dev", "node_id": "seed.my_etl_project.raw_products"} */
truncate table "dev"."main_raw_ingestion"."raw_products"
[0m08:19:19.812144 [debug] [Thread-3 (]: On seed.my_etl_project.raw_orders: /* {"app": "dbt", "dbt_version": "1.11.7", "profile_name": "my_etl_project", "target_name": "dev", "node_id": "seed.my_etl_project.raw_orders"} */
truncate table "dev"."main_raw_ingestion"."raw_orders"
[0m08:19:19.814833 [debug] [Thread-4 (]: SQL status: OK in 0.003 seconds
[0m08:19:19.814943 [debug] [Thread-3 (]: SQL status: OK in 0.003 seconds
[0m08:19:19.815053 [debug] [Thread-2 (]: SQL status: OK in 0.003 seconds
[0m08:19:19.815157 [debug] [Thread-1 (]: SQL status: OK in 0.003 seconds
[0m08:19:19.818779 [debug] [Thread-4 (]: Using duckdb connection "seed.my_etl_project.raw_products"
[0m08:19:19.819152 [debug] [Thread-3 (]: Using duckdb connection "seed.my_etl_project.raw_orders"
[0m08:19:19.819491 [debug] [Thread-2 (]: Using duckdb connection "seed.my_etl_project.raw_customers"
[0m08:19:19.819821 [debug] [Thread-1 (]: Using duckdb connection "seed.my_etl_project.country_codes"
[0m08:19:19.819932 [debug] [Thread-4 (]: On seed.my_etl_project.raw_products: 
          COPY "dev"."main_raw_ingestion"."raw_products" FROM '/Users/aviraljain/Downloads/python advanced/my_etl_project/seeds/raw_products.csv' (FORMAT CSV, HEADER TRUE, DELIMITER ',')
        ...
[0m08:19:19.820045 [debug] [Thread-3 (]: On seed.my_etl_project.raw_orders: 
          COPY "dev"."main_raw_ingestion"."raw_orders" FROM '/Users/aviraljain/Downloads/python advanced/my_etl_project/seeds/raw_orders.csv' (FORMAT CSV, HEADER TRUE, DELIMITER ',')
        ...
[0m08:19:19.820151 [debug] [Thread-2 (]: On seed.my_etl_project.raw_customers: 
          COPY "dev"."main_raw_ingestion"."raw_customers" FROM '/Users/aviraljain/Downloads/python advanced/my_etl_project/seeds/raw_customers.csv' (FORMAT CSV, HEADER TRUE, DELIMITER ',')
        ...
[0m08:19:19.820254 [debug] [Thread-1 (]: On seed.my_etl_project.country_codes: 
          COPY "dev"."main_raw_ingestion"."country_codes" FROM '/Users/aviraljain/Downloads/python advanced/my_etl_project/seeds/country_codes.csv' (FORMAT CSV, HEADER TRUE, DELIMITER ',')
        ...
[0m08:19:19.828823 [debug] [Thread-1 (]: SQL status: OK in 0.008 seconds
[0m08:19:19.828982 [debug] [Thread-2 (]: SQL status: OK in 0.009 seconds
[0m08:19:19.829108 [debug] [Thread-3 (]: SQL status: OK in 0.009 seconds
[0m08:19:19.829222 [debug] [Thread-4 (]: SQL status: OK in 0.009 seconds
[0m08:19:19.831025 [debug] [Thread-1 (]: Writing runtime SQL for node "seed.my_etl_project.country_codes"
[0m08:19:19.831222 [debug] [Thread-2 (]: Writing runtime SQL for node "seed.my_etl_project.raw_customers"
[0m08:19:19.831411 [debug] [Thread-3 (]: Writing runtime SQL for node "seed.my_etl_project.raw_orders"
[0m08:19:19.831598 [debug] [Thread-4 (]: Writing runtime SQL for node "seed.my_etl_project.raw_products"
[0m08:19:19.834999 [debug] [Thread-1 (]: On seed.my_etl_project.country_codes: COMMIT
[0m08:19:19.835478 [debug] [Thread-3 (]: On seed.my_etl_project.raw_orders: COMMIT
[0m08:19:19.835800 [debug] [Thread-4 (]: On seed.my_etl_project.raw_products: COMMIT
[0m08:19:19.836162 [debug] [Thread-2 (]: On seed.my_etl_project.raw_customers: COMMIT
[0m08:19:19.836285 [debug] [Thread-1 (]: Using duckdb connection "seed.my_etl_project.country_codes"
[0m08:19:19.836406 [debug] [Thread-3 (]: Using duckdb connection "seed.my_etl_project.raw_orders"
[0m08:19:19.836530 [debug] [Thread-4 (]: Using duckdb connection "seed.my_etl_project.raw_products"
[0m08:19:19.836652 [debug] [Thread-2 (]: Using duckdb connection "seed.my_etl_project.raw_customers"
[0m08:19:19.836763 [debug] [Thread-1 (]: On seed.my_etl_project.country_codes: COMMIT
[0m08:19:19.836875 [debug] [Thread-3 (]: On seed.my_etl_project.raw_orders: COMMIT
[0m08:19:19.836985 [debug] [Thread-4 (]: On seed.my_etl_project.raw_products: COMMIT
[0m08:19:19.837095 [debug] [Thread-2 (]: On seed.my_etl_project.raw_customers: COMMIT
[0m08:19:19.837514 [debug] [Thread-1 (]: SQL status: OK in 0.000 seconds
[0m08:19:19.838231 [debug] [Thread-1 (]: On seed.my_etl_project.country_codes: Close
[0m08:19:19.838345 [debug] [Thread-3 (]: SQL status: OK in 0.001 seconds
[0m08:19:19.838468 [debug] [Thread-4 (]: SQL status: OK in 0.001 seconds
[0m08:19:19.838574 [debug] [Thread-2 (]: SQL status: OK in 0.001 seconds
[0m08:19:19.839068 [debug] [Thread-3 (]: On seed.my_etl_project.raw_orders: Close
[0m08:19:19.839520 [debug] [Thread-4 (]: On seed.my_etl_project.raw_products: Close
[0m08:19:19.839780 [debug] [Thread-2 (]: On seed.my_etl_project.raw_customers: Close
[0m08:19:19.840076 [debug] [Thread-1 (]: Sending event: {'category': 'dbt', 'action': 'run_model', 'label': '395587e5-8942-4081-ac3d-c2e2c9598d40', 'context': [<snowplow_tracker.self_describing_json.SelfDescribingJson object at 0x10e995090>]}
[0m08:19:19.840188 [debug] [Thread-3 (]: Sending event: {'category': 'dbt', 'action': 'run_model', 'label': '395587e5-8942-4081-ac3d-c2e2c9598d40', 'context': [<snowplow_tracker.self_describing_json.SelfDescribingJson object at 0x10e9c69d0>]}
[0m08:19:19.840295 [debug] [Thread-4 (]: Sending event: {'category': 'dbt', 'action': 'run_model', 'label': '395587e5-8942-4081-ac3d-c2e2c9598d40', 'context': [<snowplow_tracker.self_describing_json.SelfDescribingJson object at 0x10eaa9fd0>]}
[0m08:19:19.840437 [debug] [Thread-2 (]: Sending event: {'category': 'dbt', 'action': 'run_model', 'label': '395587e5-8942-4081-ac3d-c2e2c9598d40', 'context': [<snowplow_tracker.self_describing_json.SelfDescribingJson object at 0x10e957550>]}
[0m08:19:19.840635 [info ] [Thread-1 (]: 1 of 4 OK loaded seed file main_raw_ingestion.country_codes .................... [[32mINSERT 8[0m in 0.05s]
[0m08:19:19.840836 [info ] [Thread-3 (]: 3 of 4 OK loaded seed file main_raw_ingestion.raw_orders ....................... [[32mINSERT 12[0m in 0.05s]
[0m08:19:19.841022 [info ] [Thread-4 (]: 4 of 4 OK loaded seed file main_raw_ingestion.raw_products ..................... [[32mINSERT 8[0m in 0.05s]
[0m08:19:19.841360 [debug] [Thread-1 (]: Finished running node seed.my_etl_project.country_codes
[0m08:19:19.841203 [info ] [Thread-2 (]: 2 of 4 OK loaded seed file main_raw_ingestion.raw_customers .................... [[32mINSERT 8[0m in 0.05s]
[0m08:19:19.841550 [debug] [Thread-3 (]: Finished running node seed.my_etl_project.raw_orders
[0m08:19:19.841706 [debug] [Thread-4 (]: Finished running node seed.my_etl_project.raw_products
[0m08:19:19.841908 [debug] [Thread-2 (]: Finished running node seed.my_etl_project.raw_customers
[0m08:19:19.842431 [debug] [MainThread]: Using duckdb connection "master"
[0m08:19:19.842530 [debug] [MainThread]: On master: BEGIN
[0m08:19:19.842619 [debug] [MainThread]: Opening a new connection, currently in state closed
[0m08:19:19.842781 [debug] [MainThread]: SQL status: OK in 0.000 seconds
[0m08:19:19.842887 [debug] [MainThread]: On master: COMMIT
[0m08:19:19.842981 [debug] [MainThread]: Using duckdb connection "master"
[0m08:19:19.843067 [debug] [MainThread]: On master: COMMIT
[0m08:19:19.843186 [debug] [MainThread]: SQL status: OK in 0.000 seconds
[0m08:19:19.843274 [debug] [MainThread]: On master: Close
[0m08:19:19.843386 [debug] [MainThread]: Connection 'master' was properly closed.
[0m08:19:19.843472 [debug] [MainThread]: Connection 'seed.my_etl_project.country_codes' was properly closed.
[0m08:19:19.843554 [debug] [MainThread]: Connection 'seed.my_etl_project.raw_customers' was properly closed.
[0m08:19:19.843632 [debug] [MainThread]: Connection 'seed.my_etl_project.raw_orders' was properly closed.
[0m08:19:19.843710 [debug] [MainThread]: Connection 'seed.my_etl_project.raw_products' was properly closed.
[0m08:19:19.843811 [info ] [MainThread]: 
[0m08:19:19.843911 [info ] [MainThread]: Finished running 4 seeds in 0 hours 0 minutes and 0.11 seconds (0.11s).
[0m08:19:19.844246 [debug] [MainThread]: Command end result
[0m08:19:19.857820 [debug] [MainThread]: Wrote artifact WritableManifest to /Users/aviraljain/Downloads/python advanced/my_etl_project/target/manifest.json
[0m08:19:19.858929 [debug] [MainThread]: Wrote artifact SemanticManifest to /Users/aviraljain/Downloads/python advanced/my_etl_project/target/semantic_manifest.json
[0m08:19:19.861235 [debug] [MainThread]: Wrote artifact RunExecutionResult to /Users/aviraljain/Downloads/python advanced/my_etl_project/target/run_results.json
[0m08:19:19.861353 [info ] [MainThread]: 
[0m08:19:19.861521 [info ] [MainThread]: [32mCompleted successfully[0m
[0m08:19:19.861627 [info ] [MainThread]: 
[0m08:19:19.861734 [info ] [MainThread]: Done. PASS=4 WARN=0 ERROR=0 SKIP=0 NO-OP=0 TOTAL=4
[0m08:19:19.863304 [debug] [MainThread]: Resource report: {"command_name": "seed", "command_success": true, "command_wall_clock_time": 0.44532838, "process_in_blocks": "0", "process_kernel_time": 0.142302, "process_mem_max_rss": "169787392", "process_out_blocks": "0", "process_user_time": 0.810872}
[0m08:19:19.863468 [debug] [MainThread]: Command `dbt seed` succeeded at 08:19:19.863436 after 0.45 seconds
[0m08:19:19.863613 [debug] [MainThread]: Sending event: {'category': 'dbt', 'action': 'invocation', 'label': 'end', 'context': [<snowplow_tracker.self_describing_json.SelfDescribingJson object at 0x104c6a050>, <snowplow_tracker.self_describing_json.SelfDescribingJson object at 0x109c93550>, <snowplow_tracker.self_describing_json.SelfDescribingJson object at 0x10db4a690>]}
[0m08:19:19.863728 [debug] [MainThread]: Flushing usage events
[0m08:19:20.963553 [debug] [MainThread]: An error was encountered while trying to flush usage events
[0m08:25:29.042609 [debug] [MainThread]: Sending event: {'category': 'dbt', 'action': 'invocation', 'label': 'start', 'context': [<snowplow_tracker.self_describing_json.SelfDescribingJson object at 0x10c11fa10>, <snowplow_tracker.self_describing_json.SelfDescribingJson object at 0x10c192710>, <snowplow_tracker.self_describing_json.SelfDescribingJson object at 0x10c1a6850>]}


============================== 08:25:29.044697 | e0540419-72e1-4c32-86e2-66daf771313d ==============================
[0m08:25:29.044697 [info ] [MainThread]: Running with dbt=1.11.7
[0m08:25:29.044955 [debug] [MainThread]: running dbt with arguments {'log_format': 'default', 'invocation_command': 'dbt debug', 'log_cache_events': 'False', 'static_parser': 'True', 'debug': 'False', 'introspect': 'True', 'write_json': 'True', 'cache_selected_only': 'False', 'printer_width': '80', 'use_colors': 'True', 'indirect_selection': 'eager', 'send_anonymous_usage_stats': 'True', 'partial_parse': 'True', 'empty': 'None', 'log_path': '/Users/aviraljain/Downloads/python advanced/my_etl_project/logs', 'no_print': 'None', 'warn_error_options': 'WarnErrorOptionsV2(error=[], warn=[], silence=[])', 'quiet': 'False', 'version_check': 'True', 'target_path': 'None', 'warn_error': 'None', 'use_experimental_parser': 'False', 'profiles_dir': '/Users/aviraljain/Downloads/python advanced/my_etl_project', 'fail_fast': 'False'}
[0m08:25:29.052043 [info ] [MainThread]: dbt version: 1.11.7
[0m08:25:29.052231 [info ] [MainThread]: python version: 3.11.14
[0m08:25:29.052362 [info ] [MainThread]: python path: /Users/aviraljain/Downloads/python advanced/my_etl_project/venvdbt/bin/python3.11
[0m08:25:29.052475 [info ] [MainThread]: os info: macOS-26.3-arm64-arm-64bit
[0m08:25:30.601362 [info ] [MainThread]: Using profiles dir at /Users/aviraljain/Downloads/python advanced/my_etl_project
[0m08:25:30.601654 [info ] [MainThread]: Using profiles.yml file at /Users/aviraljain/Downloads/python advanced/my_etl_project/profiles.yml
[0m08:25:30.601822 [info ] [MainThread]: Using dbt_project.yml file at /Users/aviraljain/Downloads/python advanced/my_etl_project/dbt_project.yml
[0m08:25:30.602129 [info ] [MainThread]: adapter type: postgres
[0m08:25:30.602243 [info ] [MainThread]: adapter version: 1.10.0
[0m08:25:30.643624 [info ] [MainThread]: Configuration:
[0m08:25:30.643850 [info ] [MainThread]:   profiles.yml file [[32mOK found and valid[0m]
[0m08:25:30.643963 [info ] [MainThread]:   dbt_project.yml file [[32mOK found and valid[0m]
[0m08:25:30.644064 [info ] [MainThread]: Required dependencies:
[0m08:25:30.644214 [debug] [MainThread]: Executing "git --help"
[0m08:25:30.657433 [debug] [MainThread]: STDOUT: "b"usage: git [-v | --version] [-h | --help] [-C <path>] [-c <name>=<value>]\n           [--exec-path[=<path>]] [--html-path] [--man-path] [--info-path]\n           [-p | --paginate | -P | --no-pager] [--no-replace-objects] [--no-lazy-fetch]\n           [--no-optional-locks] [--no-advice] [--bare] [--git-dir=<path>]\n           [--work-tree=<path>] [--namespace=<name>] [--config-env=<name>=<envvar>]\n           <command> [<args>]\n\nThese are common Git commands used in various situations:\n\nstart a working area (see also: git help tutorial)\n   clone      Clone a repository into a new directory\n   init       Create an empty Git repository or reinitialize an existing one\n\nwork on the current change (see also: git help everyday)\n   add        Add file contents to the index\n   mv         Move or rename a file, a directory, or a symlink\n   restore    Restore working tree files\n   rm         Remove files from the working tree and from the index\n\nexamine the history and state (see also: git help revisions)\n   bisect     Use binary search to find the commit that introduced a bug\n   diff       Show changes between commits, commit and working tree, etc\n   grep       Print lines matching a pattern\n   log        Show commit logs\n   show       Show various types of objects\n   status     Show the working tree status\n\ngrow, mark and tweak your common history\n   backfill   Download missing objects in a partial clone\n   branch     List, create, or delete branches\n   commit     Record changes to the repository\n   merge      Join two or more development histories together\n   rebase     Reapply commits on top of another base tip\n   reset      Reset current HEAD to the specified state\n   switch     Switch branches\n   tag        Create, list, delete or verify a tag object signed with GPG\n\ncollaborate (see also: git help workflows)\n   fetch      Download objects and refs from another repository\n   pull       Fetch from and integrate with another repository or a local branch\n   push       Update remote refs along with associated objects\n\n'git help -a' and 'git help -g' list available subcommands and some\nconcept guides. See 'git help <command>' or 'git help <concept>'\nto read about a specific subcommand or concept.\nSee 'git help git' for an overview of the system.\n""
[0m08:25:30.657836 [debug] [MainThread]: STDERR: "b''"
[0m08:25:30.657971 [info ] [MainThread]:  - git [[32mOK found[0m]

[0m08:25:30.658097 [info ] [MainThread]: Connection:
[0m08:25:30.658225 [info ] [MainThread]:   host: localhost
[0m08:25:30.658322 [info ] [MainThread]:   port: 5432
[0m08:25:30.658413 [info ] [MainThread]:   user: aviraljain
[0m08:25:30.658503 [info ] [MainThread]:   database: my_etl_db
[0m08:25:30.658589 [info ] [MainThread]:   schema: main
[0m08:25:30.658679 [info ] [MainThread]:   connect_timeout: 10
[0m08:25:30.658769 [info ] [MainThread]:   role: None
[0m08:25:30.658860 [info ] [MainThread]:   search_path: None
[0m08:25:30.658948 [info ] [MainThread]:   keepalives_idle: 0
[0m08:25:30.659034 [info ] [MainThread]:   sslmode: None
[0m08:25:30.659124 [info ] [MainThread]:   sslcert: None
[0m08:25:30.659209 [info ] [MainThread]:   sslkey: None
[0m08:25:30.659294 [info ] [MainThread]:   sslrootcert: None
[0m08:25:30.659382 [info ] [MainThread]:   application_name: dbt
[0m08:25:30.659471 [info ] [MainThread]:   retries: 1
[0m08:25:30.659704 [info ] [MainThread]: Registered adapter: postgres=1.10.0
[0m08:25:30.701800 [debug] [MainThread]: Acquiring new postgres connection 'debug'
[0m08:25:30.722118 [debug] [MainThread]: Using postgres connection "debug"
[0m08:25:30.722306 [debug] [MainThread]: On debug: select 1 as id
[0m08:25:30.722417 [debug] [MainThread]: Opening a new connection, currently in state init
[0m08:25:30.823267 [debug] [MainThread]: SQL status: SELECT 1 in 0.101 seconds
[0m08:25:30.823860 [debug] [MainThread]: On debug: Close
[0m08:25:30.824048 [info ] [MainThread]:   Connection test: [[32mOK connection ok[0m]

[0m08:25:30.824262 [info ] [MainThread]: [32mAll checks passed![0m
[0m08:25:30.827020 [debug] [MainThread]: Resource report: {"command_name": "debug", "command_success": true, "command_wall_clock_time": 1.8120787, "process_in_blocks": "0", "process_kernel_time": 0.15987, "process_mem_max_rss": "135364608", "process_out_blocks": "0", "process_user_time": 0.603654}
[0m08:25:30.827301 [debug] [MainThread]: Command `dbt debug` succeeded at 08:25:30.827242 after 1.81 seconds
[0m08:25:30.827476 [debug] [MainThread]: Connection 'debug' was properly closed.
[0m08:25:30.827676 [debug] [MainThread]: Sending event: {'category': 'dbt', 'action': 'invocation', 'label': 'end', 'context': [<snowplow_tracker.self_describing_json.SelfDescribingJson object at 0x102f45ed0>, <snowplow_tracker.self_describing_json.SelfDescribingJson object at 0x10c955110>, <snowplow_tracker.self_describing_json.SelfDescribingJson object at 0x107f7b710>]}
[0m08:25:30.827892 [debug] [MainThread]: Flushing usage events
[0m08:25:32.067702 [debug] [MainThread]: An error was encountered while trying to flush usage events
[0m08:25:42.343005 [debug] [MainThread]: Sending event: {'category': 'dbt', 'action': 'invocation', 'label': 'start', 'context': [<snowplow_tracker.self_describing_json.SelfDescribingJson object at 0x10d89e990>, <snowplow_tracker.self_describing_json.SelfDescribingJson object at 0x10d926610>, <snowplow_tracker.self_describing_json.SelfDescribingJson object at 0x10d926cd0>]}


============================== 08:25:42.345004 | 692cfd68-27ad-48b7-ace0-18435c2e8eda ==============================
[0m08:25:42.345004 [info ] [MainThread]: Running with dbt=1.11.7
[0m08:25:42.345264 [debug] [MainThread]: running dbt with arguments {'debug': 'False', 'use_colors': 'True', 'send_anonymous_usage_stats': 'True', 'empty': 'None', 'use_experimental_parser': 'False', 'warn_error_options': 'WarnErrorOptionsV2(error=[], warn=[], silence=[])', 'invocation_command': 'dbt seed', 'static_parser': 'True', 'cache_selected_only': 'False', 'target_path': 'None', 'no_print': 'None', 'profiles_dir': '/Users/aviraljain/Downloads/python advanced/my_etl_project', 'log_cache_events': 'False', 'quiet': 'False', 'log_path': '/Users/aviraljain/Downloads/python advanced/my_etl_project/logs', 'log_format': 'default', 'printer_width': '80', 'write_json': 'True', 'indirect_selection': 'eager', 'introspect': 'True', 'fail_fast': 'False', 'version_check': 'True', 'warn_error': 'None', 'partial_parse': 'True'}
[0m08:25:42.420601 [debug] [MainThread]: Sending event: {'category': 'dbt', 'action': 'project_id', 'label': '692cfd68-27ad-48b7-ace0-18435c2e8eda', 'context': [<snowplow_tracker.self_describing_json.SelfDescribingJson object at 0x10d8db150>]}
[0m08:25:42.441481 [debug] [MainThread]: Sending event: {'category': 'dbt', 'action': 'adapter_info', 'label': '692cfd68-27ad-48b7-ace0-18435c2e8eda', 'context': [<snowplow_tracker.self_describing_json.SelfDescribingJson object at 0x10ab7c550>]}
[0m08:25:42.442164 [info ] [MainThread]: Registered adapter: postgres=1.10.0
[0m08:25:42.489567 [debug] [MainThread]: checksum: b80718358155fc17c3559352095564dd56ada1cc1a1c0ef2e62c857e71583775, vars: {}, profile: , target: , version: 1.11.7
[0m08:25:42.533646 [info ] [MainThread]: Unable to do partial parsing because profile has changed
[0m08:25:42.533892 [info ] [MainThread]: Unable to do partial parsing because a project dependency has been added
[0m08:25:42.534037 [debug] [MainThread]: Sending event: {'category': 'dbt', 'action': 'partial_parser', 'label': '692cfd68-27ad-48b7-ace0-18435c2e8eda', 'context': [<snowplow_tracker.self_describing_json.SelfDescribingJson object at 0x10ca95cd0>]}
[0m08:25:42.980674 [warn ] [MainThread]: [[33mWARNING[0m][MissingArgumentsPropertyInGenericTestDeprecation]: Deprecated
functionality
Found top-level arguments to test `accepted_values` defined on 'stg_orders' in
package 'my_etl_project' (models/staging/schema.yml). Arguments to generic tests
should be nested under the `arguments` property.
[0m08:25:42.980945 [debug] [MainThread]: Sending event: {'category': 'dbt', 'action': 'deprecation', 'label': '692cfd68-27ad-48b7-ace0-18435c2e8eda', 'property_': 'warn', 'context': [<snowplow_tracker.self_describing_json.SelfDescribingJson object at 0x10ec72e90>]}
[0m08:25:43.073307 [debug] [MainThread]: Sending event: {'category': 'dbt', 'action': 'load_project', 'label': '692cfd68-27ad-48b7-ace0-18435c2e8eda', 'context': [<snowplow_tracker.self_describing_json.SelfDescribingJson object at 0x10eee9410>]}
[0m08:25:43.133052 [debug] [MainThread]: Wrote artifact WritableManifest to /Users/aviraljain/Downloads/python advanced/my_etl_project/target/manifest.json
[0m08:25:43.134667 [debug] [MainThread]: Wrote artifact SemanticManifest to /Users/aviraljain/Downloads/python advanced/my_etl_project/target/semantic_manifest.json
[0m08:25:43.145704 [debug] [MainThread]: Sending event: {'category': 'dbt', 'action': 'resource_counts', 'label': '692cfd68-27ad-48b7-ace0-18435c2e8eda', 'context': [<snowplow_tracker.self_describing_json.SelfDescribingJson object at 0x10ee2f010>]}
[0m08:25:43.145938 [info ] [MainThread]: Found 7 models, 4 seeds, 37 data tests, 3 sources, 466 macros
[0m08:25:43.146075 [debug] [MainThread]: Sending event: {'category': 'dbt', 'action': 'runnable_timing', 'label': '692cfd68-27ad-48b7-ace0-18435c2e8eda', 'context': [<snowplow_tracker.self_describing_json.SelfDescribingJson object at 0x10c805510>]}
[0m08:25:43.146970 [info ] [MainThread]: 
[0m08:25:43.147105 [info ] [MainThread]: Concurrency: 4 threads (target='dev')
[0m08:25:43.147209 [info ] [MainThread]: 
[0m08:25:43.147382 [debug] [MainThread]: Acquiring new postgres connection 'master'
[0m08:25:43.148718 [debug] [ThreadPool]: Acquiring new postgres connection 'list_my_etl_db'
[0m08:25:43.168374 [debug] [ThreadPool]: Using postgres connection "list_my_etl_db"
[0m08:25:43.168548 [debug] [ThreadPool]: On list_my_etl_db: /* {"app": "dbt", "dbt_version": "1.11.7", "profile_name": "my_etl_project", "target_name": "dev", "connection_name": "list_my_etl_db"} */

    select distinct nspname from pg_namespace
  
[0m08:25:43.168648 [debug] [ThreadPool]: Opening a new connection, currently in state init
[0m08:25:43.189275 [debug] [ThreadPool]: SQL status: SELECT 4 in 0.021 seconds
[0m08:25:43.189809 [debug] [ThreadPool]: On list_my_etl_db: Close
[0m08:25:43.190049 [debug] [ThreadPool]: Re-using an available connection from the pool (formerly list_my_etl_db, now create_my_etl_db_main_raw_ingestion)
[0m08:25:43.190197 [debug] [ThreadPool]: Creating schema "database: "my_etl_db"
schema: "main_raw_ingestion"
"
[0m08:25:43.192074 [debug] [ThreadPool]: Using postgres connection "create_my_etl_db_main_raw_ingestion"
[0m08:25:43.192222 [debug] [ThreadPool]: On create_my_etl_db_main_raw_ingestion: /* {"app": "dbt", "dbt_version": "1.11.7", "profile_name": "my_etl_project", "target_name": "dev", "connection_name": "create_my_etl_db_main_raw_ingestion"} */
create schema if not exists "main_raw_ingestion"
[0m08:25:43.192320 [debug] [ThreadPool]: Opening a new connection, currently in state closed
[0m08:25:43.198273 [debug] [ThreadPool]: SQL status: CREATE SCHEMA in 0.006 seconds
[0m08:25:43.198566 [debug] [ThreadPool]: On create_my_etl_db_main_raw_ingestion: COMMIT
[0m08:25:43.198662 [debug] [ThreadPool]: Using postgres connection "create_my_etl_db_main_raw_ingestion"
[0m08:25:43.198769 [debug] [ThreadPool]: On create_my_etl_db_main_raw_ingestion: COMMIT
[0m08:25:43.199492 [debug] [ThreadPool]: SQL status: COMMIT in 0.001 seconds
[0m08:25:43.199584 [debug] [ThreadPool]: On create_my_etl_db_main_raw_ingestion: Close
[0m08:25:43.200138 [debug] [ThreadPool]: Re-using an available connection from the pool (formerly create_my_etl_db_main_raw_ingestion, now list_my_etl_db_main_analytics)
[0m08:25:43.200324 [debug] [ThreadPool]: Acquiring new postgres connection 'list_my_etl_db_main_raw_ingestion'
[0m08:25:43.200489 [debug] [ThreadPool]: Acquiring new postgres connection 'list_my_etl_db_main'
[0m08:25:43.202305 [debug] [ThreadPool]: Using postgres connection "list_my_etl_db_main_analytics"
[0m08:25:43.202929 [debug] [ThreadPool]: Using postgres connection "list_my_etl_db_main_raw_ingestion"
[0m08:25:43.203503 [debug] [ThreadPool]: Using postgres connection "list_my_etl_db_main"
[0m08:25:43.203611 [debug] [ThreadPool]: On list_my_etl_db_main_analytics: /* {"app": "dbt", "dbt_version": "1.11.7", "profile_name": "my_etl_project", "target_name": "dev", "connection_name": "list_my_etl_db_main_analytics"} */
select
      'my_etl_db' as database,
      tablename as name,
      schemaname as schema,
      'table' as type
    from pg_tables
    where schemaname ilike 'main_analytics'
    union all
    select
      'my_etl_db' as database,
      viewname as name,
      schemaname as schema,
      'view' as type
    from pg_views
    where schemaname ilike 'main_analytics'
    union all
    select
      'my_etl_db' as database,
      matviewname as name,
      schemaname as schema,
      'materialized_view' as type
    from pg_matviews
    where schemaname ilike 'main_analytics'
  
[0m08:25:43.203724 [debug] [ThreadPool]: On list_my_etl_db_main_raw_ingestion: /* {"app": "dbt", "dbt_version": "1.11.7", "profile_name": "my_etl_project", "target_name": "dev", "connection_name": "list_my_etl_db_main_raw_ingestion"} */
select
      'my_etl_db' as database,
      tablename as name,
      schemaname as schema,
      'table' as type
    from pg_tables
    where schemaname ilike 'main_raw_ingestion'
    union all
    select
      'my_etl_db' as database,
      viewname as name,
      schemaname as schema,
      'view' as type
    from pg_views
    where schemaname ilike 'main_raw_ingestion'
    union all
    select
      'my_etl_db' as database,
      matviewname as name,
      schemaname as schema,
      'materialized_view' as type
    from pg_matviews
    where schemaname ilike 'main_raw_ingestion'
  
[0m08:25:43.203832 [debug] [ThreadPool]: On list_my_etl_db_main: /* {"app": "dbt", "dbt_version": "1.11.7", "profile_name": "my_etl_project", "target_name": "dev", "connection_name": "list_my_etl_db_main"} */
select
      'my_etl_db' as database,
      tablename as name,
      schemaname as schema,
      'table' as type
    from pg_tables
    where schemaname ilike 'main'
    union all
    select
      'my_etl_db' as database,
      viewname as name,
      schemaname as schema,
      'view' as type
    from pg_views
    where schemaname ilike 'main'
    union all
    select
      'my_etl_db' as database,
      matviewname as name,
      schemaname as schema,
      'materialized_view' as type
    from pg_matviews
    where schemaname ilike 'main'
  
[0m08:25:43.203934 [debug] [ThreadPool]: Opening a new connection, currently in state closed
[0m08:25:43.204017 [debug] [ThreadPool]: Opening a new connection, currently in state init
[0m08:25:43.204094 [debug] [ThreadPool]: Opening a new connection, currently in state init
[0m08:25:43.213736 [debug] [ThreadPool]: SQL status: SELECT 0 in 0.010 seconds
[0m08:25:43.213861 [debug] [ThreadPool]: SQL status: SELECT 0 in 0.010 seconds
[0m08:25:43.213957 [debug] [ThreadPool]: SQL status: SELECT 0 in 0.010 seconds
[0m08:25:43.214334 [debug] [ThreadPool]: On list_my_etl_db_main: ROLLBACK
[0m08:25:43.214661 [debug] [ThreadPool]: On list_my_etl_db_main_analytics: ROLLBACK
[0m08:25:43.214960 [debug] [ThreadPool]: On list_my_etl_db_main_raw_ingestion: ROLLBACK
[0m08:25:43.215199 [debug] [ThreadPool]: On list_my_etl_db_main_analytics: Close
[0m08:25:43.215311 [debug] [ThreadPool]: On list_my_etl_db_main: Close
[0m08:25:43.215421 [debug] [ThreadPool]: On list_my_etl_db_main_raw_ingestion: Close
[0m08:25:43.217451 [debug] [MainThread]: Using postgres connection "master"
[0m08:25:43.217631 [debug] [MainThread]: On master: /* {"app": "dbt", "dbt_version": "1.11.7", "profile_name": "my_etl_project", "target_name": "dev", "connection_name": "master"} */
select distinct
        dependent_namespace.nspname as dependent_schema,
        dependent_class.relname as dependent_name,
        referenced_namespace.nspname as referenced_schema,
        referenced_class.relname as referenced_name

    -- Query for views: views are entries in pg_class with an entry in pg_rewrite, but we avoid
    -- a seq scan on pg_rewrite by leveraging the fact there is an "internal" row in pg_depend for
    -- the view...
    from pg_class as dependent_class
    join pg_namespace as dependent_namespace on dependent_namespace.oid = dependent_class.relnamespace
    join pg_depend as dependent_depend on dependent_depend.refobjid = dependent_class.oid
        and dependent_depend.classid = 'pg_rewrite'::regclass
        and dependent_depend.refclassid = 'pg_class'::regclass
        and dependent_depend.deptype = 'i'

    -- ... and via pg_depend (that has a row per column, hence the need for "distinct" above, and
    -- making sure to exclude the internal row to avoid a view appearing to depend on itself)...
    join pg_depend as joining_depend on joining_depend.objid = dependent_depend.objid
        and joining_depend.classid = 'pg_rewrite'::regclass
        and joining_depend.refclassid = 'pg_class'::regclass
        and joining_depend.refobjid != dependent_depend.refobjid

    -- ... we can find the tables they query from in pg_class, but excluding system tables. Note we
    -- don't need need to exclude _dependent_ system tables, because they only query from other
    -- system tables, and so are automatically excluded by excluding _referenced_ system tables
    join pg_class as referenced_class on referenced_class.oid = joining_depend.refobjid
    join pg_namespace as referenced_namespace on referenced_namespace.oid = referenced_class.relnamespace
        and referenced_namespace.nspname != 'information_schema'
        and referenced_namespace.nspname not like 'pg\_%'

    order by
        dependent_schema, dependent_name, referenced_schema, referenced_name;
[0m08:25:43.217760 [debug] [MainThread]: Opening a new connection, currently in state init
[0m08:25:43.226851 [debug] [MainThread]: SQL status: SELECT 0 in 0.009 seconds
[0m08:25:43.227299 [debug] [MainThread]: Sending event: {'category': 'dbt', 'action': 'runnable_timing', 'label': '692cfd68-27ad-48b7-ace0-18435c2e8eda', 'context': [<snowplow_tracker.self_describing_json.SelfDescribingJson object at 0x10ee21010>]}
[0m08:25:43.227478 [debug] [MainThread]: On master: ROLLBACK
[0m08:25:43.227681 [debug] [MainThread]: On master: COMMIT
[0m08:25:43.227791 [debug] [MainThread]: Using postgres connection "master"
[0m08:25:43.227888 [debug] [MainThread]: On master: COMMIT
[0m08:25:43.228114 [debug] [MainThread]: SQL status: COMMIT in 0.000 seconds
[0m08:25:43.228215 [debug] [MainThread]: On master: Close
[0m08:25:43.229401 [debug] [Thread-1 (]: Began running node seed.my_etl_project.country_codes
[0m08:25:43.229539 [debug] [Thread-2 (]: Began running node seed.my_etl_project.raw_customers
[0m08:25:43.229700 [debug] [Thread-3 (]: Began running node seed.my_etl_project.raw_orders
[0m08:25:43.229830 [debug] [Thread-4 (]: Began running node seed.my_etl_project.raw_products
[0m08:25:43.230008 [info ] [Thread-1 (]: 1 of 4 START seed file main_raw_ingestion.country_codes ........................ [RUN]
[0m08:25:43.230197 [info ] [Thread-2 (]: 2 of 4 START seed file main_raw_ingestion.raw_customers ........................ [RUN]
[0m08:25:43.230385 [info ] [Thread-3 (]: 3 of 4 START seed file main_raw_ingestion.raw_orders ........................... [RUN]
[0m08:25:43.230553 [info ] [Thread-4 (]: 4 of 4 START seed file main_raw_ingestion.raw_products ......................... [RUN]
[0m08:25:43.230717 [debug] [Thread-1 (]: Re-using an available connection from the pool (formerly list_my_etl_db_main_analytics, now seed.my_etl_project.country_codes)
[0m08:25:43.230864 [debug] [Thread-2 (]: Re-using an available connection from the pool (formerly list_my_etl_db_main_raw_ingestion, now seed.my_etl_project.raw_customers)
[0m08:25:43.230996 [debug] [Thread-3 (]: Re-using an available connection from the pool (formerly list_my_etl_db_main, now seed.my_etl_project.raw_orders)
[0m08:25:43.231156 [debug] [Thread-4 (]: Acquiring new postgres connection 'seed.my_etl_project.raw_products'
[0m08:25:43.231281 [debug] [Thread-1 (]: Began compiling node seed.my_etl_project.country_codes
[0m08:25:43.231398 [debug] [Thread-2 (]: Began compiling node seed.my_etl_project.raw_customers
[0m08:25:43.231511 [debug] [Thread-3 (]: Began compiling node seed.my_etl_project.raw_orders
[0m08:25:43.231626 [debug] [Thread-4 (]: Began compiling node seed.my_etl_project.raw_products
[0m08:25:43.231751 [debug] [Thread-1 (]: Began executing node seed.my_etl_project.country_codes
[0m08:25:43.231872 [debug] [Thread-2 (]: Began executing node seed.my_etl_project.raw_customers
[0m08:25:43.231989 [debug] [Thread-3 (]: Began executing node seed.my_etl_project.raw_orders
[0m08:25:43.232102 [debug] [Thread-4 (]: Began executing node seed.my_etl_project.raw_products
[0m08:25:43.243802 [debug] [Thread-2 (]: Using postgres connection "seed.my_etl_project.raw_customers"
[0m08:25:43.245343 [debug] [Thread-3 (]: Using postgres connection "seed.my_etl_project.raw_orders"
[0m08:25:43.245662 [debug] [Thread-1 (]: Using postgres connection "seed.my_etl_project.country_codes"
[0m08:25:43.246059 [debug] [Thread-4 (]: Using postgres connection "seed.my_etl_project.raw_products"
[0m08:25:43.246181 [debug] [Thread-2 (]: On seed.my_etl_project.raw_customers: /* {"app": "dbt", "dbt_version": "1.11.7", "profile_name": "my_etl_project", "target_name": "dev", "node_id": "seed.my_etl_project.raw_customers"} */

    create table "my_etl_db"."main_raw_ingestion"."raw_customers" ("customer_id" text,"customer_name" text,"region" text,"segment" text,"email" text,"country_code" text)
  
[0m08:25:43.246301 [debug] [Thread-3 (]: On seed.my_etl_project.raw_orders: /* {"app": "dbt", "dbt_version": "1.11.7", "profile_name": "my_etl_project", "target_name": "dev", "node_id": "seed.my_etl_project.raw_orders"} */

    create table "my_etl_db"."main_raw_ingestion"."raw_orders" ("order_id" integer,"customer_id" text,"amount" float8,"status" text,"order_date" date,"country_code" text,"updated_at" timestamp without time zone)
  
[0m08:25:43.246417 [debug] [Thread-1 (]: On seed.my_etl_project.country_codes: /* {"app": "dbt", "dbt_version": "1.11.7", "profile_name": "my_etl_project", "target_name": "dev", "node_id": "seed.my_etl_project.country_codes"} */

    create table "my_etl_db"."main_raw_ingestion"."country_codes" ("country_code" text,"country_name" text,"region" text)
  
[0m08:25:43.246526 [debug] [Thread-4 (]: On seed.my_etl_project.raw_products: /* {"app": "dbt", "dbt_version": "1.11.7", "profile_name": "my_etl_project", "target_name": "dev", "node_id": "seed.my_etl_project.raw_products"} */

    create table "my_etl_db"."main_raw_ingestion"."raw_products" ("product_id" text,"product_name" text,"category" text,"price" float8,"currency" text)
  
[0m08:25:43.246673 [debug] [Thread-2 (]: Opening a new connection, currently in state closed
[0m08:25:43.246773 [debug] [Thread-3 (]: Opening a new connection, currently in state closed
[0m08:25:43.246867 [debug] [Thread-1 (]: Opening a new connection, currently in state closed
[0m08:25:43.246980 [debug] [Thread-4 (]: Opening a new connection, currently in state init
[0m08:25:43.259056 [debug] [Thread-4 (]: SQL status: CREATE TABLE in 0.012 seconds
[0m08:25:43.259171 [debug] [Thread-2 (]: SQL status: CREATE TABLE in 0.012 seconds
[0m08:25:43.264424 [debug] [Thread-4 (]: Using postgres connection "seed.my_etl_project.raw_products"
[0m08:25:43.264552 [debug] [Thread-3 (]: SQL status: CREATE TABLE in 0.018 seconds
[0m08:25:43.264686 [debug] [Thread-1 (]: SQL status: CREATE TABLE in 0.018 seconds
[0m08:25:43.265963 [debug] [Thread-2 (]: Using postgres connection "seed.my_etl_project.raw_customers"
[0m08:25:43.266109 [debug] [Thread-4 (]: On seed.my_etl_project.raw_products: 
          insert into "my_etl_db"."main_raw_ingestion"."raw_products" ("product_id", "product_name", "category", "price", "currency") values
          (%s,%s,%s,%s,%s),(%s,%s,%s,%s,%s),(%s,%s,%s,%s,%s),(%s,%s,%s,%s,%s),(%s,%s,%s,%s,%s),(%s,%s,%s,%s,%s),(%s,%s,%s,%s,%s),(%s,%s,%s,%s,%s)
      ...
[0m08:25:43.268257 [debug] [Thread-3 (]: Using postgres connection "seed.my_etl_project.raw_orders"
[0m08:25:43.269102 [debug] [Thread-1 (]: Using postgres connection "seed.my_etl_project.country_codes"
[0m08:25:43.269236 [debug] [Thread-2 (]: On seed.my_etl_project.raw_customers: 
          insert into "my_etl_db"."main_raw_ingestion"."raw_customers" ("customer_id", "customer_name", "region", "segment", "email", "country_code") values
          (%s,%s,%s,%s,%s,%s),(%s,%s,%s,%s,%s,%s),(%s,%s,%s,%s,%s,%s),(%s,%s,%s,%s,%s,%s),(%s,%s,%s,%s,%s,%s),(%s,%s,%s,%s,%s,%s),(%s,%s,%s,%s,%s,%s),(%s,%s,%s,%s,%s,%s)
      ...
[0m08:25:43.269424 [debug] [Thread-3 (]: On seed.my_etl_project.raw_orders: 
          insert into "my_etl_db"."main_raw_ingestion"."raw_orders" ("order_id", "customer_id", "amount", "status", "order_date", "country_code", "updated_at") values
          (%s,%s,%s,%s,%s,%s,%s),(%s,%s,%s,%s,%s,%s,%s),(%s,%s,%s,%s,%s,%s,%s),(%s,%s,%s,%s,%s,%s,%s),(%s,%s,%s,%s,%s,%s,%s),(%s,%s,%s,%s,%s,%s,%s),(%s,%s,%s,%s,%s,%s,%s),(%s,%s,%s,%s,%s,%s,%s),(%s,%s,%s,%s,%s,%s,%s),(%s,%s,%s,%s,%s,%s,%s),(%s,%s,%s,%s,%s,%s,%s),(%s,%s,%s,%s,%s,%s,%s)
      ...
[0m08:25:43.269545 [debug] [Thread-1 (]: On seed.my_etl_project.country_codes: 
          insert into "my_etl_db"."main_raw_ingestion"."country_codes" ("country_code", "country_name", "region") values
          (%s,%s,%s),(%s,%s,%s),(%s,%s,%s),(%s,%s,%s),(%s,%s,%s),(%s,%s,%s),(%s,%s,%s),(%s,%s,%s)
      ...
[0m08:25:43.270073 [debug] [Thread-4 (]: SQL status: INSERT 0 8 in 0.001 seconds
[0m08:25:43.271808 [debug] [Thread-4 (]: Writing runtime SQL for node "seed.my_etl_project.raw_products"
[0m08:25:43.271951 [debug] [Thread-1 (]: SQL status: INSERT 0 8 in 0.002 seconds
[0m08:25:43.272083 [debug] [Thread-2 (]: SQL status: INSERT 0 8 in 0.002 seconds
[0m08:25:43.272213 [debug] [Thread-3 (]: SQL status: INSERT 0 12 in 0.003 seconds
[0m08:25:43.272401 [debug] [Thread-1 (]: Writing runtime SQL for node "seed.my_etl_project.country_codes"
[0m08:25:43.272591 [debug] [Thread-2 (]: Writing runtime SQL for node "seed.my_etl_project.raw_customers"
[0m08:25:43.272791 [debug] [Thread-3 (]: Writing runtime SQL for node "seed.my_etl_project.raw_orders"
[0m08:25:43.278343 [debug] [Thread-4 (]: On seed.my_etl_project.raw_products: COMMIT
[0m08:25:43.278627 [debug] [Thread-4 (]: Using postgres connection "seed.my_etl_project.raw_products"
[0m08:25:43.279039 [debug] [Thread-1 (]: On seed.my_etl_project.country_codes: COMMIT
[0m08:25:43.279523 [debug] [Thread-2 (]: On seed.my_etl_project.raw_customers: COMMIT
[0m08:25:43.279652 [debug] [Thread-4 (]: On seed.my_etl_project.raw_products: COMMIT
[0m08:25:43.280050 [debug] [Thread-3 (]: On seed.my_etl_project.raw_orders: COMMIT
[0m08:25:43.280184 [debug] [Thread-1 (]: Using postgres connection "seed.my_etl_project.country_codes"
[0m08:25:43.280310 [debug] [Thread-2 (]: Using postgres connection "seed.my_etl_project.raw_customers"
[0m08:25:43.280460 [debug] [Thread-3 (]: Using postgres connection "seed.my_etl_project.raw_orders"
[0m08:25:43.280584 [debug] [Thread-1 (]: On seed.my_etl_project.country_codes: COMMIT
[0m08:25:43.280700 [debug] [Thread-2 (]: On seed.my_etl_project.raw_customers: COMMIT
[0m08:25:43.280807 [debug] [Thread-4 (]: SQL status: COMMIT in 0.000 seconds
[0m08:25:43.280923 [debug] [Thread-3 (]: On seed.my_etl_project.raw_orders: COMMIT
[0m08:25:43.281595 [debug] [Thread-4 (]: On seed.my_etl_project.raw_products: Close
[0m08:25:43.281735 [debug] [Thread-2 (]: SQL status: COMMIT in 0.001 seconds
[0m08:25:43.281856 [debug] [Thread-1 (]: SQL status: COMMIT in 0.001 seconds
[0m08:25:43.282342 [debug] [Thread-2 (]: On seed.my_etl_project.raw_customers: Close
[0m08:25:43.282660 [debug] [Thread-3 (]: SQL status: COMMIT in 0.001 seconds
[0m08:25:43.282930 [debug] [Thread-1 (]: On seed.my_etl_project.country_codes: Close
[0m08:25:43.283277 [debug] [Thread-3 (]: On seed.my_etl_project.raw_orders: Close
[0m08:25:43.283409 [debug] [Thread-4 (]: Sending event: {'category': 'dbt', 'action': 'run_model', 'label': '692cfd68-27ad-48b7-ace0-18435c2e8eda', 'context': [<snowplow_tracker.self_describing_json.SelfDescribingJson object at 0x10f191250>]}
[0m08:25:43.283526 [debug] [Thread-2 (]: Sending event: {'category': 'dbt', 'action': 'run_model', 'label': '692cfd68-27ad-48b7-ace0-18435c2e8eda', 'context': [<snowplow_tracker.self_describing_json.SelfDescribingJson object at 0x10f1e0e90>]}
[0m08:25:43.283700 [debug] [Thread-1 (]: Sending event: {'category': 'dbt', 'action': 'run_model', 'label': '692cfd68-27ad-48b7-ace0-18435c2e8eda', 'context': [<snowplow_tracker.self_describing_json.SelfDescribingJson object at 0x10f18cf50>]}
[0m08:25:43.283873 [debug] [Thread-3 (]: Sending event: {'category': 'dbt', 'action': 'run_model', 'label': '692cfd68-27ad-48b7-ace0-18435c2e8eda', 'context': [<snowplow_tracker.self_describing_json.SelfDescribingJson object at 0x10f249790>]}
[0m08:25:43.284057 [info ] [Thread-4 (]: 4 of 4 OK loaded seed file main_raw_ingestion.raw_products ..................... [[32mINSERT 8[0m in 0.05s]
[0m08:25:43.284261 [info ] [Thread-2 (]: 2 of 4 OK loaded seed file main_raw_ingestion.raw_customers .................... [[32mINSERT 8[0m in 0.05s]
[0m08:25:43.284479 [info ] [Thread-1 (]: 1 of 4 OK loaded seed file main_raw_ingestion.country_codes .................... [[32mINSERT 8[0m in 0.05s]
[0m08:25:43.284813 [debug] [Thread-4 (]: Finished running node seed.my_etl_project.raw_products
[0m08:25:43.284612 [info ] [Thread-3 (]: 3 of 4 OK loaded seed file main_raw_ingestion.raw_orders ....................... [[32mINSERT 12[0m in 0.05s]
[0m08:25:43.285015 [debug] [Thread-2 (]: Finished running node seed.my_etl_project.raw_customers
[0m08:25:43.285186 [debug] [Thread-1 (]: Finished running node seed.my_etl_project.country_codes
[0m08:25:43.285416 [debug] [Thread-3 (]: Finished running node seed.my_etl_project.raw_orders
[0m08:25:43.285921 [debug] [MainThread]: On master: COMMIT
[0m08:25:43.286388 [debug] [MainThread]: Using postgres connection "master"
[0m08:25:43.286474 [debug] [MainThread]: On master: COMMIT
[0m08:25:43.286561 [debug] [MainThread]: Opening a new connection, currently in state closed
[0m08:25:43.291165 [debug] [MainThread]: SQL status: COMMIT in 0.005 seconds
[0m08:25:43.291313 [debug] [MainThread]: On master: Close
[0m08:25:43.291459 [debug] [MainThread]: Connection 'master' was properly closed.
[0m08:25:43.291554 [debug] [MainThread]: Connection 'seed.my_etl_project.country_codes' was properly closed.
[0m08:25:43.291641 [debug] [MainThread]: Connection 'seed.my_etl_project.raw_customers' was properly closed.
[0m08:25:43.291724 [debug] [MainThread]: Connection 'seed.my_etl_project.raw_orders' was properly closed.
[0m08:25:43.291804 [debug] [MainThread]: Connection 'seed.my_etl_project.raw_products' was properly closed.
[0m08:25:43.291907 [info ] [MainThread]: 
[0m08:25:43.292014 [info ] [MainThread]: Finished running 4 seeds in 0 hours 0 minutes and 0.14 seconds (0.14s).
[0m08:25:43.292355 [debug] [MainThread]: Command end result
[0m08:25:43.303390 [debug] [MainThread]: Wrote artifact WritableManifest to /Users/aviraljain/Downloads/python advanced/my_etl_project/target/manifest.json
[0m08:25:43.304046 [debug] [MainThread]: Wrote artifact SemanticManifest to /Users/aviraljain/Downloads/python advanced/my_etl_project/target/semantic_manifest.json
[0m08:25:43.306140 [debug] [MainThread]: Wrote artifact RunExecutionResult to /Users/aviraljain/Downloads/python advanced/my_etl_project/target/run_results.json
[0m08:25:43.306237 [info ] [MainThread]: 
[0m08:25:43.306377 [info ] [MainThread]: [32mCompleted successfully[0m
[0m08:25:43.306480 [info ] [MainThread]: 
[0m08:25:43.306593 [info ] [MainThread]: Done. PASS=4 WARN=0 ERROR=0 SKIP=0 NO-OP=0 TOTAL=4
[0m08:25:43.306797 [warn ] [MainThread]: [[33mWARNING[0m][DeprecationsSummary]: Deprecated functionality
Summary of encountered deprecations:
- MissingArgumentsPropertyInGenericTestDeprecation: 4 occurrences
To see all deprecation instances instead of just the first occurrence of each,
run command again with the `--show-all-deprecations` flag. You may also need to
run with `--no-partial-parse` as some deprecations are only encountered during
parsing.
[0m08:25:43.309053 [debug] [MainThread]: Resource report: {"command_name": "seed", "command_success": true, "command_wall_clock_time": 0.99380606, "process_in_blocks": "0", "process_kernel_time": 0.161313, "process_mem_max_rss": "151830528", "process_out_blocks": "0", "process_user_time": 1.307524}
[0m08:25:43.309220 [debug] [MainThread]: Command `dbt seed` succeeded at 08:25:43.309191 after 0.99 seconds
[0m08:25:43.309357 [debug] [MainThread]: Sending event: {'category': 'dbt', 'action': 'invocation', 'label': 'end', 'context': [<snowplow_tracker.self_describing_json.SelfDescribingJson object at 0x1045e1ed0>, <snowplow_tracker.self_describing_json.SelfDescribingJson object at 0x10d926ad0>, <snowplow_tracker.self_describing_json.SelfDescribingJson object at 0x10963f710>]}
[0m08:25:43.309479 [debug] [MainThread]: Flushing usage events
[0m08:25:44.353773 [debug] [MainThread]: An error was encountered while trying to flush usage events
[0m08:25:45.289425 [debug] [MainThread]: Sending event: {'category': 'dbt', 'action': 'invocation', 'label': 'start', 'context': [<snowplow_tracker.self_describing_json.SelfDescribingJson object at 0x1096b3c90>, <snowplow_tracker.self_describing_json.SelfDescribingJson object at 0x10973e1d0>, <snowplow_tracker.self_describing_json.SelfDescribingJson object at 0x10973e890>]}


============================== 08:25:45.291379 | a7ab1320-8b79-48f4-a1cf-99bc31541820 ==============================
[0m08:25:45.291379 [info ] [MainThread]: Running with dbt=1.11.7
[0m08:25:45.291652 [debug] [MainThread]: running dbt with arguments {'introspect': 'True', 'profiles_dir': '/Users/aviraljain/Downloads/python advanced/my_etl_project', 'debug': 'False', 'target_path': 'None', 'fail_fast': 'False', 'invocation_command': 'dbt run', 'static_parser': 'True', 'warn_error': 'None', 'use_colors': 'True', 'log_cache_events': 'False', 'quiet': 'False', 'printer_width': '80', 'no_print': 'None', 'indirect_selection': 'eager', 'log_path': '/Users/aviraljain/Downloads/python advanced/my_etl_project/logs', 'log_format': 'default', 'version_check': 'True', 'partial_parse': 'True', 'write_json': 'True', 'cache_selected_only': 'False', 'empty': 'False', 'send_anonymous_usage_stats': 'True', 'warn_error_options': 'WarnErrorOptionsV2(error=[], warn=[], silence=[])', 'use_experimental_parser': 'False'}
[0m08:25:45.440283 [debug] [MainThread]: Sending event: {'category': 'dbt', 'action': 'project_id', 'label': 'a7ab1320-8b79-48f4-a1cf-99bc31541820', 'context': [<snowplow_tracker.self_describing_json.SelfDescribingJson object at 0x1095e1850>]}
[0m08:25:45.469380 [debug] [MainThread]: Sending event: {'category': 'dbt', 'action': 'adapter_info', 'label': 'a7ab1320-8b79-48f4-a1cf-99bc31541820', 'context': [<snowplow_tracker.self_describing_json.SelfDescribingJson object at 0x106957dd0>]}
[0m08:25:45.469901 [info ] [MainThread]: Registered adapter: postgres=1.10.0
[0m08:25:45.609319 [debug] [MainThread]: checksum: b80718358155fc17c3559352095564dd56ada1cc1a1c0ef2e62c857e71583775, vars: {}, profile: , target: , version: 1.11.7
[0m08:25:45.697794 [debug] [MainThread]: Partial parsing enabled: 0 files deleted, 0 files added, 0 files changed.
[0m08:25:45.698191 [debug] [MainThread]: Nothing changed, skipping partial parsing.
[0m08:25:45.698338 [debug] [MainThread]: Partial parsing enabled, no changes found, skipping parsing
[0m08:25:45.722289 [debug] [MainThread]: Sending event: {'category': 'dbt', 'action': 'load_project', 'label': 'a7ab1320-8b79-48f4-a1cf-99bc31541820', 'context': [<snowplow_tracker.self_describing_json.SelfDescribingJson object at 0x10a743f50>]}
[0m08:25:45.818241 [debug] [MainThread]: Wrote artifact WritableManifest to /Users/aviraljain/Downloads/python advanced/my_etl_project/target/manifest.json
[0m08:25:45.821086 [debug] [MainThread]: Wrote artifact SemanticManifest to /Users/aviraljain/Downloads/python advanced/my_etl_project/target/semantic_manifest.json
[0m08:25:45.903402 [debug] [MainThread]: Sending event: {'category': 'dbt', 'action': 'resource_counts', 'label': 'a7ab1320-8b79-48f4-a1cf-99bc31541820', 'context': [<snowplow_tracker.self_describing_json.SelfDescribingJson object at 0x10a83c310>]}
[0m08:25:45.903747 [info ] [MainThread]: Found 7 models, 4 seeds, 37 data tests, 3 sources, 466 macros
[0m08:25:45.903951 [debug] [MainThread]: Sending event: {'category': 'dbt', 'action': 'runnable_timing', 'label': 'a7ab1320-8b79-48f4-a1cf-99bc31541820', 'context': [<snowplow_tracker.self_describing_json.SelfDescribingJson object at 0x109144390>]}
[0m08:25:45.905026 [info ] [MainThread]: 
[0m08:25:45.905189 [info ] [MainThread]: Concurrency: 4 threads (target='dev')
[0m08:25:45.905331 [info ] [MainThread]: 
[0m08:25:45.905552 [debug] [MainThread]: Acquiring new postgres connection 'master'
[0m08:25:45.907345 [debug] [ThreadPool]: Acquiring new postgres connection 'list_my_etl_db'
[0m08:25:45.907572 [debug] [ThreadPool]: Acquiring new postgres connection 'list_my_etl_db'
[0m08:25:45.930790 [debug] [ThreadPool]: Using postgres connection "list_my_etl_db"
[0m08:25:45.930958 [debug] [ThreadPool]: Using postgres connection "list_my_etl_db"
[0m08:25:45.931113 [debug] [ThreadPool]: On list_my_etl_db: /* {"app": "dbt", "dbt_version": "1.11.7", "profile_name": "my_etl_project", "target_name": "dev", "connection_name": "list_my_etl_db"} */

    select distinct nspname from pg_namespace
  
[0m08:25:45.931253 [debug] [ThreadPool]: On list_my_etl_db: /* {"app": "dbt", "dbt_version": "1.11.7", "profile_name": "my_etl_project", "target_name": "dev", "connection_name": "list_my_etl_db"} */

    select distinct nspname from pg_namespace
  
[0m08:25:45.931389 [debug] [ThreadPool]: Opening a new connection, currently in state init
[0m08:25:45.931496 [debug] [ThreadPool]: Opening a new connection, currently in state init
[0m08:25:45.945414 [debug] [ThreadPool]: SQL status: SELECT 5 in 0.014 seconds
[0m08:25:45.945590 [debug] [ThreadPool]: SQL status: SELECT 5 in 0.014 seconds
[0m08:25:45.946186 [debug] [ThreadPool]: On list_my_etl_db: Close
[0m08:25:45.946651 [debug] [ThreadPool]: On list_my_etl_db: Close
[0m08:25:45.947026 [debug] [ThreadPool]: Re-using an available connection from the pool (formerly list_my_etl_db, now create_my_etl_db_main)
[0m08:25:45.947176 [debug] [ThreadPool]: Re-using an available connection from the pool (formerly list_my_etl_db, now create_my_etl_db_main_analytics)
[0m08:25:45.947359 [debug] [ThreadPool]: Creating schema "database: "my_etl_db"
schema: "main"
"
[0m08:25:45.947521 [debug] [ThreadPool]: Creating schema "database: "my_etl_db"
schema: "main_analytics"
"
[0m08:25:45.949696 [debug] [ThreadPool]: Using postgres connection "create_my_etl_db_main"
[0m08:25:45.950483 [debug] [ThreadPool]: Using postgres connection "create_my_etl_db_main_analytics"
[0m08:25:45.950610 [debug] [ThreadPool]: On create_my_etl_db_main: /* {"app": "dbt", "dbt_version": "1.11.7", "profile_name": "my_etl_project", "target_name": "dev", "connection_name": "create_my_etl_db_main"} */
create schema if not exists "main"
[0m08:25:45.950732 [debug] [ThreadPool]: On create_my_etl_db_main_analytics: /* {"app": "dbt", "dbt_version": "1.11.7", "profile_name": "my_etl_project", "target_name": "dev", "connection_name": "create_my_etl_db_main_analytics"} */
create schema if not exists "main_analytics"
[0m08:25:45.950839 [debug] [ThreadPool]: Opening a new connection, currently in state closed
[0m08:25:45.950938 [debug] [ThreadPool]: Opening a new connection, currently in state closed
[0m08:25:45.954388 [debug] [ThreadPool]: SQL status: CREATE SCHEMA in 0.004 seconds
[0m08:25:45.954759 [debug] [ThreadPool]: On create_my_etl_db_main: COMMIT
[0m08:25:45.954882 [debug] [ThreadPool]: SQL status: CREATE SCHEMA in 0.004 seconds
[0m08:25:45.955017 [debug] [ThreadPool]: Using postgres connection "create_my_etl_db_main"
[0m08:25:45.955304 [debug] [ThreadPool]: On create_my_etl_db_main_analytics: COMMIT
[0m08:25:45.955418 [debug] [ThreadPool]: On create_my_etl_db_main: COMMIT
[0m08:25:45.955538 [debug] [ThreadPool]: Using postgres connection "create_my_etl_db_main_analytics"
[0m08:25:45.955665 [debug] [ThreadPool]: On create_my_etl_db_main_analytics: COMMIT
[0m08:25:45.955856 [debug] [ThreadPool]: SQL status: COMMIT in 0.000 seconds
[0m08:25:45.955959 [debug] [ThreadPool]: SQL status: COMMIT in 0.000 seconds
[0m08:25:45.956069 [debug] [ThreadPool]: On create_my_etl_db_main: Close
[0m08:25:45.956177 [debug] [ThreadPool]: On create_my_etl_db_main_analytics: Close
[0m08:25:45.956951 [debug] [ThreadPool]: Re-using an available connection from the pool (formerly create_my_etl_db_main_analytics, now list_my_etl_db_main_raw_ingestion)
[0m08:25:45.957141 [debug] [ThreadPool]: Re-using an available connection from the pool (formerly create_my_etl_db_main, now list_my_etl_db_main)
[0m08:25:45.959608 [debug] [ThreadPool]: Using postgres connection "list_my_etl_db_main_raw_ingestion"
[0m08:25:45.959815 [debug] [ThreadPool]: Acquiring new postgres connection 'list_my_etl_db_main_analytics'
[0m08:25:45.960523 [debug] [ThreadPool]: Using postgres connection "list_my_etl_db_main"
[0m08:25:45.960659 [debug] [ThreadPool]: On list_my_etl_db_main_raw_ingestion: /* {"app": "dbt", "dbt_version": "1.11.7", "profile_name": "my_etl_project", "target_name": "dev", "connection_name": "list_my_etl_db_main_raw_ingestion"} */
select
      'my_etl_db' as database,
      tablename as name,
      schemaname as schema,
      'table' as type
    from pg_tables
    where schemaname ilike 'main_raw_ingestion'
    union all
    select
      'my_etl_db' as database,
      viewname as name,
      schemaname as schema,
      'view' as type
    from pg_views
    where schemaname ilike 'main_raw_ingestion'
    union all
    select
      'my_etl_db' as database,
      matviewname as name,
      schemaname as schema,
      'materialized_view' as type
    from pg_matviews
    where schemaname ilike 'main_raw_ingestion'
  
[0m08:25:45.961356 [debug] [ThreadPool]: Using postgres connection "list_my_etl_db_main_analytics"
[0m08:25:45.961482 [debug] [ThreadPool]: On list_my_etl_db_main: /* {"app": "dbt", "dbt_version": "1.11.7", "profile_name": "my_etl_project", "target_name": "dev", "connection_name": "list_my_etl_db_main"} */
select
      'my_etl_db' as database,
      tablename as name,
      schemaname as schema,
      'table' as type
    from pg_tables
    where schemaname ilike 'main'
    union all
    select
      'my_etl_db' as database,
      viewname as name,
      schemaname as schema,
      'view' as type
    from pg_views
    where schemaname ilike 'main'
    union all
    select
      'my_etl_db' as database,
      matviewname as name,
      schemaname as schema,
      'materialized_view' as type
    from pg_matviews
    where schemaname ilike 'main'
  
[0m08:25:45.961620 [debug] [ThreadPool]: Opening a new connection, currently in state closed
[0m08:25:45.961898 [debug] [ThreadPool]: On list_my_etl_db_main_analytics: /* {"app": "dbt", "dbt_version": "1.11.7", "profile_name": "my_etl_project", "target_name": "dev", "connection_name": "list_my_etl_db_main_analytics"} */
select
      'my_etl_db' as database,
      tablename as name,
      schemaname as schema,
      'table' as type
    from pg_tables
    where schemaname ilike 'main_analytics'
    union all
    select
      'my_etl_db' as database,
      viewname as name,
      schemaname as schema,
      'view' as type
    from pg_views
    where schemaname ilike 'main_analytics'
    union all
    select
      'my_etl_db' as database,
      matviewname as name,
      schemaname as schema,
      'materialized_view' as type
    from pg_matviews
    where schemaname ilike 'main_analytics'
  
[0m08:25:45.962111 [debug] [ThreadPool]: Opening a new connection, currently in state closed
[0m08:25:45.962277 [debug] [ThreadPool]: Opening a new connection, currently in state init
[0m08:25:45.968456 [debug] [ThreadPool]: SQL status: SELECT 0 in 0.006 seconds
[0m08:25:45.968701 [debug] [ThreadPool]: SQL status: SELECT 4 in 0.007 seconds
[0m08:25:45.968855 [debug] [ThreadPool]: SQL status: SELECT 0 in 0.007 seconds
[0m08:25:45.969446 [debug] [ThreadPool]: On list_my_etl_db_main_analytics: ROLLBACK
[0m08:25:45.969918 [debug] [ThreadPool]: On list_my_etl_db_main_raw_ingestion: ROLLBACK
[0m08:25:45.970517 [debug] [ThreadPool]: On list_my_etl_db_main: ROLLBACK
[0m08:25:45.970723 [debug] [ThreadPool]: On list_my_etl_db_main_analytics: Close
[0m08:25:45.970895 [debug] [ThreadPool]: On list_my_etl_db_main_raw_ingestion: Close
[0m08:25:45.970999 [debug] [ThreadPool]: On list_my_etl_db_main: Close
[0m08:25:45.973487 [debug] [MainThread]: Using postgres connection "master"
[0m08:25:45.973679 [debug] [MainThread]: On master: /* {"app": "dbt", "dbt_version": "1.11.7", "profile_name": "my_etl_project", "target_name": "dev", "connection_name": "master"} */
select distinct
        dependent_namespace.nspname as dependent_schema,
        dependent_class.relname as dependent_name,
        referenced_namespace.nspname as referenced_schema,
        referenced_class.relname as referenced_name

    -- Query for views: views are entries in pg_class with an entry in pg_rewrite, but we avoid
    -- a seq scan on pg_rewrite by leveraging the fact there is an "internal" row in pg_depend for
    -- the view...
    from pg_class as dependent_class
    join pg_namespace as dependent_namespace on dependent_namespace.oid = dependent_class.relnamespace
    join pg_depend as dependent_depend on dependent_depend.refobjid = dependent_class.oid
        and dependent_depend.classid = 'pg_rewrite'::regclass
        and dependent_depend.refclassid = 'pg_class'::regclass
        and dependent_depend.deptype = 'i'

    -- ... and via pg_depend (that has a row per column, hence the need for "distinct" above, and
    -- making sure to exclude the internal row to avoid a view appearing to depend on itself)...
    join pg_depend as joining_depend on joining_depend.objid = dependent_depend.objid
        and joining_depend.classid = 'pg_rewrite'::regclass
        and joining_depend.refclassid = 'pg_class'::regclass
        and joining_depend.refobjid != dependent_depend.refobjid

    -- ... we can find the tables they query from in pg_class, but excluding system tables. Note we
    -- don't need need to exclude _dependent_ system tables, because they only query from other
    -- system tables, and so are automatically excluded by excluding _referenced_ system tables
    join pg_class as referenced_class on referenced_class.oid = joining_depend.refobjid
    join pg_namespace as referenced_namespace on referenced_namespace.oid = referenced_class.relnamespace
        and referenced_namespace.nspname != 'information_schema'
        and referenced_namespace.nspname not like 'pg\_%'

    order by
        dependent_schema, dependent_name, referenced_schema, referenced_name;
[0m08:25:45.973826 [debug] [MainThread]: Opening a new connection, currently in state init
[0m08:25:45.979866 [debug] [MainThread]: SQL status: SELECT 0 in 0.006 seconds
[0m08:25:45.980311 [debug] [MainThread]: Sending event: {'category': 'dbt', 'action': 'runnable_timing', 'label': 'a7ab1320-8b79-48f4-a1cf-99bc31541820', 'context': [<snowplow_tracker.self_describing_json.SelfDescribingJson object at 0x10a701ad0>]}
[0m08:25:45.980500 [debug] [MainThread]: On master: ROLLBACK
[0m08:25:45.980656 [debug] [MainThread]: On master: COMMIT
[0m08:25:45.980757 [debug] [MainThread]: Using postgres connection "master"
[0m08:25:45.980852 [debug] [MainThread]: On master: COMMIT
[0m08:25:45.981005 [debug] [MainThread]: SQL status: COMMIT in 0.000 seconds
[0m08:25:45.981109 [debug] [MainThread]: On master: Close
[0m08:25:45.982019 [debug] [Thread-1 (]: Began running node model.my_etl_project.stg_customers
[0m08:25:45.982167 [debug] [Thread-2 (]: Began running node model.my_etl_project.stg_orders
[0m08:25:45.982294 [debug] [Thread-3 (]: Began running node model.my_etl_project.stg_products
[0m08:25:45.982576 [info ] [Thread-1 (]: 1 of 6 START sql view model main.stg_customers ................................. [RUN]
[0m08:25:45.982797 [info ] [Thread-2 (]: 2 of 6 START sql view model main.stg_orders .................................... [RUN]
[0m08:25:45.982971 [info ] [Thread-3 (]: 3 of 6 START sql view model main.stg_products .................................. [RUN]
[0m08:25:45.983158 [debug] [Thread-1 (]: Re-using an available connection from the pool (formerly list_my_etl_db_main_raw_ingestion, now model.my_etl_project.stg_customers)
[0m08:25:45.983311 [debug] [Thread-2 (]: Re-using an available connection from the pool (formerly list_my_etl_db_main, now model.my_etl_project.stg_orders)
[0m08:25:45.983458 [debug] [Thread-3 (]: Re-using an available connection from the pool (formerly list_my_etl_db_main_analytics, now model.my_etl_project.stg_products)
[0m08:25:45.983590 [debug] [Thread-1 (]: Began compiling node model.my_etl_project.stg_customers
[0m08:25:45.983713 [debug] [Thread-2 (]: Began compiling node model.my_etl_project.stg_orders
[0m08:25:45.983831 [debug] [Thread-3 (]: Began compiling node model.my_etl_project.stg_products
[0m08:25:45.986803 [debug] [Thread-1 (]: Writing injected SQL for node "model.my_etl_project.stg_customers"
[0m08:25:45.988307 [debug] [Thread-2 (]: Writing injected SQL for node "model.my_etl_project.stg_orders"
[0m08:25:45.989479 [debug] [Thread-3 (]: Writing injected SQL for node "model.my_etl_project.stg_products"
[0m08:25:45.990079 [debug] [Thread-3 (]: Began executing node model.my_etl_project.stg_products
[0m08:25:45.990219 [debug] [Thread-2 (]: Began executing node model.my_etl_project.stg_orders
[0m08:25:45.990350 [debug] [Thread-1 (]: Began executing node model.my_etl_project.stg_customers
[0m08:25:46.002177 [debug] [Thread-3 (]: Writing runtime sql for node "model.my_etl_project.stg_products"
[0m08:25:46.004276 [debug] [Thread-2 (]: Writing runtime sql for node "model.my_etl_project.stg_orders"
[0m08:25:46.005381 [debug] [Thread-1 (]: Writing runtime sql for node "model.my_etl_project.stg_customers"
[0m08:25:46.005739 [debug] [Thread-3 (]: Using postgres connection "model.my_etl_project.stg_products"
[0m08:25:46.005904 [debug] [Thread-2 (]: Using postgres connection "model.my_etl_project.stg_orders"
[0m08:25:46.006053 [debug] [Thread-3 (]: On model.my_etl_project.stg_products: /* {"app": "dbt", "dbt_version": "1.11.7", "profile_name": "my_etl_project", "target_name": "dev", "node_id": "model.my_etl_project.stg_products"} */

  create view "my_etl_db"."main"."stg_products__dbt_tmp"
    
    
  as (
    -- models/staging/stg_products.sql
-- Materialization: view (inherited from dbt_project.yml staging config)
-- Purpose: Clean & standardize the product catalog

SELECT
    product_id,
    TRIM(product_name)                AS product_name,
    UPPER(TRIM(category))             AS category,
    CAST(price AS DECIMAL)            AS price_usd,
    UPPER(TRIM(currency))             AS currency

FROM "dev"."main_raw_ingestion"."raw_products"

WHERE product_id IS NOT NULL
  );
[0m08:25:46.006194 [debug] [Thread-1 (]: Using postgres connection "model.my_etl_project.stg_customers"
[0m08:25:46.006353 [debug] [Thread-2 (]: On model.my_etl_project.stg_orders: /* {"app": "dbt", "dbt_version": "1.11.7", "profile_name": "my_etl_project", "target_name": "dev", "node_id": "model.my_etl_project.stg_orders"} */

  create view "my_etl_db"."main"."stg_orders__dbt_tmp"
    
    
  as (
    -- models/staging/stg_orders.sql
-- Materialization: view (inherited from dbt_project.yml staging config)
-- Purpose: Clean & standardize raw orders from the source layer

SELECT
    order_id,
    customer_id,
    UPPER(TRIM(status))             AS status,        -- Normalize: 'complete' → 'COMPLETE'
    CAST(amount AS DECIMAL)         AS amount,        -- Ensure numeric type
    CAST(order_date AS DATE)        AS order_date,    -- Ensure date type
    country_code,
    CAST(updated_at AS TIMESTAMP)   AS updated_at

FROM "dev"."main_raw_ingestion"."raw_orders"   -- References src_raw.yml → raw_ingestion.raw_orders

WHERE order_id IS NOT NULL               -- Basic data quality filter
  );
[0m08:25:46.006522 [debug] [Thread-3 (]: Opening a new connection, currently in state closed
[0m08:25:46.006671 [debug] [Thread-1 (]: On model.my_etl_project.stg_customers: /* {"app": "dbt", "dbt_version": "1.11.7", "profile_name": "my_etl_project", "target_name": "dev", "node_id": "model.my_etl_project.stg_customers"} */

  create view "my_etl_db"."main"."stg_customers__dbt_tmp"
    
    
  as (
    -- models/staging/stg_customers.sql
-- Materialization: view (inherited from dbt_project.yml staging config)
-- Purpose: Clean & standardize raw customer records

SELECT
    customer_id,
    TRIM(customer_name)  AS customer_name,
    UPPER(TRIM(region))  AS region,         -- Normalize region values
    UPPER(TRIM(segment)) AS segment,        -- Normalize: 'gold' → 'GOLD'
    LOWER(TRIM(email))   AS email,          -- Standardize email to lowercase
    country_code

FROM "dev"."main_raw_ingestion"."raw_customers"

WHERE customer_id IS NOT NULL
  );
[0m08:25:46.006871 [debug] [Thread-2 (]: Opening a new connection, currently in state closed
[0m08:25:46.007059 [debug] [Thread-1 (]: Opening a new connection, currently in state closed
[0m08:25:46.010725 [debug] [Thread-1 (]: Postgres adapter: Postgres error: cross-database references are not implemented: "dev.main_raw_ingestion.raw_customers"
LINE 19: FROM "dev"."main_raw_ingestion"."raw_customers"
              ^

[0m08:25:46.010887 [debug] [Thread-3 (]: Postgres adapter: Postgres error: cross-database references are not implemented: "dev.main_raw_ingestion.raw_products"
LINE 18: FROM "dev"."main_raw_ingestion"."raw_products"
              ^

[0m08:25:46.011048 [debug] [Thread-1 (]: On model.my_etl_project.stg_customers: ROLLBACK
[0m08:25:46.011197 [debug] [Thread-3 (]: On model.my_etl_project.stg_products: ROLLBACK
[0m08:25:46.011420 [debug] [Thread-1 (]: On model.my_etl_project.stg_customers: Close
[0m08:25:46.011548 [debug] [Thread-2 (]: Postgres adapter: Postgres error: cross-database references are not implemented: "dev.main_raw_ingestion.raw_orders"
LINE 20: FROM "dev"."main_raw_ingestion"."raw_orders"   -- References...
              ^

[0m08:25:46.011696 [debug] [Thread-3 (]: On model.my_etl_project.stg_products: Close
[0m08:25:46.012235 [debug] [Thread-2 (]: On model.my_etl_project.stg_orders: ROLLBACK
[0m08:25:46.012867 [debug] [Thread-2 (]: On model.my_etl_project.stg_orders: Close
[0m08:25:46.017371 [debug] [Thread-1 (]: Database Error in model stg_customers (models/staging/stg_customers.sql)
  cross-database references are not implemented: "dev.main_raw_ingestion.raw_customers"
  LINE 19: FROM "dev"."main_raw_ingestion"."raw_customers"
                ^
  compiled code at target/run/my_etl_project/models/staging/stg_customers.sql
[0m08:25:46.018560 [debug] [Thread-2 (]: Database Error in model stg_orders (models/staging/stg_orders.sql)
  cross-database references are not implemented: "dev.main_raw_ingestion.raw_orders"
  LINE 20: FROM "dev"."main_raw_ingestion"."raw_orders"   -- References...
                ^
  compiled code at target/run/my_etl_project/models/staging/stg_orders.sql
[0m08:25:46.019155 [debug] [Thread-3 (]: Database Error in model stg_products (models/staging/stg_products.sql)
  cross-database references are not implemented: "dev.main_raw_ingestion.raw_products"
  LINE 18: FROM "dev"."main_raw_ingestion"."raw_products"
                ^
  compiled code at target/run/my_etl_project/models/staging/stg_products.sql
[0m08:25:46.019318 [debug] [Thread-1 (]: Sending event: {'category': 'dbt', 'action': 'run_model', 'label': 'a7ab1320-8b79-48f4-a1cf-99bc31541820', 'context': [<snowplow_tracker.self_describing_json.SelfDescribingJson object at 0x10a450290>]}
[0m08:25:46.019476 [debug] [Thread-3 (]: Sending event: {'category': 'dbt', 'action': 'run_model', 'label': 'a7ab1320-8b79-48f4-a1cf-99bc31541820', 'context': [<snowplow_tracker.self_describing_json.SelfDescribingJson object at 0x10ad6f210>]}
[0m08:25:46.019590 [debug] [Thread-2 (]: Sending event: {'category': 'dbt', 'action': 'run_model', 'label': 'a7ab1320-8b79-48f4-a1cf-99bc31541820', 'context': [<snowplow_tracker.self_describing_json.SelfDescribingJson object at 0x10a47fad0>]}
[0m08:25:46.019863 [error] [Thread-1 (]: 1 of 6 ERROR creating sql view model main.stg_customers ........................ [[31mERROR[0m in 0.03s]
[0m08:25:46.020103 [error] [Thread-3 (]: 3 of 6 ERROR creating sql view model main.stg_products ......................... [[31mERROR[0m in 0.04s]
[0m08:25:46.020329 [error] [Thread-2 (]: 2 of 6 ERROR creating sql view model main.stg_orders ........................... [[31mERROR[0m in 0.04s]
[0m08:25:46.020548 [debug] [Thread-1 (]: Finished running node model.my_etl_project.stg_customers
[0m08:25:46.020744 [debug] [Thread-3 (]: Finished running node model.my_etl_project.stg_products
[0m08:25:46.020927 [debug] [Thread-2 (]: Finished running node model.my_etl_project.stg_orders
[0m08:25:46.021126 [debug] [Thread-7 (]: Marking all children of 'model.my_etl_project.stg_customers' to be skipped because of status 'error'.  Reason: Database Error in model stg_customers (models/staging/stg_customers.sql)
  cross-database references are not implemented: "dev.main_raw_ingestion.raw_customers"
  LINE 19: FROM "dev"."main_raw_ingestion"."raw_customers"
                ^
  compiled code at target/run/my_etl_project/models/staging/stg_customers.sql.
[0m08:25:46.021582 [debug] [Thread-7 (]: Marking all children of 'model.my_etl_project.stg_products' to be skipped because of status 'error'.  Reason: Database Error in model stg_products (models/staging/stg_products.sql)
  cross-database references are not implemented: "dev.main_raw_ingestion.raw_products"
  LINE 18: FROM "dev"."main_raw_ingestion"."raw_products"
                ^
  compiled code at target/run/my_etl_project/models/staging/stg_products.sql.
[0m08:25:46.021765 [debug] [Thread-7 (]: Marking all children of 'model.my_etl_project.stg_orders' to be skipped because of status 'error'.  Reason: Database Error in model stg_orders (models/staging/stg_orders.sql)
  cross-database references are not implemented: "dev.main_raw_ingestion.raw_orders"
  LINE 20: FROM "dev"."main_raw_ingestion"."raw_orders"   -- References...
                ^
  compiled code at target/run/my_etl_project/models/staging/stg_orders.sql.
[0m08:25:46.022050 [debug] [Thread-4 (]: Began running node model.my_etl_project.fct_sales_incremental
[0m08:25:46.022182 [debug] [Thread-1 (]: Began running node model.my_etl_project.int_orders_cleaned
[0m08:25:46.022488 [debug] [Thread-1 (]: Finished running node model.my_etl_project.int_orders_cleaned
[0m08:25:46.022352 [info ] [Thread-4 (]: 4 of 6 SKIP relation main_analytics.fct_sales_incremental ...................... [[33mSKIP[0m]
[0m08:25:46.022713 [debug] [Thread-4 (]: Finished running node model.my_etl_project.fct_sales_incremental
[0m08:25:46.022828 [debug] [Thread-2 (]: Began running node model.my_etl_project.int_orders_customers
[0m08:25:46.023000 [info ] [Thread-2 (]: 5 of 6 SKIP relation main.int_orders_customers ................................. [[33mSKIP[0m]
[0m08:25:46.023139 [debug] [Thread-2 (]: Finished running node model.my_etl_project.int_orders_customers
[0m08:25:46.023355 [debug] [Thread-1 (]: Began running node model.my_etl_project.fct_sales
[0m08:25:46.023512 [info ] [Thread-1 (]: 6 of 6 SKIP relation main_analytics.fct_sales .................................. [[33mSKIP[0m]
[0m08:25:46.023662 [debug] [Thread-1 (]: Finished running node model.my_etl_project.fct_sales
[0m08:25:46.024179 [debug] [MainThread]: On master: COMMIT
[0m08:25:46.024307 [debug] [MainThread]: Using postgres connection "master"
[0m08:25:46.024432 [debug] [MainThread]: On master: COMMIT
[0m08:25:46.024535 [debug] [MainThread]: Opening a new connection, currently in state closed
[0m08:25:46.027538 [debug] [MainThread]: SQL status: COMMIT in 0.003 seconds
[0m08:25:46.027727 [debug] [MainThread]: On master: Close
[0m08:25:46.027883 [debug] [MainThread]: Connection 'master' was properly closed.
[0m08:25:46.027984 [debug] [MainThread]: Connection 'model.my_etl_project.stg_customers' was properly closed.
[0m08:25:46.028091 [debug] [MainThread]: Connection 'model.my_etl_project.stg_orders' was properly closed.
[0m08:25:46.028177 [debug] [MainThread]: Connection 'model.my_etl_project.stg_products' was properly closed.
[0m08:25:46.028378 [info ] [MainThread]: 
[0m08:25:46.028547 [info ] [MainThread]: Finished running 1 incremental model, 1 table model, 4 view models in 0 hours 0 minutes and 0.12 seconds (0.12s).
[0m08:25:46.028945 [debug] [MainThread]: Command end result
[0m08:25:46.040902 [debug] [MainThread]: Wrote artifact WritableManifest to /Users/aviraljain/Downloads/python advanced/my_etl_project/target/manifest.json
[0m08:25:46.041710 [debug] [MainThread]: Wrote artifact SemanticManifest to /Users/aviraljain/Downloads/python advanced/my_etl_project/target/semantic_manifest.json
[0m08:25:46.044033 [debug] [MainThread]: Wrote artifact RunExecutionResult to /Users/aviraljain/Downloads/python advanced/my_etl_project/target/run_results.json
[0m08:25:46.044154 [info ] [MainThread]: 
[0m08:25:46.044314 [info ] [MainThread]: [31mCompleted with 3 errors, 0 partial successes, and 0 warnings:[0m
[0m08:25:46.044460 [info ] [MainThread]: 
[0m08:25:46.044604 [error] [MainThread]: [31mFailure in model stg_customers (models/staging/stg_customers.sql)[0m
[0m08:25:46.044742 [error] [MainThread]:   Database Error in model stg_customers (models/staging/stg_customers.sql)
  cross-database references are not implemented: "dev.main_raw_ingestion.raw_customers"
  LINE 19: FROM "dev"."main_raw_ingestion"."raw_customers"
                ^
  compiled code at target/run/my_etl_project/models/staging/stg_customers.sql
[0m08:25:46.044845 [info ] [MainThread]: 
[0m08:25:46.044959 [info ] [MainThread]:   compiled code at target/compiled/my_etl_project/models/staging/stg_customers.sql
[0m08:25:46.045103 [info ] [MainThread]: 
[0m08:25:46.045318 [error] [MainThread]: [31mFailure in model stg_products (models/staging/stg_products.sql)[0m
[0m08:25:46.045485 [error] [MainThread]:   Database Error in model stg_products (models/staging/stg_products.sql)
  cross-database references are not implemented: "dev.main_raw_ingestion.raw_products"
  LINE 18: FROM "dev"."main_raw_ingestion"."raw_products"
                ^
  compiled code at target/run/my_etl_project/models/staging/stg_products.sql
[0m08:25:46.045596 [info ] [MainThread]: 
[0m08:25:46.045716 [info ] [MainThread]:   compiled code at target/compiled/my_etl_project/models/staging/stg_products.sql
[0m08:25:46.045818 [info ] [MainThread]: 
[0m08:25:46.046032 [error] [MainThread]: [31mFailure in model stg_orders (models/staging/stg_orders.sql)[0m
[0m08:25:46.046316 [error] [MainThread]:   Database Error in model stg_orders (models/staging/stg_orders.sql)
  cross-database references are not implemented: "dev.main_raw_ingestion.raw_orders"
  LINE 20: FROM "dev"."main_raw_ingestion"."raw_orders"   -- References...
                ^
  compiled code at target/run/my_etl_project/models/staging/stg_orders.sql
[0m08:25:46.046520 [info ] [MainThread]: 
[0m08:25:46.046643 [info ] [MainThread]:   compiled code at target/compiled/my_etl_project/models/staging/stg_orders.sql
[0m08:25:46.046746 [info ] [MainThread]: 
[0m08:25:46.046888 [info ] [MainThread]: Done. PASS=0 WARN=0 ERROR=3 SKIP=3 NO-OP=0 TOTAL=6
[0m08:25:46.048509 [debug] [MainThread]: Resource report: {"command_name": "run", "command_success": false, "command_wall_clock_time": 0.7858957, "process_in_blocks": "0", "process_kernel_time": 0.206337, "process_mem_max_rss": "142213120", "process_out_blocks": "0", "process_user_time": 0.989756}
[0m08:25:46.048691 [debug] [MainThread]: Command `dbt run` failed at 08:25:46.048658 after 0.79 seconds
[0m08:25:46.048841 [debug] [MainThread]: Sending event: {'category': 'dbt', 'action': 'invocation', 'label': 'end', 'context': [<snowplow_tracker.self_describing_json.SelfDescribingJson object at 0x10850e410>, <snowplow_tracker.self_describing_json.SelfDescribingJson object at 0x1053f7710>, <snowplow_tracker.self_describing_json.SelfDescribingJson object at 0x1096bbfd0>]}
[0m08:25:46.048982 [debug] [MainThread]: Flushing usage events
[0m08:25:47.140953 [debug] [MainThread]: An error was encountered while trying to flush usage events
[0m08:26:30.262702 [debug] [MainThread]: Sending event: {'category': 'dbt', 'action': 'invocation', 'label': 'start', 'context': [<snowplow_tracker.self_describing_json.SelfDescribingJson object at 0x10d97fd50>, <snowplow_tracker.self_describing_json.SelfDescribingJson object at 0x10d987490>, <snowplow_tracker.self_describing_json.SelfDescribingJson object at 0x10da0ac90>]}


============================== 08:26:30.264950 | 95c00123-fcdc-4ee2-8f49-7c962022ac76 ==============================
[0m08:26:30.264950 [info ] [MainThread]: Running with dbt=1.11.7
[0m08:26:30.265209 [debug] [MainThread]: running dbt with arguments {'partial_parse': 'True', 'version_check': 'True', 'use_experimental_parser': 'False', 'warn_error': 'None', 'static_parser': 'True', 'fail_fast': 'False', 'quiet': 'False', 'printer_width': '80', 'target_path': 'None', 'indirect_selection': 'eager', 'invocation_command': 'dbt run', 'cache_selected_only': 'False', 'empty': 'False', 'introspect': 'True', 'send_anonymous_usage_stats': 'True', 'debug': 'False', 'profiles_dir': '/Users/aviraljain/Downloads/python advanced/my_etl_project', 'warn_error_options': 'WarnErrorOptionsV2(error=[], warn=[], silence=[])', 'log_format': 'default', 'log_path': '/Users/aviraljain/Downloads/python advanced/my_etl_project/logs', 'use_colors': 'True', 'no_print': 'None', 'log_cache_events': 'False', 'write_json': 'True'}
[0m08:26:30.337676 [debug] [MainThread]: Sending event: {'category': 'dbt', 'action': 'project_id', 'label': '95c00123-fcdc-4ee2-8f49-7c962022ac76', 'context': [<snowplow_tracker.self_describing_json.SelfDescribingJson object at 0x10ccb7450>]}
[0m08:26:30.358024 [debug] [MainThread]: Sending event: {'category': 'dbt', 'action': 'adapter_info', 'label': '95c00123-fcdc-4ee2-8f49-7c962022ac76', 'context': [<snowplow_tracker.self_describing_json.SelfDescribingJson object at 0x10ac4db50>]}
[0m08:26:30.358723 [info ] [MainThread]: Registered adapter: postgres=1.10.0
[0m08:26:30.408050 [debug] [MainThread]: checksum: b80718358155fc17c3559352095564dd56ada1cc1a1c0ef2e62c857e71583775, vars: {}, profile: , target: , version: 1.11.7
[0m08:26:30.470311 [debug] [MainThread]: Partial parsing enabled: 0 files deleted, 0 files added, 1 files changed.
[0m08:26:30.470993 [debug] [MainThread]: Partial parsing: updated file: my_etl_project://models/staging/src_raw.yml
[0m08:26:30.625467 [warn ] [MainThread]: [[33mWARNING[0m][MissingArgumentsPropertyInGenericTestDeprecation]: Deprecated
functionality
Found top-level arguments to test `accepted_values` defined on 'stg_orders' in
package 'my_etl_project' (models/staging/schema.yml). Arguments to generic tests
should be nested under the `arguments` property.
[0m08:26:30.625802 [debug] [MainThread]: Sending event: {'category': 'dbt', 'action': 'deprecation', 'label': '95c00123-fcdc-4ee2-8f49-7c962022ac76', 'property_': 'warn', 'context': [<snowplow_tracker.self_describing_json.SelfDescribingJson object at 0x10ea7a450>]}
[0m08:26:30.711483 [debug] [MainThread]: Sending event: {'category': 'dbt', 'action': 'load_project', 'label': '95c00123-fcdc-4ee2-8f49-7c962022ac76', 'context': [<snowplow_tracker.self_describing_json.SelfDescribingJson object at 0x10eddb750>]}
[0m08:26:30.746029 [debug] [MainThread]: Wrote artifact WritableManifest to /Users/aviraljain/Downloads/python advanced/my_etl_project/target/manifest.json
[0m08:26:30.747209 [debug] [MainThread]: Wrote artifact SemanticManifest to /Users/aviraljain/Downloads/python advanced/my_etl_project/target/semantic_manifest.json
[0m08:26:30.758839 [debug] [MainThread]: Sending event: {'category': 'dbt', 'action': 'resource_counts', 'label': '95c00123-fcdc-4ee2-8f49-7c962022ac76', 'context': [<snowplow_tracker.self_describing_json.SelfDescribingJson object at 0x10ebd4250>]}
[0m08:26:30.759067 [info ] [MainThread]: Found 4 seeds, 7 models, 37 data tests, 3 sources, 466 macros
[0m08:26:30.759202 [debug] [MainThread]: Sending event: {'category': 'dbt', 'action': 'runnable_timing', 'label': '95c00123-fcdc-4ee2-8f49-7c962022ac76', 'context': [<snowplow_tracker.self_describing_json.SelfDescribingJson object at 0x10ed8b950>]}
[0m08:26:30.760202 [info ] [MainThread]: 
[0m08:26:30.760355 [info ] [MainThread]: Concurrency: 4 threads (target='dev')
[0m08:26:30.760459 [info ] [MainThread]: 
[0m08:26:30.760649 [debug] [MainThread]: Acquiring new postgres connection 'master'
[0m08:26:30.762262 [debug] [ThreadPool]: Acquiring new postgres connection 'list_my_etl_db'
[0m08:26:30.762440 [debug] [ThreadPool]: Acquiring new postgres connection 'list_my_etl_db'
[0m08:26:30.785921 [debug] [ThreadPool]: Using postgres connection "list_my_etl_db"
[0m08:26:30.786095 [debug] [ThreadPool]: Using postgres connection "list_my_etl_db"
[0m08:26:30.786259 [debug] [ThreadPool]: On list_my_etl_db: /* {"app": "dbt", "dbt_version": "1.11.7", "profile_name": "my_etl_project", "target_name": "dev", "connection_name": "list_my_etl_db"} */

    select distinct nspname from pg_namespace
  
[0m08:26:30.786387 [debug] [ThreadPool]: On list_my_etl_db: /* {"app": "dbt", "dbt_version": "1.11.7", "profile_name": "my_etl_project", "target_name": "dev", "connection_name": "list_my_etl_db"} */

    select distinct nspname from pg_namespace
  
[0m08:26:30.786512 [debug] [ThreadPool]: Opening a new connection, currently in state init
[0m08:26:30.786615 [debug] [ThreadPool]: Opening a new connection, currently in state init
[0m08:26:30.806995 [debug] [ThreadPool]: SQL status: SELECT 7 in 0.020 seconds
[0m08:26:30.807164 [debug] [ThreadPool]: SQL status: SELECT 7 in 0.021 seconds
[0m08:26:30.807618 [debug] [ThreadPool]: On list_my_etl_db: Close
[0m08:26:30.807959 [debug] [ThreadPool]: On list_my_etl_db: Close
[0m08:26:30.808695 [debug] [ThreadPool]: Re-using an available connection from the pool (formerly list_my_etl_db, now list_my_etl_db_main)
[0m08:26:30.808882 [debug] [ThreadPool]: Re-using an available connection from the pool (formerly list_my_etl_db, now list_my_etl_db_main_analytics)
[0m08:26:30.810926 [debug] [ThreadPool]: Using postgres connection "list_my_etl_db_main"
[0m08:26:30.811110 [debug] [ThreadPool]: Acquiring new postgres connection 'list_my_etl_db_main_raw_ingestion'
[0m08:26:30.811977 [debug] [ThreadPool]: Using postgres connection "list_my_etl_db_main_analytics"
[0m08:26:30.812089 [debug] [ThreadPool]: On list_my_etl_db_main: /* {"app": "dbt", "dbt_version": "1.11.7", "profile_name": "my_etl_project", "target_name": "dev", "connection_name": "list_my_etl_db_main"} */
select
      'my_etl_db' as database,
      tablename as name,
      schemaname as schema,
      'table' as type
    from pg_tables
    where schemaname ilike 'main'
    union all
    select
      'my_etl_db' as database,
      viewname as name,
      schemaname as schema,
      'view' as type
    from pg_views
    where schemaname ilike 'main'
    union all
    select
      'my_etl_db' as database,
      matviewname as name,
      schemaname as schema,
      'materialized_view' as type
    from pg_matviews
    where schemaname ilike 'main'
  
[0m08:26:30.812700 [debug] [ThreadPool]: Using postgres connection "list_my_etl_db_main_raw_ingestion"
[0m08:26:30.812804 [debug] [ThreadPool]: On list_my_etl_db_main_analytics: /* {"app": "dbt", "dbt_version": "1.11.7", "profile_name": "my_etl_project", "target_name": "dev", "connection_name": "list_my_etl_db_main_analytics"} */
select
      'my_etl_db' as database,
      tablename as name,
      schemaname as schema,
      'table' as type
    from pg_tables
    where schemaname ilike 'main_analytics'
    union all
    select
      'my_etl_db' as database,
      viewname as name,
      schemaname as schema,
      'view' as type
    from pg_views
    where schemaname ilike 'main_analytics'
    union all
    select
      'my_etl_db' as database,
      matviewname as name,
      schemaname as schema,
      'materialized_view' as type
    from pg_matviews
    where schemaname ilike 'main_analytics'
  
[0m08:26:30.812905 [debug] [ThreadPool]: Opening a new connection, currently in state closed
[0m08:26:30.813002 [debug] [ThreadPool]: On list_my_etl_db_main_raw_ingestion: /* {"app": "dbt", "dbt_version": "1.11.7", "profile_name": "my_etl_project", "target_name": "dev", "connection_name": "list_my_etl_db_main_raw_ingestion"} */
select
      'my_etl_db' as database,
      tablename as name,
      schemaname as schema,
      'table' as type
    from pg_tables
    where schemaname ilike 'main_raw_ingestion'
    union all
    select
      'my_etl_db' as database,
      viewname as name,
      schemaname as schema,
      'view' as type
    from pg_views
    where schemaname ilike 'main_raw_ingestion'
    union all
    select
      'my_etl_db' as database,
      matviewname as name,
      schemaname as schema,
      'materialized_view' as type
    from pg_matviews
    where schemaname ilike 'main_raw_ingestion'
  
[0m08:26:30.813096 [debug] [ThreadPool]: Opening a new connection, currently in state closed
[0m08:26:30.813250 [debug] [ThreadPool]: Opening a new connection, currently in state init
[0m08:26:30.825159 [debug] [ThreadPool]: SQL status: SELECT 0 in 0.012 seconds
[0m08:26:30.825326 [debug] [ThreadPool]: SQL status: SELECT 0 in 0.012 seconds
[0m08:26:30.825438 [debug] [ThreadPool]: SQL status: SELECT 4 in 0.012 seconds
[0m08:26:30.825847 [debug] [ThreadPool]: On list_my_etl_db_main: ROLLBACK
[0m08:26:30.826160 [debug] [ThreadPool]: On list_my_etl_db_main_analytics: ROLLBACK
[0m08:26:30.826500 [debug] [ThreadPool]: On list_my_etl_db_main_raw_ingestion: ROLLBACK
[0m08:26:30.826747 [debug] [ThreadPool]: On list_my_etl_db_main_analytics: Close
[0m08:26:30.826856 [debug] [ThreadPool]: On list_my_etl_db_main_raw_ingestion: Close
[0m08:26:30.826952 [debug] [ThreadPool]: On list_my_etl_db_main: Close
[0m08:26:30.828969 [debug] [MainThread]: Using postgres connection "master"
[0m08:26:30.829116 [debug] [MainThread]: On master: /* {"app": "dbt", "dbt_version": "1.11.7", "profile_name": "my_etl_project", "target_name": "dev", "connection_name": "master"} */
select distinct
        dependent_namespace.nspname as dependent_schema,
        dependent_class.relname as dependent_name,
        referenced_namespace.nspname as referenced_schema,
        referenced_class.relname as referenced_name

    -- Query for views: views are entries in pg_class with an entry in pg_rewrite, but we avoid
    -- a seq scan on pg_rewrite by leveraging the fact there is an "internal" row in pg_depend for
    -- the view...
    from pg_class as dependent_class
    join pg_namespace as dependent_namespace on dependent_namespace.oid = dependent_class.relnamespace
    join pg_depend as dependent_depend on dependent_depend.refobjid = dependent_class.oid
        and dependent_depend.classid = 'pg_rewrite'::regclass
        and dependent_depend.refclassid = 'pg_class'::regclass
        and dependent_depend.deptype = 'i'

    -- ... and via pg_depend (that has a row per column, hence the need for "distinct" above, and
    -- making sure to exclude the internal row to avoid a view appearing to depend on itself)...
    join pg_depend as joining_depend on joining_depend.objid = dependent_depend.objid
        and joining_depend.classid = 'pg_rewrite'::regclass
        and joining_depend.refclassid = 'pg_class'::regclass
        and joining_depend.refobjid != dependent_depend.refobjid

    -- ... we can find the tables they query from in pg_class, but excluding system tables. Note we
    -- don't need need to exclude _dependent_ system tables, because they only query from other
    -- system tables, and so are automatically excluded by excluding _referenced_ system tables
    join pg_class as referenced_class on referenced_class.oid = joining_depend.refobjid
    join pg_namespace as referenced_namespace on referenced_namespace.oid = referenced_class.relnamespace
        and referenced_namespace.nspname != 'information_schema'
        and referenced_namespace.nspname not like 'pg\_%'

    order by
        dependent_schema, dependent_name, referenced_schema, referenced_name;
[0m08:26:30.829240 [debug] [MainThread]: Opening a new connection, currently in state init
[0m08:26:30.840874 [debug] [MainThread]: SQL status: SELECT 0 in 0.012 seconds
[0m08:26:30.841287 [debug] [MainThread]: Sending event: {'category': 'dbt', 'action': 'runnable_timing', 'label': '95c00123-fcdc-4ee2-8f49-7c962022ac76', 'context': [<snowplow_tracker.self_describing_json.SelfDescribingJson object at 0x10e13b950>]}
[0m08:26:30.841469 [debug] [MainThread]: On master: ROLLBACK
[0m08:26:30.841693 [debug] [MainThread]: On master: COMMIT
[0m08:26:30.841805 [debug] [MainThread]: Using postgres connection "master"
[0m08:26:30.841895 [debug] [MainThread]: On master: COMMIT
[0m08:26:30.842137 [debug] [MainThread]: SQL status: COMMIT in 0.000 seconds
[0m08:26:30.842239 [debug] [MainThread]: On master: Close
[0m08:26:30.843364 [debug] [Thread-1 (]: Began running node model.my_etl_project.stg_customers
[0m08:26:30.843503 [debug] [Thread-2 (]: Began running node model.my_etl_project.stg_orders
[0m08:26:30.843623 [debug] [Thread-3 (]: Began running node model.my_etl_project.stg_products
[0m08:26:30.843800 [info ] [Thread-1 (]: 1 of 6 START sql view model main.stg_customers ................................. [RUN]
[0m08:26:30.843982 [info ] [Thread-2 (]: 2 of 6 START sql view model main.stg_orders .................................... [RUN]
[0m08:26:30.844223 [info ] [Thread-3 (]: 3 of 6 START sql view model main.stg_products .................................. [RUN]
[0m08:26:30.844385 [debug] [Thread-1 (]: Re-using an available connection from the pool (formerly list_my_etl_db_main, now model.my_etl_project.stg_customers)
[0m08:26:30.844527 [debug] [Thread-2 (]: Re-using an available connection from the pool (formerly list_my_etl_db_main_analytics, now model.my_etl_project.stg_orders)
[0m08:26:30.844661 [debug] [Thread-3 (]: Re-using an available connection from the pool (formerly list_my_etl_db_main_raw_ingestion, now model.my_etl_project.stg_products)
[0m08:26:30.844781 [debug] [Thread-1 (]: Began compiling node model.my_etl_project.stg_customers
[0m08:26:30.844898 [debug] [Thread-2 (]: Began compiling node model.my_etl_project.stg_orders
[0m08:26:30.845011 [debug] [Thread-3 (]: Began compiling node model.my_etl_project.stg_products
[0m08:26:30.847748 [debug] [Thread-1 (]: Writing injected SQL for node "model.my_etl_project.stg_customers"
[0m08:26:30.848733 [debug] [Thread-2 (]: Writing injected SQL for node "model.my_etl_project.stg_orders"
[0m08:26:30.849560 [debug] [Thread-3 (]: Writing injected SQL for node "model.my_etl_project.stg_products"
[0m08:26:30.849836 [debug] [Thread-1 (]: Began executing node model.my_etl_project.stg_customers
[0m08:26:30.849953 [debug] [Thread-2 (]: Began executing node model.my_etl_project.stg_orders
[0m08:26:30.850150 [debug] [Thread-3 (]: Began executing node model.my_etl_project.stg_products
[0m08:26:30.861579 [debug] [Thread-1 (]: Writing runtime sql for node "model.my_etl_project.stg_customers"
[0m08:26:30.862924 [debug] [Thread-2 (]: Writing runtime sql for node "model.my_etl_project.stg_orders"
[0m08:26:30.864581 [debug] [Thread-3 (]: Writing runtime sql for node "model.my_etl_project.stg_products"
[0m08:26:30.864969 [debug] [Thread-2 (]: Using postgres connection "model.my_etl_project.stg_orders"
[0m08:26:30.865115 [debug] [Thread-1 (]: Using postgres connection "model.my_etl_project.stg_customers"
[0m08:26:30.865243 [debug] [Thread-3 (]: Using postgres connection "model.my_etl_project.stg_products"
[0m08:26:30.865373 [debug] [Thread-2 (]: On model.my_etl_project.stg_orders: /* {"app": "dbt", "dbt_version": "1.11.7", "profile_name": "my_etl_project", "target_name": "dev", "node_id": "model.my_etl_project.stg_orders"} */

  create view "my_etl_db"."main"."stg_orders__dbt_tmp"
    
    
  as (
    -- models/staging/stg_orders.sql
-- Materialization: view (inherited from dbt_project.yml staging config)
-- Purpose: Clean & standardize raw orders from the source layer

SELECT
    order_id,
    customer_id,
    UPPER(TRIM(status))             AS status,        -- Normalize: 'complete' → 'COMPLETE'
    CAST(amount AS DECIMAL)         AS amount,        -- Ensure numeric type
    CAST(order_date AS DATE)        AS order_date,    -- Ensure date type
    country_code,
    CAST(updated_at AS TIMESTAMP)   AS updated_at

FROM "my_etl_db"."main_raw_ingestion"."raw_orders"   -- References src_raw.yml → raw_ingestion.raw_orders

WHERE order_id IS NOT NULL               -- Basic data quality filter
  );
[0m08:26:30.865524 [debug] [Thread-1 (]: On model.my_etl_project.stg_customers: /* {"app": "dbt", "dbt_version": "1.11.7", "profile_name": "my_etl_project", "target_name": "dev", "node_id": "model.my_etl_project.stg_customers"} */

  create view "my_etl_db"."main"."stg_customers__dbt_tmp"
    
    
  as (
    -- models/staging/stg_customers.sql
-- Materialization: view (inherited from dbt_project.yml staging config)
-- Purpose: Clean & standardize raw customer records

SELECT
    customer_id,
    TRIM(customer_name)  AS customer_name,
    UPPER(TRIM(region))  AS region,         -- Normalize region values
    UPPER(TRIM(segment)) AS segment,        -- Normalize: 'gold' → 'GOLD'
    LOWER(TRIM(email))   AS email,          -- Standardize email to lowercase
    country_code

FROM "my_etl_db"."main_raw_ingestion"."raw_customers"

WHERE customer_id IS NOT NULL
  );
[0m08:26:30.865655 [debug] [Thread-3 (]: On model.my_etl_project.stg_products: /* {"app": "dbt", "dbt_version": "1.11.7", "profile_name": "my_etl_project", "target_name": "dev", "node_id": "model.my_etl_project.stg_products"} */

  create view "my_etl_db"."main"."stg_products__dbt_tmp"
    
    
  as (
    -- models/staging/stg_products.sql
-- Materialization: view (inherited from dbt_project.yml staging config)
-- Purpose: Clean & standardize the product catalog

SELECT
    product_id,
    TRIM(product_name)                AS product_name,
    UPPER(TRIM(category))             AS category,
    CAST(price AS DECIMAL)            AS price_usd,
    UPPER(TRIM(currency))             AS currency

FROM "my_etl_db"."main_raw_ingestion"."raw_products"

WHERE product_id IS NOT NULL
  );
[0m08:26:30.865772 [debug] [Thread-2 (]: Opening a new connection, currently in state closed
[0m08:26:30.865872 [debug] [Thread-1 (]: Opening a new connection, currently in state closed
[0m08:26:30.865968 [debug] [Thread-3 (]: Opening a new connection, currently in state closed
[0m08:26:30.873473 [debug] [Thread-3 (]: SQL status: CREATE VIEW in 0.007 seconds
[0m08:26:30.873649 [debug] [Thread-2 (]: SQL status: CREATE VIEW in 0.008 seconds
[0m08:26:30.873792 [debug] [Thread-1 (]: SQL status: CREATE VIEW in 0.008 seconds
[0m08:26:30.876026 [debug] [Thread-3 (]: Using postgres connection "model.my_etl_project.stg_products"
[0m08:26:30.876957 [debug] [Thread-2 (]: Using postgres connection "model.my_etl_project.stg_orders"
[0m08:26:30.877868 [debug] [Thread-1 (]: Using postgres connection "model.my_etl_project.stg_customers"
[0m08:26:30.877989 [debug] [Thread-3 (]: On model.my_etl_project.stg_products: /* {"app": "dbt", "dbt_version": "1.11.7", "profile_name": "my_etl_project", "target_name": "dev", "node_id": "model.my_etl_project.stg_products"} */
alter table "my_etl_db"."main"."stg_products__dbt_tmp" rename to "stg_products"
[0m08:26:30.878096 [debug] [Thread-2 (]: On model.my_etl_project.stg_orders: /* {"app": "dbt", "dbt_version": "1.11.7", "profile_name": "my_etl_project", "target_name": "dev", "node_id": "model.my_etl_project.stg_orders"} */
alter table "my_etl_db"."main"."stg_orders__dbt_tmp" rename to "stg_orders"
[0m08:26:30.878203 [debug] [Thread-1 (]: On model.my_etl_project.stg_customers: /* {"app": "dbt", "dbt_version": "1.11.7", "profile_name": "my_etl_project", "target_name": "dev", "node_id": "model.my_etl_project.stg_customers"} */
alter table "my_etl_db"."main"."stg_customers__dbt_tmp" rename to "stg_customers"
[0m08:26:30.878812 [debug] [Thread-2 (]: SQL status: ALTER TABLE in 0.000 seconds
[0m08:26:30.878948 [debug] [Thread-3 (]: SQL status: ALTER TABLE in 0.001 seconds
[0m08:26:30.879084 [debug] [Thread-1 (]: SQL status: ALTER TABLE in 0.001 seconds
[0m08:26:30.883579 [debug] [Thread-2 (]: On model.my_etl_project.stg_orders: COMMIT
[0m08:26:30.883950 [debug] [Thread-3 (]: On model.my_etl_project.stg_products: COMMIT
[0m08:26:30.884349 [debug] [Thread-1 (]: On model.my_etl_project.stg_customers: COMMIT
[0m08:26:30.884484 [debug] [Thread-2 (]: Using postgres connection "model.my_etl_project.stg_orders"
[0m08:26:30.884597 [debug] [Thread-3 (]: Using postgres connection "model.my_etl_project.stg_products"
[0m08:26:30.884754 [debug] [Thread-1 (]: Using postgres connection "model.my_etl_project.stg_customers"
[0m08:26:30.884879 [debug] [Thread-2 (]: On model.my_etl_project.stg_orders: COMMIT
[0m08:26:30.884996 [debug] [Thread-3 (]: On model.my_etl_project.stg_products: COMMIT
[0m08:26:30.885106 [debug] [Thread-1 (]: On model.my_etl_project.stg_customers: COMMIT
[0m08:26:30.885738 [debug] [Thread-2 (]: SQL status: COMMIT in 0.001 seconds
[0m08:26:30.887729 [debug] [Thread-2 (]: Applying DROP to: "my_etl_db"."main"."stg_orders__dbt_backup"
[0m08:26:30.887862 [debug] [Thread-1 (]: SQL status: COMMIT in 0.003 seconds
[0m08:26:30.887983 [debug] [Thread-3 (]: SQL status: COMMIT in 0.003 seconds
[0m08:26:30.889441 [debug] [Thread-2 (]: Using postgres connection "model.my_etl_project.stg_orders"
[0m08:26:30.890172 [debug] [Thread-1 (]: Applying DROP to: "my_etl_db"."main"."stg_customers__dbt_backup"
[0m08:26:30.890925 [debug] [Thread-3 (]: Applying DROP to: "my_etl_db"."main"."stg_products__dbt_backup"
[0m08:26:30.891061 [debug] [Thread-2 (]: On model.my_etl_project.stg_orders: /* {"app": "dbt", "dbt_version": "1.11.7", "profile_name": "my_etl_project", "target_name": "dev", "node_id": "model.my_etl_project.stg_orders"} */
drop view if exists "my_etl_db"."main"."stg_orders__dbt_backup" cascade
[0m08:26:30.891234 [debug] [Thread-1 (]: Using postgres connection "model.my_etl_project.stg_customers"
[0m08:26:30.891394 [debug] [Thread-3 (]: Using postgres connection "model.my_etl_project.stg_products"
[0m08:26:30.891529 [debug] [Thread-1 (]: On model.my_etl_project.stg_customers: /* {"app": "dbt", "dbt_version": "1.11.7", "profile_name": "my_etl_project", "target_name": "dev", "node_id": "model.my_etl_project.stg_customers"} */
drop view if exists "my_etl_db"."main"."stg_customers__dbt_backup" cascade
[0m08:26:30.891670 [debug] [Thread-3 (]: On model.my_etl_project.stg_products: /* {"app": "dbt", "dbt_version": "1.11.7", "profile_name": "my_etl_project", "target_name": "dev", "node_id": "model.my_etl_project.stg_products"} */
drop view if exists "my_etl_db"."main"."stg_products__dbt_backup" cascade
[0m08:26:30.891811 [debug] [Thread-2 (]: SQL status: DROP VIEW in 0.000 seconds
[0m08:26:30.892669 [debug] [Thread-2 (]: On model.my_etl_project.stg_orders: Close
[0m08:26:30.892797 [debug] [Thread-1 (]: SQL status: DROP VIEW in 0.001 seconds
[0m08:26:30.892906 [debug] [Thread-3 (]: SQL status: DROP VIEW in 0.001 seconds
[0m08:26:30.893522 [debug] [Thread-1 (]: On model.my_etl_project.stg_customers: Close
[0m08:26:30.894118 [debug] [Thread-3 (]: On model.my_etl_project.stg_products: Close
[0m08:26:30.894428 [debug] [Thread-2 (]: Sending event: {'category': 'dbt', 'action': 'run_model', 'label': '95c00123-fcdc-4ee2-8f49-7c962022ac76', 'context': [<snowplow_tracker.self_describing_json.SelfDescribingJson object at 0x10eda6f90>]}
[0m08:26:30.894731 [debug] [Thread-1 (]: Sending event: {'category': 'dbt', 'action': 'run_model', 'label': '95c00123-fcdc-4ee2-8f49-7c962022ac76', 'context': [<snowplow_tracker.self_describing_json.SelfDescribingJson object at 0x10f43f9d0>]}
[0m08:26:30.894635 [info ] [Thread-2 (]: 2 of 6 OK created sql view model main.stg_orders ............................... [[32mCREATE VIEW[0m in 0.05s]
[0m08:26:30.894901 [debug] [Thread-3 (]: Sending event: {'category': 'dbt', 'action': 'run_model', 'label': '95c00123-fcdc-4ee2-8f49-7c962022ac76', 'context': [<snowplow_tracker.self_describing_json.SelfDescribingJson object at 0x10f343290>]}
[0m08:26:30.895100 [info ] [Thread-1 (]: 1 of 6 OK created sql view model main.stg_customers ............................ [[32mCREATE VIEW[0m in 0.05s]
[0m08:26:30.895300 [debug] [Thread-2 (]: Finished running node model.my_etl_project.stg_orders
[0m08:26:30.895472 [info ] [Thread-3 (]: 3 of 6 OK created sql view model main.stg_products ............................. [[32mCREATE VIEW[0m in 0.05s]
[0m08:26:30.895648 [debug] [Thread-1 (]: Finished running node model.my_etl_project.stg_customers
[0m08:26:30.895931 [debug] [Thread-3 (]: Finished running node model.my_etl_project.stg_products
[0m08:26:30.896055 [debug] [Thread-4 (]: Began running node model.my_etl_project.fct_sales_incremental
[0m08:26:30.896176 [debug] [Thread-2 (]: Began running node model.my_etl_project.int_orders_cleaned
[0m08:26:30.896407 [info ] [Thread-4 (]: 4 of 6 START sql incremental model main_analytics.fct_sales_incremental ........ [RUN]
[0m08:26:30.896567 [debug] [Thread-2 (]: Re-using an available connection from the pool (formerly model.my_etl_project.stg_orders, now model.my_etl_project.int_orders_cleaned)
[0m08:26:30.896713 [debug] [Thread-4 (]: Acquiring new postgres connection 'model.my_etl_project.fct_sales_incremental'
[0m08:26:30.896822 [debug] [Thread-2 (]: Began compiling node model.my_etl_project.int_orders_cleaned
[0m08:26:30.896927 [debug] [Thread-4 (]: Began compiling node model.my_etl_project.fct_sales_incremental
[0m08:26:30.897911 [debug] [Thread-2 (]: Writing injected SQL for node "model.my_etl_project.int_orders_cleaned"
[0m08:26:30.899164 [debug] [Thread-4 (]: Writing injected SQL for node "model.my_etl_project.fct_sales_incremental"
[0m08:26:30.899489 [debug] [Thread-2 (]: Finished running node model.my_etl_project.int_orders_cleaned
[0m08:26:30.899606 [debug] [Thread-4 (]: Began executing node model.my_etl_project.fct_sales_incremental
[0m08:26:30.906574 [debug] [Thread-1 (]: Began running node model.my_etl_project.int_orders_customers
[0m08:26:30.914516 [debug] [Thread-4 (]: Writing runtime sql for node "model.my_etl_project.fct_sales_incremental"
[0m08:26:30.914751 [info ] [Thread-1 (]: 5 of 6 START sql view model main.int_orders_customers .......................... [RUN]
[0m08:26:30.915019 [debug] [Thread-1 (]: Re-using an available connection from the pool (formerly model.my_etl_project.stg_customers, now model.my_etl_project.int_orders_customers)
[0m08:26:30.915152 [debug] [Thread-1 (]: Began compiling node model.my_etl_project.int_orders_customers
[0m08:26:30.917383 [debug] [Thread-1 (]: Writing injected SQL for node "model.my_etl_project.int_orders_customers"
[0m08:26:30.917533 [debug] [Thread-4 (]: Using postgres connection "model.my_etl_project.fct_sales_incremental"
[0m08:26:30.917682 [debug] [Thread-4 (]: On model.my_etl_project.fct_sales_incremental: /* {"app": "dbt", "dbt_version": "1.11.7", "profile_name": "my_etl_project", "target_name": "dev", "node_id": "model.my_etl_project.fct_sales_incremental"} */

      
  
    

  create  table "my_etl_db"."main_analytics"."fct_sales_incremental"
  
  
    as
  
  (
    

SELECT
    order_id,
    customer_id,
    amount,
    status,
    order_date,
    country_code,
    updated_at,
    CURRENT_TIMESTAMP AS dbt_loaded_at

FROM "my_etl_db"."main"."stg_orders"


  );
  
  
[0m08:26:30.917810 [debug] [Thread-4 (]: Opening a new connection, currently in state init
[0m08:26:30.917973 [debug] [Thread-1 (]: Began executing node model.my_etl_project.int_orders_customers
[0m08:26:30.919372 [debug] [Thread-1 (]: Writing runtime sql for node "model.my_etl_project.int_orders_customers"
[0m08:26:30.919619 [debug] [Thread-1 (]: Using postgres connection "model.my_etl_project.int_orders_customers"
[0m08:26:30.919763 [debug] [Thread-1 (]: On model.my_etl_project.int_orders_customers: /* {"app": "dbt", "dbt_version": "1.11.7", "profile_name": "my_etl_project", "target_name": "dev", "node_id": "model.my_etl_project.int_orders_customers"} */

  create view "my_etl_db"."main"."int_orders_customers__dbt_tmp"
    
    
  as (
    with __dbt__cte__int_orders_cleaned as (
-- models/intermediate/int_orders_cleaned.sql
-- Materialization: EPHEMERAL — becomes a CTE inside models that ref() this.
-- No table or view is created in the warehouse.
-- Purpose: Handle null/negative amounts and remove junk rows.



SELECT
    order_id,
    customer_id,
    CASE
        WHEN amount < 0     THEN 0      -- Negative amounts → treat as 0
        WHEN amount IS NULL THEN 0      -- Null amounts → treat as 0
        ELSE amount
    END                 AS amount_safe,
    status,
    order_date,
    country_code,
    updated_at

FROM "my_etl_db"."main"."stg_orders"

WHERE order_id IS NOT NULL
) -- models/intermediate/int_orders_customers.sql
-- Materialization: view (inherited from dbt_project.yml intermediate config)
-- Purpose: Enrich orders with customer dimension data.
-- dbt knows to run stg_orders and stg_customers BEFORE this model (via ref()).

SELECT
    o.order_id,
    o.amount_safe                   AS amount,
    o.status,
    o.order_date,
    o.country_code,
    o.updated_at,
    c.customer_id,
    c.customer_name,
    c.region,
    c.segment

FROM __dbt__cte__int_orders_cleaned  AS o   -- Ephemeral: inlines as CTE
JOIN "my_etl_db"."main"."stg_customers"       AS c
    ON o.customer_id = c.customer_id
  );
[0m08:26:30.919900 [debug] [Thread-1 (]: Opening a new connection, currently in state closed
[0m08:26:30.925827 [debug] [Thread-4 (]: SQL status: SELECT 12 in 0.008 seconds
[0m08:26:30.927632 [debug] [Thread-4 (]: On model.my_etl_project.fct_sales_incremental: COMMIT
[0m08:26:30.927800 [debug] [Thread-1 (]: SQL status: CREATE VIEW in 0.008 seconds
[0m08:26:30.927979 [debug] [Thread-4 (]: Using postgres connection "model.my_etl_project.fct_sales_incremental"
[0m08:26:30.929091 [debug] [Thread-1 (]: Using postgres connection "model.my_etl_project.int_orders_customers"
[0m08:26:30.929225 [debug] [Thread-4 (]: On model.my_etl_project.fct_sales_incremental: COMMIT
[0m08:26:30.929348 [debug] [Thread-1 (]: On model.my_etl_project.int_orders_customers: /* {"app": "dbt", "dbt_version": "1.11.7", "profile_name": "my_etl_project", "target_name": "dev", "node_id": "model.my_etl_project.int_orders_customers"} */
alter table "my_etl_db"."main"."int_orders_customers__dbt_tmp" rename to "int_orders_customers"
[0m08:26:30.929998 [debug] [Thread-1 (]: SQL status: ALTER TABLE in 0.001 seconds
[0m08:26:30.930110 [debug] [Thread-4 (]: SQL status: COMMIT in 0.001 seconds
[0m08:26:30.930459 [debug] [Thread-1 (]: On model.my_etl_project.int_orders_customers: COMMIT
[0m08:26:30.930717 [debug] [Thread-4 (]: On model.my_etl_project.fct_sales_incremental: Close
[0m08:26:30.930862 [debug] [Thread-1 (]: Using postgres connection "model.my_etl_project.int_orders_customers"
[0m08:26:30.931096 [debug] [Thread-4 (]: Sending event: {'category': 'dbt', 'action': 'run_model', 'label': '95c00123-fcdc-4ee2-8f49-7c962022ac76', 'context': [<snowplow_tracker.self_describing_json.SelfDescribingJson object at 0x10cb50950>]}
[0m08:26:30.931203 [debug] [Thread-1 (]: On model.my_etl_project.int_orders_customers: COMMIT
[0m08:26:30.931414 [info ] [Thread-4 (]: 4 of 6 OK created sql incremental model main_analytics.fct_sales_incremental ... [[32mSELECT 12[0m in 0.03s]
[0m08:26:30.931625 [debug] [Thread-4 (]: Finished running node model.my_etl_project.fct_sales_incremental
[0m08:26:30.931861 [debug] [Thread-1 (]: SQL status: COMMIT in 0.000 seconds
[0m08:26:30.932636 [debug] [Thread-1 (]: Applying DROP to: "my_etl_db"."main"."int_orders_customers__dbt_backup"
[0m08:26:30.932800 [debug] [Thread-1 (]: Using postgres connection "model.my_etl_project.int_orders_customers"
[0m08:26:30.932907 [debug] [Thread-1 (]: On model.my_etl_project.int_orders_customers: /* {"app": "dbt", "dbt_version": "1.11.7", "profile_name": "my_etl_project", "target_name": "dev", "node_id": "model.my_etl_project.int_orders_customers"} */
drop view if exists "my_etl_db"."main"."int_orders_customers__dbt_backup" cascade
[0m08:26:30.933288 [debug] [Thread-1 (]: SQL status: DROP VIEW in 0.000 seconds
[0m08:26:30.933680 [debug] [Thread-1 (]: On model.my_etl_project.int_orders_customers: Close
[0m08:26:30.933840 [debug] [Thread-1 (]: Sending event: {'category': 'dbt', 'action': 'run_model', 'label': '95c00123-fcdc-4ee2-8f49-7c962022ac76', 'context': [<snowplow_tracker.self_describing_json.SelfDescribingJson object at 0x10f50df90>]}
[0m08:26:30.934025 [info ] [Thread-1 (]: 5 of 6 OK created sql view model main.int_orders_customers ..................... [[32mCREATE VIEW[0m in 0.02s]
[0m08:26:30.934200 [debug] [Thread-1 (]: Finished running node model.my_etl_project.int_orders_customers
[0m08:26:30.934498 [debug] [Thread-2 (]: Began running node model.my_etl_project.fct_sales
[0m08:26:30.934657 [info ] [Thread-2 (]: 6 of 6 START sql table model main_analytics.fct_sales .......................... [RUN]
[0m08:26:30.934806 [debug] [Thread-2 (]: Re-using an available connection from the pool (formerly model.my_etl_project.int_orders_cleaned, now model.my_etl_project.fct_sales)
[0m08:26:30.934914 [debug] [Thread-2 (]: Began compiling node model.my_etl_project.fct_sales
[0m08:26:30.936241 [debug] [Thread-2 (]: Writing injected SQL for node "model.my_etl_project.fct_sales"
[0m08:26:30.936545 [debug] [Thread-2 (]: Began executing node model.my_etl_project.fct_sales
[0m08:26:30.940930 [debug] [Thread-2 (]: Writing runtime sql for node "model.my_etl_project.fct_sales"
[0m08:26:30.941283 [debug] [Thread-2 (]: Using postgres connection "model.my_etl_project.fct_sales"
[0m08:26:30.941473 [debug] [Thread-2 (]: On model.my_etl_project.fct_sales: /* {"app": "dbt", "dbt_version": "1.11.7", "profile_name": "my_etl_project", "target_name": "dev", "node_id": "model.my_etl_project.fct_sales"} */

  
    

  create  table "my_etl_db"."main_analytics"."fct_sales__dbt_tmp"
  
  
    as
  
  (
    -- models/marts/fct_sales.sql
-- Materialization: TABLE in the 'analytics' schema (from dbt_project.yml)
-- Purpose: Final sales fact table for BI tools and dashboards.
-- Tagged 'daily' and 'sales' for selective scheduling.



SELECT
    o.order_id,
    o.customer_id,
    o.customer_name,
    o.region,
    o.segment,
    o.status,
    o.amount,
    
    (o.amount / 100.0)
   AS amount_dollars, -- macro usage
    o.order_date,
    o.country_code,
    cc.country_name,
    cc.region                            AS country_region,
    o.updated_at,
    CURRENT_TIMESTAMP                    AS dbt_loaded_at   -- audit column

FROM "my_etl_db"."main"."int_orders_customers"   AS o

LEFT JOIN "my_etl_db"."main_raw_ingestion"."country_codes"     AS cc
    ON o.country_code = cc.country_code

WHERE o.status = 'COMPLETE'    -- Fact table: only completed orders
  );
  
[0m08:26:30.941625 [debug] [Thread-2 (]: Opening a new connection, currently in state closed
[0m08:26:30.952729 [debug] [Thread-2 (]: SQL status: SELECT 7 in 0.011 seconds
[0m08:26:30.953817 [debug] [Thread-2 (]: Using postgres connection "model.my_etl_project.fct_sales"
[0m08:26:30.953932 [debug] [Thread-2 (]: On model.my_etl_project.fct_sales: /* {"app": "dbt", "dbt_version": "1.11.7", "profile_name": "my_etl_project", "target_name": "dev", "node_id": "model.my_etl_project.fct_sales"} */
alter table "my_etl_db"."main_analytics"."fct_sales__dbt_tmp" rename to "fct_sales"
[0m08:26:30.954974 [debug] [Thread-2 (]: SQL status: ALTER TABLE in 0.001 seconds
[0m08:26:30.955324 [debug] [Thread-2 (]: On model.my_etl_project.fct_sales: COMMIT
[0m08:26:30.955439 [debug] [Thread-2 (]: Using postgres connection "model.my_etl_project.fct_sales"
[0m08:26:30.955536 [debug] [Thread-2 (]: On model.my_etl_project.fct_sales: COMMIT
[0m08:26:30.955955 [debug] [Thread-2 (]: SQL status: COMMIT in 0.000 seconds
[0m08:26:30.956656 [debug] [Thread-2 (]: Applying DROP to: "my_etl_db"."main_analytics"."fct_sales__dbt_backup"
[0m08:26:30.958268 [debug] [Thread-2 (]: Using postgres connection "model.my_etl_project.fct_sales"
[0m08:26:30.958395 [debug] [Thread-2 (]: On model.my_etl_project.fct_sales: /* {"app": "dbt", "dbt_version": "1.11.7", "profile_name": "my_etl_project", "target_name": "dev", "node_id": "model.my_etl_project.fct_sales"} */
drop table if exists "my_etl_db"."main_analytics"."fct_sales__dbt_backup" cascade
[0m08:26:30.958710 [debug] [Thread-2 (]: SQL status: DROP TABLE in 0.000 seconds
[0m08:26:30.959079 [debug] [Thread-2 (]: On model.my_etl_project.fct_sales: Close
[0m08:26:30.959283 [debug] [Thread-2 (]: Sending event: {'category': 'dbt', 'action': 'run_model', 'label': '95c00123-fcdc-4ee2-8f49-7c962022ac76', 'context': [<snowplow_tracker.self_describing_json.SelfDescribingJson object at 0x10f537dd0>]}
[0m08:26:30.959484 [info ] [Thread-2 (]: 6 of 6 OK created sql table model main_analytics.fct_sales ..................... [[32mSELECT 7[0m in 0.02s]
[0m08:26:30.959678 [debug] [Thread-2 (]: Finished running node model.my_etl_project.fct_sales
[0m08:26:30.960149 [debug] [MainThread]: On master: COMMIT
[0m08:26:30.960245 [debug] [MainThread]: Using postgres connection "master"
[0m08:26:30.960327 [debug] [MainThread]: On master: COMMIT
[0m08:26:30.960405 [debug] [MainThread]: Opening a new connection, currently in state closed
[0m08:26:30.964909 [debug] [MainThread]: SQL status: COMMIT in 0.004 seconds
[0m08:26:30.965032 [debug] [MainThread]: On master: Close
[0m08:26:30.965159 [debug] [MainThread]: Connection 'master' was properly closed.
[0m08:26:30.965243 [debug] [MainThread]: Connection 'model.my_etl_project.int_orders_customers' was properly closed.
[0m08:26:30.965320 [debug] [MainThread]: Connection 'model.my_etl_project.fct_sales' was properly closed.
[0m08:26:30.965395 [debug] [MainThread]: Connection 'model.my_etl_project.stg_products' was properly closed.
[0m08:26:30.965471 [debug] [MainThread]: Connection 'model.my_etl_project.fct_sales_incremental' was properly closed.
[0m08:26:30.965606 [info ] [MainThread]: 
[0m08:26:30.965725 [info ] [MainThread]: Finished running 1 incremental model, 1 table model, 4 view models in 0 hours 0 minutes and 0.21 seconds (0.21s).
[0m08:26:30.966222 [debug] [MainThread]: Command end result
[0m08:26:31.006980 [debug] [MainThread]: Wrote artifact WritableManifest to /Users/aviraljain/Downloads/python advanced/my_etl_project/target/manifest.json
[0m08:26:31.007779 [debug] [MainThread]: Wrote artifact SemanticManifest to /Users/aviraljain/Downloads/python advanced/my_etl_project/target/semantic_manifest.json
[0m08:26:31.009950 [debug] [MainThread]: Wrote artifact RunExecutionResult to /Users/aviraljain/Downloads/python advanced/my_etl_project/target/run_results.json
[0m08:26:31.010095 [info ] [MainThread]: 
[0m08:26:31.010250 [info ] [MainThread]: [32mCompleted successfully[0m
[0m08:26:31.010361 [info ] [MainThread]: 
[0m08:26:31.010477 [info ] [MainThread]: Done. PASS=6 WARN=0 ERROR=0 SKIP=0 NO-OP=0 TOTAL=6
[0m08:26:31.010692 [warn ] [MainThread]: [[33mWARNING[0m][DeprecationsSummary]: Deprecated functionality
Summary of encountered deprecations:
- MissingArgumentsPropertyInGenericTestDeprecation: 4 occurrences
To see all deprecation instances instead of just the first occurrence of each,
run command again with the `--show-all-deprecations` flag. You may also need to
run with `--no-partial-parse` as some deprecations are only encountered during
parsing.
[0m08:26:31.012649 [debug] [MainThread]: Resource report: {"command_name": "run", "command_success": true, "command_wall_clock_time": 0.77705896, "process_in_blocks": "0", "process_kernel_time": 0.174331, "process_mem_max_rss": "151601152", "process_out_blocks": "0", "process_user_time": 1.078041}
[0m08:26:31.012862 [debug] [MainThread]: Command `dbt run` succeeded at 08:26:31.012824 after 0.78 seconds
[0m08:26:31.013021 [debug] [MainThread]: Sending event: {'category': 'dbt', 'action': 'invocation', 'label': 'end', 'context': [<snowplow_tracker.self_describing_json.SelfDescribingJson object at 0x1046ce110>, <snowplow_tracker.self_describing_json.SelfDescribingJson object at 0x104789450>, <snowplow_tracker.self_describing_json.SelfDescribingJson object at 0x104843790>]}
[0m08:26:31.013148 [debug] [MainThread]: Flushing usage events
[0m08:26:32.326443 [debug] [MainThread]: An error was encountered while trying to flush usage events
[0m08:26:40.327082 [debug] [MainThread]: Sending event: {'category': 'dbt', 'action': 'invocation', 'label': 'start', 'context': [<snowplow_tracker.self_describing_json.SelfDescribingJson object at 0x1096fb010>, <snowplow_tracker.self_describing_json.SelfDescribingJson object at 0x109782a50>, <snowplow_tracker.self_describing_json.SelfDescribingJson object at 0x109783110>]}


============================== 08:26:40.329222 | dcfba1cb-b62b-40cb-89b8-6e597d948cdb ==============================
[0m08:26:40.329222 [info ] [MainThread]: Running with dbt=1.11.7
[0m08:26:40.329482 [debug] [MainThread]: running dbt with arguments {'use_experimental_parser': 'False', 'fail_fast': 'False', 'version_check': 'True', 'use_colors': 'True', 'partial_parse': 'True', 'static_parser': 'True', 'profiles_dir': '/Users/aviraljain/Downloads/python advanced/my_etl_project', 'warn_error': 'None', 'log_cache_events': 'False', 'send_anonymous_usage_stats': 'True', 'warn_error_options': 'WarnErrorOptionsV2(error=[], warn=[], silence=[])', 'printer_width': '80', 'no_print': 'None', 'invocation_command': 'dbt test', 'quiet': 'False', 'log_path': '/Users/aviraljain/Downloads/python advanced/my_etl_project/logs', 'cache_selected_only': 'False', 'debug': 'False', 'indirect_selection': 'eager', 'introspect': 'True', 'empty': 'None', 'log_format': 'default', 'write_json': 'True', 'target_path': 'None'}
[0m08:26:40.392008 [debug] [MainThread]: Sending event: {'category': 'dbt', 'action': 'project_id', 'label': 'dcfba1cb-b62b-40cb-89b8-6e597d948cdb', 'context': [<snowplow_tracker.self_describing_json.SelfDescribingJson object at 0x1097b6c90>]}
[0m08:26:40.411550 [debug] [MainThread]: Sending event: {'category': 'dbt', 'action': 'adapter_info', 'label': 'dcfba1cb-b62b-40cb-89b8-6e597d948cdb', 'context': [<snowplow_tracker.self_describing_json.SelfDescribingJson object at 0x1069c38d0>]}
[0m08:26:40.412087 [info ] [MainThread]: Registered adapter: postgres=1.10.0
[0m08:26:40.461480 [debug] [MainThread]: checksum: b80718358155fc17c3559352095564dd56ada1cc1a1c0ef2e62c857e71583775, vars: {}, profile: , target: , version: 1.11.7
[0m08:26:40.523096 [debug] [MainThread]: Partial parsing enabled: 0 files deleted, 0 files added, 0 files changed.
[0m08:26:40.523298 [debug] [MainThread]: Nothing changed, skipping partial parsing.
[0m08:26:40.523401 [debug] [MainThread]: Partial parsing enabled, no changes found, skipping parsing
[0m08:26:40.546790 [debug] [MainThread]: Sending event: {'category': 'dbt', 'action': 'load_project', 'label': 'dcfba1cb-b62b-40cb-89b8-6e597d948cdb', 'context': [<snowplow_tracker.self_describing_json.SelfDescribingJson object at 0x10a813410>]}
[0m08:26:40.609554 [debug] [MainThread]: Wrote artifact WritableManifest to /Users/aviraljain/Downloads/python advanced/my_etl_project/target/manifest.json
[0m08:26:40.611089 [debug] [MainThread]: Wrote artifact SemanticManifest to /Users/aviraljain/Downloads/python advanced/my_etl_project/target/semantic_manifest.json
[0m08:26:40.626507 [debug] [MainThread]: Sending event: {'category': 'dbt', 'action': 'resource_counts', 'label': 'dcfba1cb-b62b-40cb-89b8-6e597d948cdb', 'context': [<snowplow_tracker.self_describing_json.SelfDescribingJson object at 0x108962850>]}
[0m08:26:40.626739 [info ] [MainThread]: Found 4 seeds, 7 models, 37 data tests, 3 sources, 466 macros
[0m08:26:40.626877 [debug] [MainThread]: Sending event: {'category': 'dbt', 'action': 'runnable_timing', 'label': 'dcfba1cb-b62b-40cb-89b8-6e597d948cdb', 'context': [<snowplow_tracker.self_describing_json.SelfDescribingJson object at 0x10a9829d0>]}
[0m08:26:40.628339 [info ] [MainThread]: 
[0m08:26:40.628510 [info ] [MainThread]: Concurrency: 4 threads (target='dev')
[0m08:26:40.628624 [info ] [MainThread]: 
[0m08:26:40.628830 [debug] [MainThread]: Acquiring new postgres connection 'master'
[0m08:26:40.630494 [debug] [ThreadPool]: Acquiring new postgres connection 'list_my_etl_db_main'
[0m08:26:40.630719 [debug] [ThreadPool]: Acquiring new postgres connection 'list_my_etl_db_main_raw_ingestion'
[0m08:26:40.635166 [debug] [ThreadPool]: Acquiring new postgres connection 'list_my_etl_db_main_analytics'
[0m08:26:40.655498 [debug] [ThreadPool]: Using postgres connection "list_my_etl_db_main"
[0m08:26:40.655691 [debug] [ThreadPool]: Using postgres connection "list_my_etl_db_main_raw_ingestion"
[0m08:26:40.655812 [debug] [ThreadPool]: Using postgres connection "list_my_etl_db_main_analytics"
[0m08:26:40.655983 [debug] [ThreadPool]: On list_my_etl_db_main: /* {"app": "dbt", "dbt_version": "1.11.7", "profile_name": "my_etl_project", "target_name": "dev", "connection_name": "list_my_etl_db_main"} */
select
      'my_etl_db' as database,
      tablename as name,
      schemaname as schema,
      'table' as type
    from pg_tables
    where schemaname ilike 'main'
    union all
    select
      'my_etl_db' as database,
      viewname as name,
      schemaname as schema,
      'view' as type
    from pg_views
    where schemaname ilike 'main'
    union all
    select
      'my_etl_db' as database,
      matviewname as name,
      schemaname as schema,
      'materialized_view' as type
    from pg_matviews
    where schemaname ilike 'main'
  
[0m08:26:40.656136 [debug] [ThreadPool]: On list_my_etl_db_main_raw_ingestion: /* {"app": "dbt", "dbt_version": "1.11.7", "profile_name": "my_etl_project", "target_name": "dev", "connection_name": "list_my_etl_db_main_raw_ingestion"} */
select
      'my_etl_db' as database,
      tablename as name,
      schemaname as schema,
      'table' as type
    from pg_tables
    where schemaname ilike 'main_raw_ingestion'
    union all
    select
      'my_etl_db' as database,
      viewname as name,
      schemaname as schema,
      'view' as type
    from pg_views
    where schemaname ilike 'main_raw_ingestion'
    union all
    select
      'my_etl_db' as database,
      matviewname as name,
      schemaname as schema,
      'materialized_view' as type
    from pg_matviews
    where schemaname ilike 'main_raw_ingestion'
  
[0m08:26:40.656278 [debug] [ThreadPool]: On list_my_etl_db_main_analytics: /* {"app": "dbt", "dbt_version": "1.11.7", "profile_name": "my_etl_project", "target_name": "dev", "connection_name": "list_my_etl_db_main_analytics"} */
select
      'my_etl_db' as database,
      tablename as name,
      schemaname as schema,
      'table' as type
    from pg_tables
    where schemaname ilike 'main_analytics'
    union all
    select
      'my_etl_db' as database,
      viewname as name,
      schemaname as schema,
      'view' as type
    from pg_views
    where schemaname ilike 'main_analytics'
    union all
    select
      'my_etl_db' as database,
      matviewname as name,
      schemaname as schema,
      'materialized_view' as type
    from pg_matviews
    where schemaname ilike 'main_analytics'
  
[0m08:26:40.656404 [debug] [ThreadPool]: Opening a new connection, currently in state init
[0m08:26:40.656510 [debug] [ThreadPool]: Opening a new connection, currently in state init
[0m08:26:40.656609 [debug] [ThreadPool]: Opening a new connection, currently in state init
[0m08:26:40.675952 [debug] [ThreadPool]: SQL status: SELECT 4 in 0.019 seconds
[0m08:26:40.676139 [debug] [ThreadPool]: SQL status: SELECT 2 in 0.020 seconds
[0m08:26:40.676243 [debug] [ThreadPool]: SQL status: SELECT 4 in 0.020 seconds
[0m08:26:40.676795 [debug] [ThreadPool]: On list_my_etl_db_main_raw_ingestion: ROLLBACK
[0m08:26:40.677174 [debug] [ThreadPool]: On list_my_etl_db_main_analytics: ROLLBACK
[0m08:26:40.677502 [debug] [ThreadPool]: On list_my_etl_db_main: ROLLBACK
[0m08:26:40.677734 [debug] [ThreadPool]: On list_my_etl_db_main_raw_ingestion: Close
[0m08:26:40.677847 [debug] [ThreadPool]: On list_my_etl_db_main_analytics: Close
[0m08:26:40.677960 [debug] [ThreadPool]: On list_my_etl_db_main: Close
[0m08:26:40.680727 [debug] [MainThread]: Using postgres connection "master"
[0m08:26:40.680878 [debug] [MainThread]: On master: /* {"app": "dbt", "dbt_version": "1.11.7", "profile_name": "my_etl_project", "target_name": "dev", "connection_name": "master"} */
select distinct
        dependent_namespace.nspname as dependent_schema,
        dependent_class.relname as dependent_name,
        referenced_namespace.nspname as referenced_schema,
        referenced_class.relname as referenced_name

    -- Query for views: views are entries in pg_class with an entry in pg_rewrite, but we avoid
    -- a seq scan on pg_rewrite by leveraging the fact there is an "internal" row in pg_depend for
    -- the view...
    from pg_class as dependent_class
    join pg_namespace as dependent_namespace on dependent_namespace.oid = dependent_class.relnamespace
    join pg_depend as dependent_depend on dependent_depend.refobjid = dependent_class.oid
        and dependent_depend.classid = 'pg_rewrite'::regclass
        and dependent_depend.refclassid = 'pg_class'::regclass
        and dependent_depend.deptype = 'i'

    -- ... and via pg_depend (that has a row per column, hence the need for "distinct" above, and
    -- making sure to exclude the internal row to avoid a view appearing to depend on itself)...
    join pg_depend as joining_depend on joining_depend.objid = dependent_depend.objid
        and joining_depend.classid = 'pg_rewrite'::regclass
        and joining_depend.refclassid = 'pg_class'::regclass
        and joining_depend.refobjid != dependent_depend.refobjid

    -- ... we can find the tables they query from in pg_class, but excluding system tables. Note we
    -- don't need need to exclude _dependent_ system tables, because they only query from other
    -- system tables, and so are automatically excluded by excluding _referenced_ system tables
    join pg_class as referenced_class on referenced_class.oid = joining_depend.refobjid
    join pg_namespace as referenced_namespace on referenced_namespace.oid = referenced_class.relnamespace
        and referenced_namespace.nspname != 'information_schema'
        and referenced_namespace.nspname not like 'pg\_%'

    order by
        dependent_schema, dependent_name, referenced_schema, referenced_name;
[0m08:26:40.681014 [debug] [MainThread]: Opening a new connection, currently in state init
[0m08:26:40.690437 [debug] [MainThread]: SQL status: SELECT 5 in 0.009 seconds
[0m08:26:40.691112 [debug] [MainThread]: Sending event: {'category': 'dbt', 'action': 'runnable_timing', 'label': 'dcfba1cb-b62b-40cb-89b8-6e597d948cdb', 'context': [<snowplow_tracker.self_describing_json.SelfDescribingJson object at 0x10aadcc10>]}
[0m08:26:40.691280 [debug] [MainThread]: On master: ROLLBACK
[0m08:26:40.691479 [debug] [MainThread]: On master: COMMIT
[0m08:26:40.691588 [debug] [MainThread]: Using postgres connection "master"
[0m08:26:40.691683 [debug] [MainThread]: On master: COMMIT
[0m08:26:40.691982 [debug] [MainThread]: SQL status: COMMIT in 0.000 seconds
[0m08:26:40.692140 [debug] [MainThread]: On master: Close
[0m08:26:40.693608 [debug] [Thread-1 (]: Began running node test.my_etl_project.accepted_values_fct_sales_status__COMPLETE.4ee04b944f
[0m08:26:40.693766 [debug] [Thread-2 (]: Began running node test.my_etl_project.accepted_values_stg_customers_region__NORTH__SOUTH__EAST__WEST.1ced9343e3
[0m08:26:40.693910 [debug] [Thread-3 (]: Began running node test.my_etl_project.accepted_values_stg_customers_segment__PLATINUM__GOLD__SILVER.b8a09d892e
[0m08:26:40.694156 [debug] [Thread-4 (]: Began running node test.my_etl_project.accepted_values_stg_orders_status__COMPLETE__PENDING__FAILED__CANCELLED.b0f05764d8
[0m08:26:40.694041 [info ] [Thread-1 (]: 1 of 37 START test accepted_values_fct_sales_status__COMPLETE .................. [RUN]
[0m08:26:40.694343 [info ] [Thread-2 (]: 2 of 37 START test accepted_values_stg_customers_region__NORTH__SOUTH__EAST__WEST  [RUN]
[0m08:26:40.694483 [info ] [Thread-3 (]: 3 of 37 START test accepted_values_stg_customers_segment__PLATINUM__GOLD__SILVER  [RUN]
[0m08:26:40.694614 [info ] [Thread-4 (]: 4 of 37 START test accepted_values_stg_orders_status__COMPLETE__PENDING__FAILED__CANCELLED  [RUN]
[0m08:26:40.694766 [debug] [Thread-1 (]: Re-using an available connection from the pool (formerly list_my_etl_db_main, now test.my_etl_project.accepted_values_fct_sales_status__COMPLETE.4ee04b944f)
[0m08:26:40.694916 [debug] [Thread-2 (]: Re-using an available connection from the pool (formerly list_my_etl_db_main_raw_ingestion, now test.my_etl_project.accepted_values_stg_customers_region__NORTH__SOUTH__EAST__WEST.1ced9343e3)
[0m08:26:40.695029 [debug] [Thread-3 (]: Re-using an available connection from the pool (formerly list_my_etl_db_main_analytics, now test.my_etl_project.accepted_values_stg_customers_segment__PLATINUM__GOLD__SILVER.b8a09d892e)
[0m08:26:40.695169 [debug] [Thread-4 (]: Acquiring new postgres connection 'test.my_etl_project.accepted_values_stg_orders_status__COMPLETE__PENDING__FAILED__CANCELLED.b0f05764d8'
[0m08:26:40.695276 [debug] [Thread-1 (]: Began compiling node test.my_etl_project.accepted_values_fct_sales_status__COMPLETE.4ee04b944f
[0m08:26:40.695383 [debug] [Thread-2 (]: Began compiling node test.my_etl_project.accepted_values_stg_customers_region__NORTH__SOUTH__EAST__WEST.1ced9343e3
[0m08:26:40.695493 [debug] [Thread-3 (]: Began compiling node test.my_etl_project.accepted_values_stg_customers_segment__PLATINUM__GOLD__SILVER.b8a09d892e
[0m08:26:40.695622 [debug] [Thread-4 (]: Began compiling node test.my_etl_project.accepted_values_stg_orders_status__COMPLETE__PENDING__FAILED__CANCELLED.b0f05764d8
[0m08:26:40.701315 [debug] [Thread-1 (]: Writing injected SQL for node "test.my_etl_project.accepted_values_fct_sales_status__COMPLETE.4ee04b944f"
[0m08:26:40.703250 [debug] [Thread-2 (]: Writing injected SQL for node "test.my_etl_project.accepted_values_stg_customers_region__NORTH__SOUTH__EAST__WEST.1ced9343e3"
[0m08:26:40.705123 [debug] [Thread-3 (]: Writing injected SQL for node "test.my_etl_project.accepted_values_stg_customers_segment__PLATINUM__GOLD__SILVER.b8a09d892e"
[0m08:26:40.706830 [debug] [Thread-4 (]: Writing injected SQL for node "test.my_etl_project.accepted_values_stg_orders_status__COMPLETE__PENDING__FAILED__CANCELLED.b0f05764d8"
[0m08:26:40.707196 [debug] [Thread-1 (]: Began executing node test.my_etl_project.accepted_values_fct_sales_status__COMPLETE.4ee04b944f
[0m08:26:40.707367 [debug] [Thread-2 (]: Began executing node test.my_etl_project.accepted_values_stg_customers_region__NORTH__SOUTH__EAST__WEST.1ced9343e3
[0m08:26:40.713798 [debug] [Thread-3 (]: Began executing node test.my_etl_project.accepted_values_stg_customers_segment__PLATINUM__GOLD__SILVER.b8a09d892e
[0m08:26:40.714140 [debug] [Thread-1 (]: Writing runtime sql for node "test.my_etl_project.accepted_values_fct_sales_status__COMPLETE.4ee04b944f"
[0m08:26:40.714274 [debug] [Thread-4 (]: Began executing node test.my_etl_project.accepted_values_stg_orders_status__COMPLETE__PENDING__FAILED__CANCELLED.b0f05764d8
[0m08:26:40.715090 [debug] [Thread-2 (]: Writing runtime sql for node "test.my_etl_project.accepted_values_stg_customers_region__NORTH__SOUTH__EAST__WEST.1ced9343e3"
[0m08:26:40.715885 [debug] [Thread-3 (]: Writing runtime sql for node "test.my_etl_project.accepted_values_stg_customers_segment__PLATINUM__GOLD__SILVER.b8a09d892e"
[0m08:26:40.717283 [debug] [Thread-4 (]: Writing runtime sql for node "test.my_etl_project.accepted_values_stg_orders_status__COMPLETE__PENDING__FAILED__CANCELLED.b0f05764d8"
[0m08:26:40.717519 [debug] [Thread-1 (]: Using postgres connection "test.my_etl_project.accepted_values_fct_sales_status__COMPLETE.4ee04b944f"
[0m08:26:40.717804 [debug] [Thread-1 (]: On test.my_etl_project.accepted_values_fct_sales_status__COMPLETE.4ee04b944f: /* {"app": "dbt", "dbt_version": "1.11.7", "profile_name": "my_etl_project", "target_name": "dev", "node_id": "test.my_etl_project.accepted_values_fct_sales_status__COMPLETE.4ee04b944f"} */

    
    select
      count(*) as failures,
      count(*) != 0 as should_warn,
      count(*) != 0 as should_error
    from (
      
    
  
    
    

with all_values as (

    select
        status as value_field,
        count(*) as n_records

    from "my_etl_db"."main_analytics"."fct_sales"
    group by status

)

select *
from all_values
where value_field not in (
    'COMPLETE'
)



  
  
      
    ) dbt_internal_test
[0m08:26:40.718049 [debug] [Thread-4 (]: Using postgres connection "test.my_etl_project.accepted_values_stg_orders_status__COMPLETE__PENDING__FAILED__CANCELLED.b0f05764d8"
[0m08:26:40.718178 [debug] [Thread-3 (]: Using postgres connection "test.my_etl_project.accepted_values_stg_customers_segment__PLATINUM__GOLD__SILVER.b8a09d892e"
[0m08:26:40.718315 [debug] [Thread-2 (]: Using postgres connection "test.my_etl_project.accepted_values_stg_customers_region__NORTH__SOUTH__EAST__WEST.1ced9343e3"
[0m08:26:40.718443 [debug] [Thread-1 (]: Opening a new connection, currently in state closed
[0m08:26:40.718580 [debug] [Thread-4 (]: On test.my_etl_project.accepted_values_stg_orders_status__COMPLETE__PENDING__FAILED__CANCELLED.b0f05764d8: /* {"app": "dbt", "dbt_version": "1.11.7", "profile_name": "my_etl_project", "target_name": "dev", "node_id": "test.my_etl_project.accepted_values_stg_orders_status__COMPLETE__PENDING__FAILED__CANCELLED.b0f05764d8"} */

    
    select
      count(*) as failures,
      count(*) != 0 as should_warn,
      count(*) != 0 as should_error
    from (
      
    
  
    
    

with all_values as (

    select
        status as value_field,
        count(*) as n_records

    from "my_etl_db"."main"."stg_orders"
    group by status

)

select *
from all_values
where value_field not in (
    'COMPLETE','PENDING','FAILED','CANCELLED'
)



  
  
      
    ) dbt_internal_test
[0m08:26:40.718729 [debug] [Thread-3 (]: On test.my_etl_project.accepted_values_stg_customers_segment__PLATINUM__GOLD__SILVER.b8a09d892e: /* {"app": "dbt", "dbt_version": "1.11.7", "profile_name": "my_etl_project", "target_name": "dev", "node_id": "test.my_etl_project.accepted_values_stg_customers_segment__PLATINUM__GOLD__SILVER.b8a09d892e"} */

    
    select
      count(*) as failures,
      count(*) != 0 as should_warn,
      count(*) != 0 as should_error
    from (
      
    
  
    
    

with all_values as (

    select
        segment as value_field,
        count(*) as n_records

    from "my_etl_db"."main"."stg_customers"
    group by segment

)

select *
from all_values
where value_field not in (
    'PLATINUM','GOLD','SILVER'
)



  
  
      
    ) dbt_internal_test
[0m08:26:40.718875 [debug] [Thread-2 (]: On test.my_etl_project.accepted_values_stg_customers_region__NORTH__SOUTH__EAST__WEST.1ced9343e3: /* {"app": "dbt", "dbt_version": "1.11.7", "profile_name": "my_etl_project", "target_name": "dev", "node_id": "test.my_etl_project.accepted_values_stg_customers_region__NORTH__SOUTH__EAST__WEST.1ced9343e3"} */

    
    select
      count(*) as failures,
      count(*) != 0 as should_warn,
      count(*) != 0 as should_error
    from (
      
    
  
    
    

with all_values as (

    select
        region as value_field,
        count(*) as n_records

    from "my_etl_db"."main"."stg_customers"
    group by region

)

select *
from all_values
where value_field not in (
    'NORTH','SOUTH','EAST','WEST'
)



  
  
      
    ) dbt_internal_test
[0m08:26:40.719076 [debug] [Thread-4 (]: Opening a new connection, currently in state init
[0m08:26:40.719221 [debug] [Thread-3 (]: Opening a new connection, currently in state closed
[0m08:26:40.719514 [debug] [Thread-2 (]: Opening a new connection, currently in state closed
[0m08:26:40.725341 [debug] [Thread-1 (]: SQL status: SELECT 1 in 0.007 seconds
[0m08:26:40.726833 [debug] [Thread-1 (]: On test.my_etl_project.accepted_values_fct_sales_status__COMPLETE.4ee04b944f: ROLLBACK
[0m08:26:40.726976 [debug] [Thread-4 (]: SQL status: SELECT 1 in 0.008 seconds
[0m08:26:40.727110 [debug] [Thread-3 (]: SQL status: SELECT 1 in 0.008 seconds
[0m08:26:40.727233 [debug] [Thread-2 (]: SQL status: SELECT 1 in 0.008 seconds
[0m08:26:40.727709 [debug] [Thread-4 (]: On test.my_etl_project.accepted_values_stg_orders_status__COMPLETE__PENDING__FAILED__CANCELLED.b0f05764d8: ROLLBACK
[0m08:26:40.727848 [debug] [Thread-1 (]: On test.my_etl_project.accepted_values_fct_sales_status__COMPLETE.4ee04b944f: Close
[0m08:26:40.728261 [debug] [Thread-3 (]: On test.my_etl_project.accepted_values_stg_customers_segment__PLATINUM__GOLD__SILVER.b8a09d892e: ROLLBACK
[0m08:26:40.728704 [debug] [Thread-2 (]: On test.my_etl_project.accepted_values_stg_customers_region__NORTH__SOUTH__EAST__WEST.1ced9343e3: ROLLBACK
[0m08:26:40.729082 [debug] [Thread-4 (]: On test.my_etl_project.accepted_values_stg_orders_status__COMPLETE__PENDING__FAILED__CANCELLED.b0f05764d8: Close
[0m08:26:40.728965 [info ] [Thread-1 (]: 1 of 37 PASS accepted_values_fct_sales_status__COMPLETE ........................ [[32mPASS[0m in 0.03s]
[0m08:26:40.729233 [debug] [Thread-3 (]: On test.my_etl_project.accepted_values_stg_customers_segment__PLATINUM__GOLD__SILVER.b8a09d892e: Close
[0m08:26:40.729607 [debug] [Thread-1 (]: Finished running node test.my_etl_project.accepted_values_fct_sales_status__COMPLETE.4ee04b944f
[0m08:26:40.729720 [debug] [Thread-2 (]: On test.my_etl_project.accepted_values_stg_customers_region__NORTH__SOUTH__EAST__WEST.1ced9343e3: Close
[0m08:26:40.729447 [info ] [Thread-4 (]: 4 of 37 PASS accepted_values_stg_orders_status__COMPLETE__PENDING__FAILED__CANCELLED  [[32mPASS[0m in 0.03s]
[0m08:26:40.730059 [debug] [Thread-1 (]: Began running node test.my_etl_project.not_null_fct_sales_amount.0427b27870
[0m08:26:40.729941 [info ] [Thread-3 (]: 3 of 37 PASS accepted_values_stg_customers_segment__PLATINUM__GOLD__SILVER ..... [[32mPASS[0m in 0.03s]
[0m08:26:40.730516 [debug] [Thread-4 (]: Finished running node test.my_etl_project.accepted_values_stg_orders_status__COMPLETE__PENDING__FAILED__CANCELLED.b0f05764d8
[0m08:26:40.730345 [info ] [Thread-2 (]: 2 of 37 PASS accepted_values_stg_customers_region__NORTH__SOUTH__EAST__WEST .... [[32mPASS[0m in 0.04s]
[0m08:26:40.730687 [info ] [Thread-1 (]: 5 of 37 START test not_null_fct_sales_amount ................................... [RUN]
[0m08:26:40.730865 [debug] [Thread-3 (]: Finished running node test.my_etl_project.accepted_values_stg_customers_segment__PLATINUM__GOLD__SILVER.b8a09d892e
[0m08:26:40.730983 [debug] [Thread-4 (]: Began running node test.my_etl_project.not_null_fct_sales_customer_id.998bfce0ce
[0m08:26:40.731165 [debug] [Thread-2 (]: Finished running node test.my_etl_project.accepted_values_stg_customers_region__NORTH__SOUTH__EAST__WEST.1ced9343e3
[0m08:26:40.731289 [debug] [Thread-1 (]: Re-using an available connection from the pool (formerly test.my_etl_project.accepted_values_fct_sales_status__COMPLETE.4ee04b944f, now test.my_etl_project.not_null_fct_sales_amount.0427b27870)
[0m08:26:40.731411 [debug] [Thread-3 (]: Began running node test.my_etl_project.not_null_fct_sales_incremental_order_id.b8fc35ca17
[0m08:26:40.731713 [info ] [Thread-4 (]: 6 of 37 START test not_null_fct_sales_customer_id .............................. [RUN]
[0m08:26:40.731888 [debug] [Thread-2 (]: Began running node test.my_etl_project.not_null_fct_sales_order_id.4987638769
[0m08:26:40.732042 [debug] [Thread-1 (]: Began compiling node test.my_etl_project.not_null_fct_sales_amount.0427b27870
[0m08:26:40.732165 [info ] [Thread-3 (]: 7 of 37 START test not_null_fct_sales_incremental_order_id ..................... [RUN]
[0m08:26:40.732324 [debug] [Thread-4 (]: Re-using an available connection from the pool (formerly test.my_etl_project.accepted_values_stg_orders_status__COMPLETE__PENDING__FAILED__CANCELLED.b0f05764d8, now test.my_etl_project.not_null_fct_sales_customer_id.998bfce0ce)
[0m08:26:40.732442 [info ] [Thread-2 (]: 8 of 37 START test not_null_fct_sales_order_id ................................. [RUN]
[0m08:26:40.734736 [debug] [Thread-1 (]: Writing injected SQL for node "test.my_etl_project.not_null_fct_sales_amount.0427b27870"
[0m08:26:40.734884 [debug] [Thread-3 (]: Re-using an available connection from the pool (formerly test.my_etl_project.accepted_values_stg_customers_segment__PLATINUM__GOLD__SILVER.b8a09d892e, now test.my_etl_project.not_null_fct_sales_incremental_order_id.b8fc35ca17)
[0m08:26:40.735015 [debug] [Thread-4 (]: Began compiling node test.my_etl_project.not_null_fct_sales_customer_id.998bfce0ce
[0m08:26:40.735221 [debug] [Thread-2 (]: Re-using an available connection from the pool (formerly test.my_etl_project.accepted_values_stg_customers_region__NORTH__SOUTH__EAST__WEST.1ced9343e3, now test.my_etl_project.not_null_fct_sales_order_id.4987638769)
[0m08:26:40.735392 [debug] [Thread-3 (]: Began compiling node test.my_etl_project.not_null_fct_sales_incremental_order_id.b8fc35ca17
[0m08:26:40.736709 [debug] [Thread-4 (]: Writing injected SQL for node "test.my_etl_project.not_null_fct_sales_customer_id.998bfce0ce"
[0m08:26:40.736859 [debug] [Thread-2 (]: Began compiling node test.my_etl_project.not_null_fct_sales_order_id.4987638769
[0m08:26:40.736989 [debug] [Thread-1 (]: Began executing node test.my_etl_project.not_null_fct_sales_amount.0427b27870
[0m08:26:40.738253 [debug] [Thread-3 (]: Writing injected SQL for node "test.my_etl_project.not_null_fct_sales_incremental_order_id.b8fc35ca17"
[0m08:26:40.739742 [debug] [Thread-2 (]: Writing injected SQL for node "test.my_etl_project.not_null_fct_sales_order_id.4987638769"
[0m08:26:40.740570 [debug] [Thread-1 (]: Writing runtime sql for node "test.my_etl_project.not_null_fct_sales_amount.0427b27870"
[0m08:26:40.740748 [debug] [Thread-4 (]: Began executing node test.my_etl_project.not_null_fct_sales_customer_id.998bfce0ce
[0m08:26:40.740960 [debug] [Thread-3 (]: Began executing node test.my_etl_project.not_null_fct_sales_incremental_order_id.b8fc35ca17
[0m08:26:40.741734 [debug] [Thread-4 (]: Writing runtime sql for node "test.my_etl_project.not_null_fct_sales_customer_id.998bfce0ce"
[0m08:26:40.741870 [debug] [Thread-2 (]: Began executing node test.my_etl_project.not_null_fct_sales_order_id.4987638769
[0m08:26:40.742652 [debug] [Thread-3 (]: Writing runtime sql for node "test.my_etl_project.not_null_fct_sales_incremental_order_id.b8fc35ca17"
[0m08:26:40.742828 [debug] [Thread-1 (]: Using postgres connection "test.my_etl_project.not_null_fct_sales_amount.0427b27870"
[0m08:26:40.743605 [debug] [Thread-2 (]: Writing runtime sql for node "test.my_etl_project.not_null_fct_sales_order_id.4987638769"
[0m08:26:40.743781 [debug] [Thread-1 (]: On test.my_etl_project.not_null_fct_sales_amount.0427b27870: /* {"app": "dbt", "dbt_version": "1.11.7", "profile_name": "my_etl_project", "target_name": "dev", "node_id": "test.my_etl_project.not_null_fct_sales_amount.0427b27870"} */

    
    select
      count(*) as failures,
      count(*) != 0 as should_warn,
      count(*) != 0 as should_error
    from (
      
    
  
    
    



select amount
from "my_etl_db"."main_analytics"."fct_sales"
where amount is null



  
  
      
    ) dbt_internal_test
[0m08:26:40.743922 [debug] [Thread-4 (]: Using postgres connection "test.my_etl_project.not_null_fct_sales_customer_id.998bfce0ce"
[0m08:26:40.744101 [debug] [Thread-1 (]: Opening a new connection, currently in state closed
[0m08:26:40.744224 [debug] [Thread-3 (]: Using postgres connection "test.my_etl_project.not_null_fct_sales_incremental_order_id.b8fc35ca17"
[0m08:26:40.744374 [debug] [Thread-4 (]: On test.my_etl_project.not_null_fct_sales_customer_id.998bfce0ce: /* {"app": "dbt", "dbt_version": "1.11.7", "profile_name": "my_etl_project", "target_name": "dev", "node_id": "test.my_etl_project.not_null_fct_sales_customer_id.998bfce0ce"} */

    
    select
      count(*) as failures,
      count(*) != 0 as should_warn,
      count(*) != 0 as should_error
    from (
      
    
  
    
    



select customer_id
from "my_etl_db"."main_analytics"."fct_sales"
where customer_id is null



  
  
      
    ) dbt_internal_test
[0m08:26:40.744573 [debug] [Thread-3 (]: On test.my_etl_project.not_null_fct_sales_incremental_order_id.b8fc35ca17: /* {"app": "dbt", "dbt_version": "1.11.7", "profile_name": "my_etl_project", "target_name": "dev", "node_id": "test.my_etl_project.not_null_fct_sales_incremental_order_id.b8fc35ca17"} */

    
    select
      count(*) as failures,
      count(*) != 0 as should_warn,
      count(*) != 0 as should_error
    from (
      
    
  
    
    



select order_id
from "my_etl_db"."main_analytics"."fct_sales_incremental"
where order_id is null



  
  
      
    ) dbt_internal_test
[0m08:26:40.744699 [debug] [Thread-2 (]: Using postgres connection "test.my_etl_project.not_null_fct_sales_order_id.4987638769"
[0m08:26:40.744813 [debug] [Thread-4 (]: Opening a new connection, currently in state closed
[0m08:26:40.744931 [debug] [Thread-3 (]: Opening a new connection, currently in state closed
[0m08:26:40.745060 [debug] [Thread-2 (]: On test.my_etl_project.not_null_fct_sales_order_id.4987638769: /* {"app": "dbt", "dbt_version": "1.11.7", "profile_name": "my_etl_project", "target_name": "dev", "node_id": "test.my_etl_project.not_null_fct_sales_order_id.4987638769"} */

    
    select
      count(*) as failures,
      count(*) != 0 as should_warn,
      count(*) != 0 as should_error
    from (
      
    
  
    
    



select order_id
from "my_etl_db"."main_analytics"."fct_sales"
where order_id is null



  
  
      
    ) dbt_internal_test
[0m08:26:40.745269 [debug] [Thread-2 (]: Opening a new connection, currently in state closed
[0m08:26:40.749555 [debug] [Thread-1 (]: SQL status: SELECT 1 in 0.005 seconds
[0m08:26:40.750101 [debug] [Thread-1 (]: On test.my_etl_project.not_null_fct_sales_amount.0427b27870: ROLLBACK
[0m08:26:40.750302 [debug] [Thread-3 (]: SQL status: SELECT 1 in 0.005 seconds
[0m08:26:40.750435 [debug] [Thread-1 (]: On test.my_etl_project.not_null_fct_sales_amount.0427b27870: Close
[0m08:26:40.750863 [debug] [Thread-3 (]: On test.my_etl_project.not_null_fct_sales_incremental_order_id.b8fc35ca17: ROLLBACK
[0m08:26:40.751206 [debug] [Thread-4 (]: SQL status: SELECT 1 in 0.006 seconds
[0m08:26:40.751086 [info ] [Thread-1 (]: 5 of 37 PASS not_null_fct_sales_amount ......................................... [[32mPASS[0m in 0.02s]
[0m08:26:40.751356 [debug] [Thread-3 (]: On test.my_etl_project.not_null_fct_sales_incremental_order_id.b8fc35ca17: Close
[0m08:26:40.751470 [debug] [Thread-2 (]: SQL status: SELECT 1 in 0.006 seconds
[0m08:26:40.751919 [debug] [Thread-4 (]: On test.my_etl_project.not_null_fct_sales_customer_id.998bfce0ce: ROLLBACK
[0m08:26:40.752099 [debug] [Thread-1 (]: Finished running node test.my_etl_project.not_null_fct_sales_amount.0427b27870
[0m08:26:40.752297 [info ] [Thread-3 (]: 7 of 37 PASS not_null_fct_sales_incremental_order_id ........................... [[32mPASS[0m in 0.02s]
[0m08:26:40.752738 [debug] [Thread-2 (]: On test.my_etl_project.not_null_fct_sales_order_id.4987638769: ROLLBACK
[0m08:26:40.752906 [debug] [Thread-1 (]: Began running node test.my_etl_project.not_null_fct_sales_status.fb947e0b69
[0m08:26:40.753047 [debug] [Thread-4 (]: On test.my_etl_project.not_null_fct_sales_customer_id.998bfce0ce: Close
[0m08:26:40.753228 [debug] [Thread-3 (]: Finished running node test.my_etl_project.not_null_fct_sales_incremental_order_id.b8fc35ca17
[0m08:26:40.753377 [info ] [Thread-1 (]: 9 of 37 START test not_null_fct_sales_status ................................... [RUN]
[0m08:26:40.753512 [debug] [Thread-2 (]: On test.my_etl_project.not_null_fct_sales_order_id.4987638769: Close
[0m08:26:40.753813 [debug] [Thread-3 (]: Began running node test.my_etl_project.not_null_int_orders_customers_amount.363e63f97a
[0m08:26:40.753693 [info ] [Thread-4 (]: 6 of 37 PASS not_null_fct_sales_customer_id .................................... [[32mPASS[0m in 0.02s]
[0m08:26:40.753998 [debug] [Thread-1 (]: Re-using an available connection from the pool (formerly test.my_etl_project.not_null_fct_sales_amount.0427b27870, now test.my_etl_project.not_null_fct_sales_status.fb947e0b69)
[0m08:26:40.754194 [info ] [Thread-2 (]: 8 of 37 PASS not_null_fct_sales_order_id ....................................... [[32mPASS[0m in 0.02s]
[0m08:26:40.754491 [debug] [Thread-4 (]: Finished running node test.my_etl_project.not_null_fct_sales_customer_id.998bfce0ce
[0m08:26:40.754305 [info ] [Thread-3 (]: 10 of 37 START test not_null_int_orders_customers_amount ....................... [RUN]
[0m08:26:40.754646 [debug] [Thread-1 (]: Began compiling node test.my_etl_project.not_null_fct_sales_status.fb947e0b69
[0m08:26:40.754812 [debug] [Thread-2 (]: Finished running node test.my_etl_project.not_null_fct_sales_order_id.4987638769
[0m08:26:40.754949 [debug] [Thread-4 (]: Began running node test.my_etl_project.not_null_int_orders_customers_order_id.f3c169c800
[0m08:26:40.755095 [debug] [Thread-3 (]: Re-using an available connection from the pool (formerly test.my_etl_project.not_null_fct_sales_incremental_order_id.b8fc35ca17, now test.my_etl_project.not_null_int_orders_customers_amount.363e63f97a)
[0m08:26:40.756538 [debug] [Thread-1 (]: Writing injected SQL for node "test.my_etl_project.not_null_fct_sales_status.fb947e0b69"
[0m08:26:40.756680 [debug] [Thread-2 (]: Began running node test.my_etl_project.not_null_stg_customers_customer_id.e2cfb1f9aa
[0m08:26:40.756834 [info ] [Thread-4 (]: 11 of 37 START test not_null_int_orders_customers_order_id ..................... [RUN]
[0m08:26:40.756968 [debug] [Thread-3 (]: Began compiling node test.my_etl_project.not_null_int_orders_customers_amount.363e63f97a
[0m08:26:40.757166 [info ] [Thread-2 (]: 12 of 37 START test not_null_stg_customers_customer_id ......................... [RUN]
[0m08:26:40.757354 [debug] [Thread-4 (]: Re-using an available connection from the pool (formerly test.my_etl_project.not_null_fct_sales_customer_id.998bfce0ce, now test.my_etl_project.not_null_int_orders_customers_order_id.f3c169c800)
[0m08:26:40.757483 [debug] [Thread-1 (]: Began executing node test.my_etl_project.not_null_fct_sales_status.fb947e0b69
[0m08:26:40.758818 [debug] [Thread-3 (]: Writing injected SQL for node "test.my_etl_project.not_null_int_orders_customers_amount.363e63f97a"
[0m08:26:40.758964 [debug] [Thread-2 (]: Re-using an available connection from the pool (formerly test.my_etl_project.not_null_fct_sales_order_id.4987638769, now test.my_etl_project.not_null_stg_customers_customer_id.e2cfb1f9aa)
[0m08:26:40.759090 [debug] [Thread-4 (]: Began compiling node test.my_etl_project.not_null_int_orders_customers_order_id.f3c169c800
[0m08:26:40.761016 [debug] [Thread-1 (]: Writing runtime sql for node "test.my_etl_project.not_null_fct_sales_status.fb947e0b69"
[0m08:26:40.761204 [debug] [Thread-2 (]: Began compiling node test.my_etl_project.not_null_stg_customers_customer_id.e2cfb1f9aa
[0m08:26:40.762495 [debug] [Thread-4 (]: Writing injected SQL for node "test.my_etl_project.not_null_int_orders_customers_order_id.f3c169c800"
[0m08:26:40.762639 [debug] [Thread-3 (]: Began executing node test.my_etl_project.not_null_int_orders_customers_amount.363e63f97a
[0m08:26:40.763968 [debug] [Thread-2 (]: Writing injected SQL for node "test.my_etl_project.not_null_stg_customers_customer_id.e2cfb1f9aa"
[0m08:26:40.764764 [debug] [Thread-3 (]: Writing runtime sql for node "test.my_etl_project.not_null_int_orders_customers_amount.363e63f97a"
[0m08:26:40.764905 [debug] [Thread-1 (]: Using postgres connection "test.my_etl_project.not_null_fct_sales_status.fb947e0b69"
[0m08:26:40.765100 [debug] [Thread-4 (]: Began executing node test.my_etl_project.not_null_int_orders_customers_order_id.f3c169c800
[0m08:26:40.765263 [debug] [Thread-1 (]: On test.my_etl_project.not_null_fct_sales_status.fb947e0b69: /* {"app": "dbt", "dbt_version": "1.11.7", "profile_name": "my_etl_project", "target_name": "dev", "node_id": "test.my_etl_project.not_null_fct_sales_status.fb947e0b69"} */

    
    select
      count(*) as failures,
      count(*) != 0 as should_warn,
      count(*) != 0 as should_error
    from (
      
    
  
    
    



select status
from "my_etl_db"."main_analytics"."fct_sales"
where status is null



  
  
      
    ) dbt_internal_test
[0m08:26:40.765408 [debug] [Thread-2 (]: Began executing node test.my_etl_project.not_null_stg_customers_customer_id.e2cfb1f9aa
[0m08:26:40.766192 [debug] [Thread-4 (]: Writing runtime sql for node "test.my_etl_project.not_null_int_orders_customers_order_id.f3c169c800"
[0m08:26:40.766338 [debug] [Thread-3 (]: Using postgres connection "test.my_etl_project.not_null_int_orders_customers_amount.363e63f97a"
[0m08:26:40.766470 [debug] [Thread-1 (]: Opening a new connection, currently in state closed
[0m08:26:40.767335 [debug] [Thread-2 (]: Writing runtime sql for node "test.my_etl_project.not_null_stg_customers_customer_id.e2cfb1f9aa"
[0m08:26:40.767507 [debug] [Thread-3 (]: On test.my_etl_project.not_null_int_orders_customers_amount.363e63f97a: /* {"app": "dbt", "dbt_version": "1.11.7", "profile_name": "my_etl_project", "target_name": "dev", "node_id": "test.my_etl_project.not_null_int_orders_customers_amount.363e63f97a"} */

    
    select
      count(*) as failures,
      count(*) != 0 as should_warn,
      count(*) != 0 as should_error
    from (
      
    
  
    
    



select amount
from "my_etl_db"."main"."int_orders_customers"
where amount is null



  
  
      
    ) dbt_internal_test
[0m08:26:40.767743 [debug] [Thread-4 (]: Using postgres connection "test.my_etl_project.not_null_int_orders_customers_order_id.f3c169c800"
[0m08:26:40.767877 [debug] [Thread-3 (]: Opening a new connection, currently in state closed
[0m08:26:40.768030 [debug] [Thread-4 (]: On test.my_etl_project.not_null_int_orders_customers_order_id.f3c169c800: /* {"app": "dbt", "dbt_version": "1.11.7", "profile_name": "my_etl_project", "target_name": "dev", "node_id": "test.my_etl_project.not_null_int_orders_customers_order_id.f3c169c800"} */

    
    select
      count(*) as failures,
      count(*) != 0 as should_warn,
      count(*) != 0 as should_error
    from (
      
    
  
    
    



select order_id
from "my_etl_db"."main"."int_orders_customers"
where order_id is null



  
  
      
    ) dbt_internal_test
[0m08:26:40.768221 [debug] [Thread-2 (]: Using postgres connection "test.my_etl_project.not_null_stg_customers_customer_id.e2cfb1f9aa"
[0m08:26:40.768358 [debug] [Thread-4 (]: Opening a new connection, currently in state closed
[0m08:26:40.768495 [debug] [Thread-2 (]: On test.my_etl_project.not_null_stg_customers_customer_id.e2cfb1f9aa: /* {"app": "dbt", "dbt_version": "1.11.7", "profile_name": "my_etl_project", "target_name": "dev", "node_id": "test.my_etl_project.not_null_stg_customers_customer_id.e2cfb1f9aa"} */

    
    select
      count(*) as failures,
      count(*) != 0 as should_warn,
      count(*) != 0 as should_error
    from (
      
    
  
    
    



select customer_id
from "my_etl_db"."main"."stg_customers"
where customer_id is null



  
  
      
    ) dbt_internal_test
[0m08:26:40.768702 [debug] [Thread-2 (]: Opening a new connection, currently in state closed
[0m08:26:40.772843 [debug] [Thread-1 (]: SQL status: SELECT 1 in 0.006 seconds
[0m08:26:40.773385 [debug] [Thread-1 (]: On test.my_etl_project.not_null_fct_sales_status.fb947e0b69: ROLLBACK
[0m08:26:40.773575 [debug] [Thread-1 (]: On test.my_etl_project.not_null_fct_sales_status.fb947e0b69: Close
[0m08:26:40.773995 [debug] [Thread-4 (]: SQL status: SELECT 1 in 0.006 seconds
[0m08:26:40.773799 [info ] [Thread-1 (]: 9 of 37 PASS not_null_fct_sales_status ......................................... [[32mPASS[0m in 0.02s]
[0m08:26:40.774158 [debug] [Thread-2 (]: SQL status: SELECT 1 in 0.005 seconds
[0m08:26:40.774294 [debug] [Thread-3 (]: SQL status: SELECT 1 in 0.006 seconds
[0m08:26:40.774735 [debug] [Thread-4 (]: On test.my_etl_project.not_null_int_orders_customers_order_id.f3c169c800: ROLLBACK
[0m08:26:40.774923 [debug] [Thread-1 (]: Finished running node test.my_etl_project.not_null_fct_sales_status.fb947e0b69
[0m08:26:40.775350 [debug] [Thread-2 (]: On test.my_etl_project.not_null_stg_customers_customer_id.e2cfb1f9aa: ROLLBACK
[0m08:26:40.775751 [debug] [Thread-3 (]: On test.my_etl_project.not_null_int_orders_customers_amount.363e63f97a: ROLLBACK
[0m08:26:40.775917 [debug] [Thread-1 (]: Began running node test.my_etl_project.not_null_stg_customers_region.dead58c348
[0m08:26:40.776053 [debug] [Thread-4 (]: On test.my_etl_project.not_null_int_orders_customers_order_id.f3c169c800: Close
[0m08:26:40.776201 [info ] [Thread-1 (]: 13 of 37 START test not_null_stg_customers_region .............................. [RUN]
[0m08:26:40.776322 [debug] [Thread-3 (]: On test.my_etl_project.not_null_int_orders_customers_amount.363e63f97a: Close
[0m08:26:40.776431 [debug] [Thread-2 (]: On test.my_etl_project.not_null_stg_customers_customer_id.e2cfb1f9aa: Close
[0m08:26:40.776749 [debug] [Thread-1 (]: Re-using an available connection from the pool (formerly test.my_etl_project.not_null_fct_sales_status.fb947e0b69, now test.my_etl_project.not_null_stg_customers_region.dead58c348)
[0m08:26:40.776631 [info ] [Thread-4 (]: 11 of 37 PASS not_null_int_orders_customers_order_id ........................... [[32mPASS[0m in 0.02s]
[0m08:26:40.776994 [info ] [Thread-3 (]: 10 of 37 PASS not_null_int_orders_customers_amount ............................. [[32mPASS[0m in 0.02s]
[0m08:26:40.777183 [info ] [Thread-2 (]: 12 of 37 PASS not_null_stg_customers_customer_id ............................... [[32mPASS[0m in 0.02s]
[0m08:26:40.777322 [debug] [Thread-1 (]: Began compiling node test.my_etl_project.not_null_stg_customers_region.dead58c348
[0m08:26:40.777498 [debug] [Thread-4 (]: Finished running node test.my_etl_project.not_null_int_orders_customers_order_id.f3c169c800
[0m08:26:40.777671 [debug] [Thread-3 (]: Finished running node test.my_etl_project.not_null_int_orders_customers_amount.363e63f97a
[0m08:26:40.777839 [debug] [Thread-2 (]: Finished running node test.my_etl_project.not_null_stg_customers_customer_id.e2cfb1f9aa
[0m08:26:40.779319 [debug] [Thread-1 (]: Writing injected SQL for node "test.my_etl_project.not_null_stg_customers_region.dead58c348"
[0m08:26:40.779469 [debug] [Thread-4 (]: Began running node test.my_etl_project.not_null_stg_customers_segment.54e04798f3
[0m08:26:40.779627 [debug] [Thread-3 (]: Began running node test.my_etl_project.not_null_stg_orders_amount.2546645448
[0m08:26:40.779780 [debug] [Thread-2 (]: Began running node test.my_etl_project.not_null_stg_orders_customer_id.af79d5e4b5
[0m08:26:40.780053 [info ] [Thread-4 (]: 14 of 37 START test not_null_stg_customers_segment ............................. [RUN]
[0m08:26:40.780214 [info ] [Thread-3 (]: 15 of 37 START test not_null_stg_orders_amount ................................. [RUN]
[0m08:26:40.780466 [debug] [Thread-1 (]: Began executing node test.my_etl_project.not_null_stg_customers_region.dead58c348
[0m08:26:40.780362 [info ] [Thread-2 (]: 16 of 37 START test not_null_stg_orders_customer_id ............................ [RUN]
[0m08:26:40.780632 [debug] [Thread-4 (]: Re-using an available connection from the pool (formerly test.my_etl_project.not_null_int_orders_customers_order_id.f3c169c800, now test.my_etl_project.not_null_stg_customers_segment.54e04798f3)
[0m08:26:40.780771 [debug] [Thread-3 (]: Re-using an available connection from the pool (formerly test.my_etl_project.not_null_int_orders_customers_amount.363e63f97a, now test.my_etl_project.not_null_stg_orders_amount.2546645448)
[0m08:26:40.781581 [debug] [Thread-1 (]: Writing runtime sql for node "test.my_etl_project.not_null_stg_customers_region.dead58c348"
[0m08:26:40.781715 [debug] [Thread-2 (]: Re-using an available connection from the pool (formerly test.my_etl_project.not_null_stg_customers_customer_id.e2cfb1f9aa, now test.my_etl_project.not_null_stg_orders_customer_id.af79d5e4b5)
[0m08:26:40.781841 [debug] [Thread-4 (]: Began compiling node test.my_etl_project.not_null_stg_customers_segment.54e04798f3
[0m08:26:40.781969 [debug] [Thread-3 (]: Began compiling node test.my_etl_project.not_null_stg_orders_amount.2546645448
[0m08:26:40.782127 [debug] [Thread-2 (]: Began compiling node test.my_etl_project.not_null_stg_orders_customer_id.af79d5e4b5
[0m08:26:40.783369 [debug] [Thread-4 (]: Writing injected SQL for node "test.my_etl_project.not_null_stg_customers_segment.54e04798f3"
[0m08:26:40.784607 [debug] [Thread-3 (]: Writing injected SQL for node "test.my_etl_project.not_null_stg_orders_amount.2546645448"
[0m08:26:40.784748 [debug] [Thread-1 (]: Using postgres connection "test.my_etl_project.not_null_stg_customers_region.dead58c348"
[0m08:26:40.786740 [debug] [Thread-2 (]: Writing injected SQL for node "test.my_etl_project.not_null_stg_orders_customer_id.af79d5e4b5"
[0m08:26:40.786946 [debug] [Thread-1 (]: On test.my_etl_project.not_null_stg_customers_region.dead58c348: /* {"app": "dbt", "dbt_version": "1.11.7", "profile_name": "my_etl_project", "target_name": "dev", "node_id": "test.my_etl_project.not_null_stg_customers_region.dead58c348"} */

    
    select
      count(*) as failures,
      count(*) != 0 as should_warn,
      count(*) != 0 as should_error
    from (
      
    
  
    
    



select region
from "my_etl_db"."main"."stg_customers"
where region is null



  
  
      
    ) dbt_internal_test
[0m08:26:40.787137 [debug] [Thread-4 (]: Began executing node test.my_etl_project.not_null_stg_customers_segment.54e04798f3
[0m08:26:40.787294 [debug] [Thread-1 (]: Opening a new connection, currently in state closed
[0m08:26:40.787416 [debug] [Thread-3 (]: Began executing node test.my_etl_project.not_null_stg_orders_amount.2546645448
[0m08:26:40.788337 [debug] [Thread-4 (]: Writing runtime sql for node "test.my_etl_project.not_null_stg_customers_segment.54e04798f3"
[0m08:26:40.788464 [debug] [Thread-2 (]: Began executing node test.my_etl_project.not_null_stg_orders_customer_id.af79d5e4b5
[0m08:26:40.789309 [debug] [Thread-3 (]: Writing runtime sql for node "test.my_etl_project.not_null_stg_orders_amount.2546645448"
[0m08:26:40.790065 [debug] [Thread-2 (]: Writing runtime sql for node "test.my_etl_project.not_null_stg_orders_customer_id.af79d5e4b5"
[0m08:26:40.790281 [debug] [Thread-4 (]: Using postgres connection "test.my_etl_project.not_null_stg_customers_segment.54e04798f3"
[0m08:26:40.790449 [debug] [Thread-4 (]: On test.my_etl_project.not_null_stg_customers_segment.54e04798f3: /* {"app": "dbt", "dbt_version": "1.11.7", "profile_name": "my_etl_project", "target_name": "dev", "node_id": "test.my_etl_project.not_null_stg_customers_segment.54e04798f3"} */

    
    select
      count(*) as failures,
      count(*) != 0 as should_warn,
      count(*) != 0 as should_error
    from (
      
    
  
    
    



select segment
from "my_etl_db"."main"."stg_customers"
where segment is null



  
  
      
    ) dbt_internal_test
[0m08:26:40.790576 [debug] [Thread-4 (]: Opening a new connection, currently in state closed
[0m08:26:40.790707 [debug] [Thread-2 (]: Using postgres connection "test.my_etl_project.not_null_stg_orders_customer_id.af79d5e4b5"
[0m08:26:40.790848 [debug] [Thread-3 (]: Using postgres connection "test.my_etl_project.not_null_stg_orders_amount.2546645448"
[0m08:26:40.791025 [debug] [Thread-2 (]: On test.my_etl_project.not_null_stg_orders_customer_id.af79d5e4b5: /* {"app": "dbt", "dbt_version": "1.11.7", "profile_name": "my_etl_project", "target_name": "dev", "node_id": "test.my_etl_project.not_null_stg_orders_customer_id.af79d5e4b5"} */

    
    select
      count(*) as failures,
      count(*) != 0 as should_warn,
      count(*) != 0 as should_error
    from (
      
    
  
    
    



select customer_id
from "my_etl_db"."main"."stg_orders"
where customer_id is null



  
  
      
    ) dbt_internal_test
[0m08:26:40.791168 [debug] [Thread-3 (]: On test.my_etl_project.not_null_stg_orders_amount.2546645448: /* {"app": "dbt", "dbt_version": "1.11.7", "profile_name": "my_etl_project", "target_name": "dev", "node_id": "test.my_etl_project.not_null_stg_orders_amount.2546645448"} */

    
    select
      count(*) as failures,
      count(*) != 0 as should_warn,
      count(*) != 0 as should_error
    from (
      
    
  
    
    



select amount
from "my_etl_db"."main"."stg_orders"
where amount is null



  
  
      
    ) dbt_internal_test
[0m08:26:40.791298 [debug] [Thread-2 (]: Opening a new connection, currently in state closed
[0m08:26:40.791418 [debug] [Thread-3 (]: Opening a new connection, currently in state closed
[0m08:26:40.793176 [debug] [Thread-1 (]: SQL status: SELECT 1 in 0.006 seconds
[0m08:26:40.793688 [debug] [Thread-1 (]: On test.my_etl_project.not_null_stg_customers_region.dead58c348: ROLLBACK
[0m08:26:40.793882 [debug] [Thread-1 (]: On test.my_etl_project.not_null_stg_customers_region.dead58c348: Close
[0m08:26:40.794095 [info ] [Thread-1 (]: 13 of 37 PASS not_null_stg_customers_region .................................... [[32mPASS[0m in 0.02s]
[0m08:26:40.794294 [debug] [Thread-1 (]: Finished running node test.my_etl_project.not_null_stg_customers_region.dead58c348
[0m08:26:40.794478 [debug] [Thread-1 (]: Began running node test.my_etl_project.not_null_stg_orders_order_id.81cfe2fe64
[0m08:26:40.794809 [debug] [Thread-4 (]: SQL status: SELECT 1 in 0.004 seconds
[0m08:26:40.794641 [info ] [Thread-1 (]: 17 of 37 START test not_null_stg_orders_order_id ............................... [RUN]
[0m08:26:40.795334 [debug] [Thread-4 (]: On test.my_etl_project.not_null_stg_customers_segment.54e04798f3: ROLLBACK
[0m08:26:40.795484 [debug] [Thread-1 (]: Re-using an available connection from the pool (formerly test.my_etl_project.not_null_stg_customers_region.dead58c348, now test.my_etl_project.not_null_stg_orders_order_id.81cfe2fe64)
[0m08:26:40.795649 [debug] [Thread-1 (]: Began compiling node test.my_etl_project.not_null_stg_orders_order_id.81cfe2fe64
[0m08:26:40.795764 [debug] [Thread-4 (]: On test.my_etl_project.not_null_stg_customers_segment.54e04798f3: Close
[0m08:26:40.795888 [debug] [Thread-2 (]: SQL status: SELECT 1 in 0.005 seconds
[0m08:26:40.797255 [debug] [Thread-1 (]: Writing injected SQL for node "test.my_etl_project.not_null_stg_orders_order_id.81cfe2fe64"
[0m08:26:40.797395 [debug] [Thread-3 (]: SQL status: SELECT 1 in 0.006 seconds
[0m08:26:40.798002 [debug] [Thread-2 (]: On test.my_etl_project.not_null_stg_orders_customer_id.af79d5e4b5: ROLLBACK
[0m08:26:40.797578 [info ] [Thread-4 (]: 14 of 37 PASS not_null_stg_customers_segment ................................... [[32mPASS[0m in 0.02s]
[0m08:26:40.798503 [debug] [Thread-3 (]: On test.my_etl_project.not_null_stg_orders_amount.2546645448: ROLLBACK
[0m08:26:40.798717 [debug] [Thread-4 (]: Finished running node test.my_etl_project.not_null_stg_customers_segment.54e04798f3
[0m08:26:40.798839 [debug] [Thread-1 (]: Began executing node test.my_etl_project.not_null_stg_orders_order_id.81cfe2fe64
[0m08:26:40.798954 [debug] [Thread-2 (]: On test.my_etl_project.not_null_stg_orders_customer_id.af79d5e4b5: Close
[0m08:26:40.799176 [debug] [Thread-4 (]: Began running node test.my_etl_project.not_null_stg_orders_status.2b01eecbd6
[0m08:26:40.799301 [debug] [Thread-3 (]: On test.my_etl_project.not_null_stg_orders_amount.2546645448: Close
[0m08:26:40.800149 [debug] [Thread-1 (]: Writing runtime sql for node "test.my_etl_project.not_null_stg_orders_order_id.81cfe2fe64"
[0m08:26:40.800345 [info ] [Thread-2 (]: 16 of 37 PASS not_null_stg_orders_customer_id .................................. [[32mPASS[0m in 0.02s]
[0m08:26:40.800449 [info ] [Thread-4 (]: 18 of 37 START test not_null_stg_orders_status ................................. [RUN]
[0m08:26:40.800696 [info ] [Thread-3 (]: 15 of 37 PASS not_null_stg_orders_amount ....................................... [[32mPASS[0m in 0.02s]
[0m08:26:40.800904 [debug] [Thread-2 (]: Finished running node test.my_etl_project.not_null_stg_orders_customer_id.af79d5e4b5
[0m08:26:40.801050 [debug] [Thread-4 (]: Re-using an available connection from the pool (formerly test.my_etl_project.not_null_stg_customers_segment.54e04798f3, now test.my_etl_project.not_null_stg_orders_status.2b01eecbd6)
[0m08:26:40.801220 [debug] [Thread-3 (]: Finished running node test.my_etl_project.not_null_stg_orders_amount.2546645448
[0m08:26:40.801393 [debug] [Thread-2 (]: Began running node test.my_etl_project.not_null_stg_products_price_usd.1377dfd511
[0m08:26:40.801535 [debug] [Thread-1 (]: Using postgres connection "test.my_etl_project.not_null_stg_orders_order_id.81cfe2fe64"
[0m08:26:40.801665 [debug] [Thread-4 (]: Began compiling node test.my_etl_project.not_null_stg_orders_status.2b01eecbd6
[0m08:26:40.801816 [debug] [Thread-3 (]: Began running node test.my_etl_project.not_null_stg_products_product_id.6373b0acf3
[0m08:26:40.801959 [info ] [Thread-2 (]: 19 of 37 START test not_null_stg_products_price_usd ............................ [RUN]
[0m08:26:40.802122 [debug] [Thread-1 (]: On test.my_etl_project.not_null_stg_orders_order_id.81cfe2fe64: /* {"app": "dbt", "dbt_version": "1.11.7", "profile_name": "my_etl_project", "target_name": "dev", "node_id": "test.my_etl_project.not_null_stg_orders_order_id.81cfe2fe64"} */

    
    select
      count(*) as failures,
      count(*) != 0 as should_warn,
      count(*) != 0 as should_error
    from (
      
    
  
    
    



select order_id
from "my_etl_db"."main"."stg_orders"
where order_id is null



  
  
      
    ) dbt_internal_test
[0m08:26:40.803417 [debug] [Thread-4 (]: Writing injected SQL for node "test.my_etl_project.not_null_stg_orders_status.2b01eecbd6"
[0m08:26:40.803556 [info ] [Thread-3 (]: 20 of 37 START test not_null_stg_products_product_id ........................... [RUN]
[0m08:26:40.803702 [debug] [Thread-2 (]: Re-using an available connection from the pool (formerly test.my_etl_project.not_null_stg_orders_customer_id.af79d5e4b5, now test.my_etl_project.not_null_stg_products_price_usd.1377dfd511)
[0m08:26:40.803828 [debug] [Thread-1 (]: Opening a new connection, currently in state closed
[0m08:26:40.803982 [debug] [Thread-3 (]: Re-using an available connection from the pool (formerly test.my_etl_project.not_null_stg_orders_amount.2546645448, now test.my_etl_project.not_null_stg_products_product_id.6373b0acf3)
[0m08:26:40.804112 [debug] [Thread-2 (]: Began compiling node test.my_etl_project.not_null_stg_products_price_usd.1377dfd511
[0m08:26:40.804279 [debug] [Thread-4 (]: Began executing node test.my_etl_project.not_null_stg_orders_status.2b01eecbd6
[0m08:26:40.804396 [debug] [Thread-3 (]: Began compiling node test.my_etl_project.not_null_stg_products_product_id.6373b0acf3
[0m08:26:40.805791 [debug] [Thread-2 (]: Writing injected SQL for node "test.my_etl_project.not_null_stg_products_price_usd.1377dfd511"
[0m08:26:40.806602 [debug] [Thread-4 (]: Writing runtime sql for node "test.my_etl_project.not_null_stg_orders_status.2b01eecbd6"
[0m08:26:40.807944 [debug] [Thread-3 (]: Writing injected SQL for node "test.my_etl_project.not_null_stg_products_product_id.6373b0acf3"
[0m08:26:40.808255 [debug] [Thread-2 (]: Began executing node test.my_etl_project.not_null_stg_products_price_usd.1377dfd511
[0m08:26:40.808401 [debug] [Thread-4 (]: Using postgres connection "test.my_etl_project.not_null_stg_orders_status.2b01eecbd6"
[0m08:26:40.809193 [debug] [Thread-2 (]: Writing runtime sql for node "test.my_etl_project.not_null_stg_products_price_usd.1377dfd511"
[0m08:26:40.809335 [debug] [Thread-1 (]: SQL status: SELECT 1 in 0.006 seconds
[0m08:26:40.809456 [debug] [Thread-4 (]: On test.my_etl_project.not_null_stg_orders_status.2b01eecbd6: /* {"app": "dbt", "dbt_version": "1.11.7", "profile_name": "my_etl_project", "target_name": "dev", "node_id": "test.my_etl_project.not_null_stg_orders_status.2b01eecbd6"} */

    
    select
      count(*) as failures,
      count(*) != 0 as should_warn,
      count(*) != 0 as should_error
    from (
      
    
  
    
    



select status
from "my_etl_db"."main"."stg_orders"
where status is null



  
  
      
    ) dbt_internal_test
[0m08:26:40.809577 [debug] [Thread-3 (]: Began executing node test.my_etl_project.not_null_stg_products_product_id.6373b0acf3
[0m08:26:40.810077 [debug] [Thread-1 (]: On test.my_etl_project.not_null_stg_orders_order_id.81cfe2fe64: ROLLBACK
[0m08:26:40.810205 [debug] [Thread-4 (]: Opening a new connection, currently in state closed
[0m08:26:40.811769 [debug] [Thread-3 (]: Writing runtime sql for node "test.my_etl_project.not_null_stg_products_product_id.6373b0acf3"
[0m08:26:40.811913 [debug] [Thread-2 (]: Using postgres connection "test.my_etl_project.not_null_stg_products_price_usd.1377dfd511"
[0m08:26:40.812110 [debug] [Thread-1 (]: On test.my_etl_project.not_null_stg_orders_order_id.81cfe2fe64: Close
[0m08:26:40.812247 [debug] [Thread-2 (]: On test.my_etl_project.not_null_stg_products_price_usd.1377dfd511: /* {"app": "dbt", "dbt_version": "1.11.7", "profile_name": "my_etl_project", "target_name": "dev", "node_id": "test.my_etl_project.not_null_stg_products_price_usd.1377dfd511"} */

    
    select
      count(*) as failures,
      count(*) != 0 as should_warn,
      count(*) != 0 as should_error
    from (
      
    
  
    
    



select price_usd
from "my_etl_db"."main"."stg_products"
where price_usd is null



  
  
      
    ) dbt_internal_test
[0m08:26:40.812459 [debug] [Thread-3 (]: Using postgres connection "test.my_etl_project.not_null_stg_products_product_id.6373b0acf3"
[0m08:26:40.812725 [debug] [Thread-2 (]: Opening a new connection, currently in state closed
[0m08:26:40.812627 [info ] [Thread-1 (]: 17 of 37 PASS not_null_stg_orders_order_id ..................................... [[32mPASS[0m in 0.02s]
[0m08:26:40.812897 [debug] [Thread-3 (]: On test.my_etl_project.not_null_stg_products_product_id.6373b0acf3: /* {"app": "dbt", "dbt_version": "1.11.7", "profile_name": "my_etl_project", "target_name": "dev", "node_id": "test.my_etl_project.not_null_stg_products_product_id.6373b0acf3"} */

    
    select
      count(*) as failures,
      count(*) != 0 as should_warn,
      count(*) != 0 as should_error
    from (
      
    
  
    
    



select product_id
from "my_etl_db"."main"."stg_products"
where product_id is null



  
  
      
    ) dbt_internal_test
[0m08:26:40.813133 [debug] [Thread-1 (]: Finished running node test.my_etl_project.not_null_stg_orders_order_id.81cfe2fe64
[0m08:26:40.813255 [debug] [Thread-3 (]: Opening a new connection, currently in state closed
[0m08:26:40.813392 [debug] [Thread-1 (]: Began running node test.my_etl_project.positive_values_fct_sales_amount.12d23854c3
[0m08:26:40.813587 [info ] [Thread-1 (]: 21 of 37 START test positive_values_fct_sales_amount ........................... [RUN]
[0m08:26:40.813734 [debug] [Thread-1 (]: Re-using an available connection from the pool (formerly test.my_etl_project.not_null_stg_orders_order_id.81cfe2fe64, now test.my_etl_project.positive_values_fct_sales_amount.12d23854c3)
[0m08:26:40.813857 [debug] [Thread-1 (]: Began compiling node test.my_etl_project.positive_values_fct_sales_amount.12d23854c3
[0m08:26:40.815816 [debug] [Thread-1 (]: Writing injected SQL for node "test.my_etl_project.positive_values_fct_sales_amount.12d23854c3"
[0m08:26:40.816113 [debug] [Thread-1 (]: Began executing node test.my_etl_project.positive_values_fct_sales_amount.12d23854c3
[0m08:26:40.816908 [debug] [Thread-1 (]: Writing runtime sql for node "test.my_etl_project.positive_values_fct_sales_amount.12d23854c3"
[0m08:26:40.817047 [debug] [Thread-3 (]: SQL status: SELECT 1 in 0.004 seconds
[0m08:26:40.817173 [debug] [Thread-2 (]: SQL status: SELECT 1 in 0.004 seconds
[0m08:26:40.817288 [debug] [Thread-4 (]: SQL status: SELECT 1 in 0.007 seconds
[0m08:26:40.817770 [debug] [Thread-3 (]: On test.my_etl_project.not_null_stg_products_product_id.6373b0acf3: ROLLBACK
[0m08:26:40.818172 [debug] [Thread-2 (]: On test.my_etl_project.not_null_stg_products_price_usd.1377dfd511: ROLLBACK
[0m08:26:40.818567 [debug] [Thread-4 (]: On test.my_etl_project.not_null_stg_orders_status.2b01eecbd6: ROLLBACK
[0m08:26:40.818695 [debug] [Thread-1 (]: Using postgres connection "test.my_etl_project.positive_values_fct_sales_amount.12d23854c3"
[0m08:26:40.818926 [debug] [Thread-3 (]: On test.my_etl_project.not_null_stg_products_product_id.6373b0acf3: Close
[0m08:26:40.819093 [debug] [Thread-1 (]: On test.my_etl_project.positive_values_fct_sales_amount.12d23854c3: /* {"app": "dbt", "dbt_version": "1.11.7", "profile_name": "my_etl_project", "target_name": "dev", "node_id": "test.my_etl_project.positive_values_fct_sales_amount.12d23854c3"} */

    
    select
      count(*) as failures,
      count(*) != 0 as should_warn,
      count(*) != 0 as should_error
    from (
      
    
  

SELECT *
FROM "my_etl_db"."main_analytics"."fct_sales"
WHERE amount <= 0
  AND amount IS NOT NULL


  
  
      
    ) dbt_internal_test
[0m08:26:40.819220 [debug] [Thread-4 (]: On test.my_etl_project.not_null_stg_orders_status.2b01eecbd6: Close
[0m08:26:40.819338 [debug] [Thread-2 (]: On test.my_etl_project.not_null_stg_products_price_usd.1377dfd511: Close
[0m08:26:40.819645 [debug] [Thread-1 (]: Opening a new connection, currently in state closed
[0m08:26:40.819549 [info ] [Thread-3 (]: 20 of 37 PASS not_null_stg_products_product_id ................................. [[32mPASS[0m in 0.02s]
[0m08:26:40.819866 [info ] [Thread-4 (]: 18 of 37 PASS not_null_stg_orders_status ....................................... [[32mPASS[0m in 0.02s]
[0m08:26:40.820070 [info ] [Thread-2 (]: 19 of 37 PASS not_null_stg_products_price_usd .................................. [[32mPASS[0m in 0.02s]
[0m08:26:40.820293 [debug] [Thread-3 (]: Finished running node test.my_etl_project.not_null_stg_products_product_id.6373b0acf3
[0m08:26:40.820471 [debug] [Thread-4 (]: Finished running node test.my_etl_project.not_null_stg_orders_status.2b01eecbd6
[0m08:26:40.820638 [debug] [Thread-2 (]: Finished running node test.my_etl_project.not_null_stg_products_price_usd.1377dfd511
[0m08:26:40.820778 [debug] [Thread-3 (]: Began running node test.my_etl_project.positive_values_stg_orders_amount.5ee405780e
[0m08:26:40.820937 [debug] [Thread-4 (]: Began running node test.my_etl_project.positive_values_stg_products_price_usd.24ebdc0599
[0m08:26:40.821084 [debug] [Thread-2 (]: Began running node test.my_etl_project.relationships_stg_orders_customer_id__customer_id__ref_stg_customers_.430bf21500
[0m08:26:40.821224 [info ] [Thread-3 (]: 22 of 37 START test positive_values_stg_orders_amount .......................... [RUN]
[0m08:26:40.821365 [info ] [Thread-4 (]: 23 of 37 START test positive_values_stg_products_price_usd ..................... [RUN]
[0m08:26:40.821512 [info ] [Thread-2 (]: 24 of 37 START test relationships_stg_orders_customer_id__customer_id__ref_stg_customers_  [RUN]
[0m08:26:40.821690 [debug] [Thread-3 (]: Re-using an available connection from the pool (formerly test.my_etl_project.not_null_stg_products_product_id.6373b0acf3, now test.my_etl_project.positive_values_stg_orders_amount.5ee405780e)
[0m08:26:40.821853 [debug] [Thread-4 (]: Re-using an available connection from the pool (formerly test.my_etl_project.not_null_stg_orders_status.2b01eecbd6, now test.my_etl_project.positive_values_stg_products_price_usd.24ebdc0599)
[0m08:26:40.821994 [debug] [Thread-2 (]: Re-using an available connection from the pool (formerly test.my_etl_project.not_null_stg_products_price_usd.1377dfd511, now test.my_etl_project.relationships_stg_orders_customer_id__customer_id__ref_stg_customers_.430bf21500)
[0m08:26:40.822123 [debug] [Thread-3 (]: Began compiling node test.my_etl_project.positive_values_stg_orders_amount.5ee405780e
[0m08:26:40.822249 [debug] [Thread-4 (]: Began compiling node test.my_etl_project.positive_values_stg_products_price_usd.24ebdc0599
[0m08:26:40.822373 [debug] [Thread-2 (]: Began compiling node test.my_etl_project.relationships_stg_orders_customer_id__customer_id__ref_stg_customers_.430bf21500
[0m08:26:40.823696 [debug] [Thread-3 (]: Writing injected SQL for node "test.my_etl_project.positive_values_stg_orders_amount.5ee405780e"
[0m08:26:40.824943 [debug] [Thread-4 (]: Writing injected SQL for node "test.my_etl_project.positive_values_stg_products_price_usd.24ebdc0599"
[0m08:26:40.827639 [debug] [Thread-2 (]: Writing injected SQL for node "test.my_etl_project.relationships_stg_orders_customer_id__customer_id__ref_stg_customers_.430bf21500"
[0m08:26:40.827789 [debug] [Thread-1 (]: SQL status: SELECT 1 in 0.008 seconds
[0m08:26:40.828383 [debug] [Thread-1 (]: On test.my_etl_project.positive_values_fct_sales_amount.12d23854c3: ROLLBACK
[0m08:26:40.828610 [debug] [Thread-4 (]: Began executing node test.my_etl_project.positive_values_stg_products_price_usd.24ebdc0599
[0m08:26:40.828731 [debug] [Thread-3 (]: Began executing node test.my_etl_project.positive_values_stg_orders_amount.5ee405780e
[0m08:26:40.828848 [debug] [Thread-1 (]: On test.my_etl_project.positive_values_fct_sales_amount.12d23854c3: Close
[0m08:26:40.828961 [debug] [Thread-2 (]: Began executing node test.my_etl_project.relationships_stg_orders_customer_id__customer_id__ref_stg_customers_.430bf21500
[0m08:26:40.829815 [debug] [Thread-4 (]: Writing runtime sql for node "test.my_etl_project.positive_values_stg_products_price_usd.24ebdc0599"
[0m08:26:40.830577 [debug] [Thread-3 (]: Writing runtime sql for node "test.my_etl_project.positive_values_stg_orders_amount.5ee405780e"
[0m08:26:40.831538 [debug] [Thread-2 (]: Writing runtime sql for node "test.my_etl_project.relationships_stg_orders_customer_id__customer_id__ref_stg_customers_.430bf21500"
[0m08:26:40.830786 [info ] [Thread-1 (]: 21 of 37 PASS positive_values_fct_sales_amount ................................. [[32mPASS[0m in 0.02s]
[0m08:26:40.831862 [debug] [Thread-1 (]: Finished running node test.my_etl_project.positive_values_fct_sales_amount.12d23854c3
[0m08:26:40.832044 [debug] [Thread-3 (]: Using postgres connection "test.my_etl_project.positive_values_stg_orders_amount.5ee405780e"
[0m08:26:40.832178 [debug] [Thread-4 (]: Using postgres connection "test.my_etl_project.positive_values_stg_products_price_usd.24ebdc0599"
[0m08:26:40.832314 [debug] [Thread-1 (]: Began running node test.my_etl_project.source_not_null_raw_raw_customers_customer_id.be576d1f05
[0m08:26:40.832491 [debug] [Thread-2 (]: Using postgres connection "test.my_etl_project.relationships_stg_orders_customer_id__customer_id__ref_stg_customers_.430bf21500"
[0m08:26:40.832622 [debug] [Thread-3 (]: On test.my_etl_project.positive_values_stg_orders_amount.5ee405780e: /* {"app": "dbt", "dbt_version": "1.11.7", "profile_name": "my_etl_project", "target_name": "dev", "node_id": "test.my_etl_project.positive_values_stg_orders_amount.5ee405780e"} */

    
    select
      count(*) as failures,
      count(*) != 0 as should_warn,
      count(*) != 0 as should_error
    from (
      
    
  

SELECT *
FROM "my_etl_db"."main"."stg_orders"
WHERE amount <= 0
  AND amount IS NOT NULL


  
  
      
    ) dbt_internal_test
[0m08:26:40.832765 [debug] [Thread-4 (]: On test.my_etl_project.positive_values_stg_products_price_usd.24ebdc0599: /* {"app": "dbt", "dbt_version": "1.11.7", "profile_name": "my_etl_project", "target_name": "dev", "node_id": "test.my_etl_project.positive_values_stg_products_price_usd.24ebdc0599"} */

    
    select
      count(*) as failures,
      count(*) != 0 as should_warn,
      count(*) != 0 as should_error
    from (
      
    
  

SELECT *
FROM "my_etl_db"."main"."stg_products"
WHERE price_usd <= 0
  AND price_usd IS NOT NULL


  
  
      
    ) dbt_internal_test
[0m08:26:40.832905 [info ] [Thread-1 (]: 25 of 37 START test source_not_null_raw_raw_customers_customer_id .............. [RUN]
[0m08:26:40.833062 [debug] [Thread-2 (]: On test.my_etl_project.relationships_stg_orders_customer_id__customer_id__ref_stg_customers_.430bf21500: /* {"app": "dbt", "dbt_version": "1.11.7", "profile_name": "my_etl_project", "target_name": "dev", "node_id": "test.my_etl_project.relationships_stg_orders_customer_id__customer_id__ref_stg_customers_.430bf21500"} */

    
    select
      count(*) as failures,
      count(*) != 0 as should_warn,
      count(*) != 0 as should_error
    from (
      
    
  
    
    

with child as (
    select customer_id as from_field
    from "my_etl_db"."main"."stg_orders"
    where customer_id is not null
),

parent as (
    select customer_id as to_field
    from "my_etl_db"."main"."stg_customers"
)

select
    from_field

from child
left join parent
    on child.from_field = parent.to_field

where parent.to_field is null



  
  
      
    ) dbt_internal_test
[0m08:26:40.833199 [debug] [Thread-3 (]: Opening a new connection, currently in state closed
[0m08:26:40.833315 [debug] [Thread-4 (]: Opening a new connection, currently in state closed
[0m08:26:40.833449 [debug] [Thread-1 (]: Re-using an available connection from the pool (formerly test.my_etl_project.positive_values_fct_sales_amount.12d23854c3, now test.my_etl_project.source_not_null_raw_raw_customers_customer_id.be576d1f05)
[0m08:26:40.833578 [debug] [Thread-2 (]: Opening a new connection, currently in state closed
[0m08:26:40.833787 [debug] [Thread-1 (]: Began compiling node test.my_etl_project.source_not_null_raw_raw_customers_customer_id.be576d1f05
[0m08:26:40.835212 [debug] [Thread-1 (]: Writing injected SQL for node "test.my_etl_project.source_not_null_raw_raw_customers_customer_id.be576d1f05"
[0m08:26:40.835399 [debug] [Thread-1 (]: Began executing node test.my_etl_project.source_not_null_raw_raw_customers_customer_id.be576d1f05
[0m08:26:40.837250 [debug] [Thread-1 (]: Writing runtime sql for node "test.my_etl_project.source_not_null_raw_raw_customers_customer_id.be576d1f05"
[0m08:26:40.837608 [debug] [Thread-1 (]: Using postgres connection "test.my_etl_project.source_not_null_raw_raw_customers_customer_id.be576d1f05"
[0m08:26:40.837736 [debug] [Thread-1 (]: On test.my_etl_project.source_not_null_raw_raw_customers_customer_id.be576d1f05: /* {"app": "dbt", "dbt_version": "1.11.7", "profile_name": "my_etl_project", "target_name": "dev", "node_id": "test.my_etl_project.source_not_null_raw_raw_customers_customer_id.be576d1f05"} */

    
    select
      count(*) as failures,
      count(*) != 0 as should_warn,
      count(*) != 0 as should_error
    from (
      
    
  
    
    



select customer_id
from "my_etl_db"."main_raw_ingestion"."raw_customers"
where customer_id is null



  
  
      
    ) dbt_internal_test
[0m08:26:40.837857 [debug] [Thread-1 (]: Opening a new connection, currently in state closed
[0m08:26:40.838516 [debug] [Thread-3 (]: SQL status: SELECT 1 in 0.005 seconds
[0m08:26:40.839000 [debug] [Thread-3 (]: On test.my_etl_project.positive_values_stg_orders_amount.5ee405780e: ROLLBACK
[0m08:26:40.839132 [debug] [Thread-2 (]: SQL status: SELECT 1 in 0.006 seconds
[0m08:26:40.839257 [debug] [Thread-4 (]: SQL status: SELECT 1 in 0.006 seconds
[0m08:26:40.839731 [debug] [Thread-2 (]: On test.my_etl_project.relationships_stg_orders_customer_id__customer_id__ref_stg_customers_.430bf21500: ROLLBACK
[0m08:26:40.839856 [debug] [Thread-3 (]: On test.my_etl_project.positive_values_stg_orders_amount.5ee405780e: Close
[0m08:26:40.840264 [debug] [Thread-4 (]: On test.my_etl_project.positive_values_stg_products_price_usd.24ebdc0599: ROLLBACK
[0m08:26:40.840505 [info ] [Thread-3 (]: 22 of 37 PASS positive_values_stg_orders_amount ................................ [[32mPASS[0m in 0.02s]
[0m08:26:40.840647 [debug] [Thread-2 (]: On test.my_etl_project.relationships_stg_orders_customer_id__customer_id__ref_stg_customers_.430bf21500: Close
[0m08:26:40.840845 [debug] [Thread-3 (]: Finished running node test.my_etl_project.positive_values_stg_orders_amount.5ee405780e
[0m08:26:40.840971 [debug] [Thread-4 (]: On test.my_etl_project.positive_values_stg_products_price_usd.24ebdc0599: Close
[0m08:26:40.841262 [debug] [Thread-3 (]: Began running node test.my_etl_project.source_not_null_raw_raw_orders_customer_id.e85b23b048
[0m08:26:40.841148 [info ] [Thread-2 (]: 24 of 37 PASS relationships_stg_orders_customer_id__customer_id__ref_stg_customers_  [[32mPASS[0m in 0.02s]
[0m08:26:40.841704 [debug] [Thread-1 (]: SQL status: SELECT 1 in 0.004 seconds
[0m08:26:40.841507 [info ] [Thread-4 (]: 23 of 37 PASS positive_values_stg_products_price_usd ........................... [[32mPASS[0m in 0.02s]
[0m08:26:40.841907 [debug] [Thread-2 (]: Finished running node test.my_etl_project.relationships_stg_orders_customer_id__customer_id__ref_stg_customers_.430bf21500
[0m08:26:40.841611 [info ] [Thread-3 (]: 26 of 37 START test source_not_null_raw_raw_orders_customer_id ................. [RUN]
[0m08:26:40.842375 [debug] [Thread-1 (]: On test.my_etl_project.source_not_null_raw_raw_customers_customer_id.be576d1f05: ROLLBACK
[0m08:26:40.842554 [debug] [Thread-4 (]: Finished running node test.my_etl_project.positive_values_stg_products_price_usd.24ebdc0599
[0m08:26:40.842687 [debug] [Thread-2 (]: Began running node test.my_etl_project.source_not_null_raw_raw_orders_order_id.c81aad1dcf
[0m08:26:40.842835 [debug] [Thread-3 (]: Re-using an available connection from the pool (formerly test.my_etl_project.positive_values_stg_orders_amount.5ee405780e, now test.my_etl_project.source_not_null_raw_raw_orders_customer_id.e85b23b048)
[0m08:26:40.843014 [debug] [Thread-4 (]: Began running node test.my_etl_project.source_not_null_raw_raw_products_product_id.ae924bb9c1
[0m08:26:40.843167 [debug] [Thread-1 (]: On test.my_etl_project.source_not_null_raw_raw_customers_customer_id.be576d1f05: Close
[0m08:26:40.843281 [info ] [Thread-2 (]: 27 of 37 START test source_not_null_raw_raw_orders_order_id .................... [RUN]
[0m08:26:40.843431 [debug] [Thread-3 (]: Began compiling node test.my_etl_project.source_not_null_raw_raw_orders_customer_id.e85b23b048
[0m08:26:40.843550 [info ] [Thread-4 (]: 28 of 37 START test source_not_null_raw_raw_products_product_id ................ [RUN]
[0m08:26:40.843860 [debug] [Thread-2 (]: Re-using an available connection from the pool (formerly test.my_etl_project.relationships_stg_orders_customer_id__customer_id__ref_stg_customers_.430bf21500, now test.my_etl_project.source_not_null_raw_raw_orders_order_id.c81aad1dcf)
[0m08:26:40.843748 [info ] [Thread-1 (]: 25 of 37 PASS source_not_null_raw_raw_customers_customer_id .................... [[32mPASS[0m in 0.01s]
[0m08:26:40.845374 [debug] [Thread-3 (]: Writing injected SQL for node "test.my_etl_project.source_not_null_raw_raw_orders_customer_id.e85b23b048"
[0m08:26:40.845518 [debug] [Thread-4 (]: Re-using an available connection from the pool (formerly test.my_etl_project.positive_values_stg_products_price_usd.24ebdc0599, now test.my_etl_project.source_not_null_raw_raw_products_product_id.ae924bb9c1)
[0m08:26:40.845653 [debug] [Thread-2 (]: Began compiling node test.my_etl_project.source_not_null_raw_raw_orders_order_id.c81aad1dcf
[0m08:26:40.845826 [debug] [Thread-1 (]: Finished running node test.my_etl_project.source_not_null_raw_raw_customers_customer_id.be576d1f05
[0m08:26:40.845987 [debug] [Thread-4 (]: Began compiling node test.my_etl_project.source_not_null_raw_raw_products_product_id.ae924bb9c1
[0m08:26:40.847311 [debug] [Thread-2 (]: Writing injected SQL for node "test.my_etl_project.source_not_null_raw_raw_orders_order_id.c81aad1dcf"
[0m08:26:40.847480 [debug] [Thread-1 (]: Began running node test.my_etl_project.source_unique_raw_raw_customers_customer_id.b79e6b4a34
[0m08:26:40.847621 [debug] [Thread-3 (]: Began executing node test.my_etl_project.source_not_null_raw_raw_orders_customer_id.e85b23b048
[0m08:26:40.848947 [debug] [Thread-4 (]: Writing injected SQL for node "test.my_etl_project.source_not_null_raw_raw_products_product_id.ae924bb9c1"
[0m08:26:40.849121 [info ] [Thread-1 (]: 29 of 37 START test source_unique_raw_raw_customers_customer_id ................ [RUN]
[0m08:26:40.850026 [debug] [Thread-3 (]: Writing runtime sql for node "test.my_etl_project.source_not_null_raw_raw_orders_customer_id.e85b23b048"
[0m08:26:40.850207 [debug] [Thread-2 (]: Began executing node test.my_etl_project.source_not_null_raw_raw_orders_order_id.c81aad1dcf
[0m08:26:40.850359 [debug] [Thread-1 (]: Re-using an available connection from the pool (formerly test.my_etl_project.source_not_null_raw_raw_customers_customer_id.be576d1f05, now test.my_etl_project.source_unique_raw_raw_customers_customer_id.b79e6b4a34)
[0m08:26:40.851189 [debug] [Thread-2 (]: Writing runtime sql for node "test.my_etl_project.source_not_null_raw_raw_orders_order_id.c81aad1dcf"
[0m08:26:40.851321 [debug] [Thread-1 (]: Began compiling node test.my_etl_project.source_unique_raw_raw_customers_customer_id.b79e6b4a34
[0m08:26:40.851431 [debug] [Thread-4 (]: Began executing node test.my_etl_project.source_not_null_raw_raw_products_product_id.ae924bb9c1
[0m08:26:40.851609 [debug] [Thread-3 (]: Using postgres connection "test.my_etl_project.source_not_null_raw_raw_orders_customer_id.e85b23b048"
[0m08:26:40.853629 [debug] [Thread-1 (]: Writing injected SQL for node "test.my_etl_project.source_unique_raw_raw_customers_customer_id.b79e6b4a34"
[0m08:26:40.854429 [debug] [Thread-4 (]: Writing runtime sql for node "test.my_etl_project.source_not_null_raw_raw_products_product_id.ae924bb9c1"
[0m08:26:40.854598 [debug] [Thread-2 (]: Using postgres connection "test.my_etl_project.source_not_null_raw_raw_orders_order_id.c81aad1dcf"
[0m08:26:40.854739 [debug] [Thread-3 (]: On test.my_etl_project.source_not_null_raw_raw_orders_customer_id.e85b23b048: /* {"app": "dbt", "dbt_version": "1.11.7", "profile_name": "my_etl_project", "target_name": "dev", "node_id": "test.my_etl_project.source_not_null_raw_raw_orders_customer_id.e85b23b048"} */

    
    select
      count(*) as failures,
      count(*) != 0 as should_warn,
      count(*) != 0 as should_error
    from (
      
    
  
    
    



select customer_id
from "my_etl_db"."main_raw_ingestion"."raw_orders"
where customer_id is null



  
  
      
    ) dbt_internal_test
[0m08:26:40.854967 [debug] [Thread-2 (]: On test.my_etl_project.source_not_null_raw_raw_orders_order_id.c81aad1dcf: /* {"app": "dbt", "dbt_version": "1.11.7", "profile_name": "my_etl_project", "target_name": "dev", "node_id": "test.my_etl_project.source_not_null_raw_raw_orders_order_id.c81aad1dcf"} */

    
    select
      count(*) as failures,
      count(*) != 0 as should_warn,
      count(*) != 0 as should_error
    from (
      
    
  
    
    



select order_id
from "my_etl_db"."main_raw_ingestion"."raw_orders"
where order_id is null



  
  
      
    ) dbt_internal_test
[0m08:26:40.855119 [debug] [Thread-3 (]: Opening a new connection, currently in state closed
[0m08:26:40.855232 [debug] [Thread-1 (]: Began executing node test.my_etl_project.source_unique_raw_raw_customers_customer_id.b79e6b4a34
[0m08:26:40.855355 [debug] [Thread-2 (]: Opening a new connection, currently in state closed
[0m08:26:40.855474 [debug] [Thread-4 (]: Using postgres connection "test.my_etl_project.source_not_null_raw_raw_products_product_id.ae924bb9c1"
[0m08:26:40.856283 [debug] [Thread-1 (]: Writing runtime sql for node "test.my_etl_project.source_unique_raw_raw_customers_customer_id.b79e6b4a34"
[0m08:26:40.856471 [debug] [Thread-4 (]: On test.my_etl_project.source_not_null_raw_raw_products_product_id.ae924bb9c1: /* {"app": "dbt", "dbt_version": "1.11.7", "profile_name": "my_etl_project", "target_name": "dev", "node_id": "test.my_etl_project.source_not_null_raw_raw_products_product_id.ae924bb9c1"} */

    
    select
      count(*) as failures,
      count(*) != 0 as should_warn,
      count(*) != 0 as should_error
    from (
      
    
  
    
    



select product_id
from "my_etl_db"."main_raw_ingestion"."raw_products"
where product_id is null



  
  
      
    ) dbt_internal_test
[0m08:26:40.856713 [debug] [Thread-4 (]: Opening a new connection, currently in state closed
[0m08:26:40.856947 [debug] [Thread-1 (]: Using postgres connection "test.my_etl_project.source_unique_raw_raw_customers_customer_id.b79e6b4a34"
[0m08:26:40.857084 [debug] [Thread-1 (]: On test.my_etl_project.source_unique_raw_raw_customers_customer_id.b79e6b4a34: /* {"app": "dbt", "dbt_version": "1.11.7", "profile_name": "my_etl_project", "target_name": "dev", "node_id": "test.my_etl_project.source_unique_raw_raw_customers_customer_id.b79e6b4a34"} */

    
    select
      count(*) as failures,
      count(*) != 0 as should_warn,
      count(*) != 0 as should_error
    from (
      
    
  
    
    

select
    customer_id as unique_field,
    count(*) as n_records

from "my_etl_db"."main_raw_ingestion"."raw_customers"
where customer_id is not null
group by customer_id
having count(*) > 1



  
  
      
    ) dbt_internal_test
[0m08:26:40.857205 [debug] [Thread-1 (]: Opening a new connection, currently in state closed
[0m08:26:40.859189 [debug] [Thread-3 (]: SQL status: SELECT 1 in 0.004 seconds
[0m08:26:40.859747 [debug] [Thread-3 (]: On test.my_etl_project.source_not_null_raw_raw_orders_customer_id.e85b23b048: ROLLBACK
[0m08:26:40.860119 [debug] [Thread-3 (]: On test.my_etl_project.source_not_null_raw_raw_orders_customer_id.e85b23b048: Close
[0m08:26:40.860354 [debug] [Thread-2 (]: SQL status: SELECT 1 in 0.005 seconds
[0m08:26:40.861182 [debug] [Thread-2 (]: On test.my_etl_project.source_not_null_raw_raw_orders_order_id.c81aad1dcf: ROLLBACK
[0m08:26:40.860575 [info ] [Thread-3 (]: 26 of 37 PASS source_not_null_raw_raw_orders_customer_id ....................... [[32mPASS[0m in 0.02s]
[0m08:26:40.861358 [debug] [Thread-4 (]: SQL status: SELECT 1 in 0.005 seconds
[0m08:26:40.861483 [debug] [Thread-1 (]: SQL status: SELECT 1 in 0.004 seconds
[0m08:26:40.861694 [debug] [Thread-3 (]: Finished running node test.my_etl_project.source_not_null_raw_raw_orders_customer_id.e85b23b048
[0m08:26:40.861814 [debug] [Thread-2 (]: On test.my_etl_project.source_not_null_raw_raw_orders_order_id.c81aad1dcf: Close
[0m08:26:40.862231 [debug] [Thread-4 (]: On test.my_etl_project.source_not_null_raw_raw_products_product_id.ae924bb9c1: ROLLBACK
[0m08:26:40.862613 [debug] [Thread-1 (]: On test.my_etl_project.source_unique_raw_raw_customers_customer_id.b79e6b4a34: ROLLBACK
[0m08:26:40.862763 [debug] [Thread-3 (]: Began running node test.my_etl_project.source_unique_raw_raw_orders_order_id.2b32ac9945
[0m08:26:40.863002 [info ] [Thread-2 (]: 27 of 37 PASS source_not_null_raw_raw_orders_order_id .......................... [[32mPASS[0m in 0.02s]
[0m08:26:40.863277 [debug] [Thread-4 (]: On test.my_etl_project.source_not_null_raw_raw_products_product_id.ae924bb9c1: Close
[0m08:26:40.863179 [info ] [Thread-3 (]: 30 of 37 START test source_unique_raw_raw_orders_order_id ...................... [RUN]
[0m08:26:40.863418 [debug] [Thread-1 (]: On test.my_etl_project.source_unique_raw_raw_customers_customer_id.b79e6b4a34: Close
[0m08:26:40.863587 [debug] [Thread-2 (]: Finished running node test.my_etl_project.source_not_null_raw_raw_orders_order_id.c81aad1dcf
[0m08:26:40.863934 [debug] [Thread-3 (]: Re-using an available connection from the pool (formerly test.my_etl_project.source_not_null_raw_raw_orders_customer_id.e85b23b048, now test.my_etl_project.source_unique_raw_raw_orders_order_id.2b32ac9945)
[0m08:26:40.863781 [info ] [Thread-4 (]: 28 of 37 PASS source_not_null_raw_raw_products_product_id ...................... [[32mPASS[0m in 0.02s]
[0m08:26:40.864182 [info ] [Thread-1 (]: 29 of 37 PASS source_unique_raw_raw_customers_customer_id ...................... [[32mPASS[0m in 0.01s]
[0m08:26:40.864330 [debug] [Thread-2 (]: Began running node test.my_etl_project.source_unique_raw_raw_products_product_id.7cefe963b6
[0m08:26:40.864472 [debug] [Thread-3 (]: Began compiling node test.my_etl_project.source_unique_raw_raw_orders_order_id.2b32ac9945
[0m08:26:40.864661 [debug] [Thread-4 (]: Finished running node test.my_etl_project.source_not_null_raw_raw_products_product_id.ae924bb9c1
[0m08:26:40.864841 [debug] [Thread-1 (]: Finished running node test.my_etl_project.source_unique_raw_raw_customers_customer_id.b79e6b4a34
[0m08:26:40.864970 [info ] [Thread-2 (]: 31 of 37 START test source_unique_raw_raw_products_product_id .................. [RUN]
[0m08:26:40.866574 [debug] [Thread-3 (]: Writing injected SQL for node "test.my_etl_project.source_unique_raw_raw_orders_order_id.2b32ac9945"
[0m08:26:40.866727 [debug] [Thread-4 (]: Began running node test.my_etl_project.unique_fct_sales_incremental_order_id.8822e17031
[0m08:26:40.866884 [debug] [Thread-1 (]: Began running node test.my_etl_project.unique_fct_sales_order_id.cfa4f433c5
[0m08:26:40.867032 [debug] [Thread-2 (]: Re-using an available connection from the pool (formerly test.my_etl_project.source_not_null_raw_raw_orders_order_id.c81aad1dcf, now test.my_etl_project.source_unique_raw_raw_products_product_id.7cefe963b6)
[0m08:26:40.867197 [info ] [Thread-4 (]: 32 of 37 START test unique_fct_sales_incremental_order_id ...................... [RUN]
[0m08:26:40.867371 [info ] [Thread-1 (]: 33 of 37 START test unique_fct_sales_order_id .................................. [RUN]
[0m08:26:40.867517 [debug] [Thread-2 (]: Began compiling node test.my_etl_project.source_unique_raw_raw_products_product_id.7cefe963b6
[0m08:26:40.867633 [debug] [Thread-3 (]: Began executing node test.my_etl_project.source_unique_raw_raw_orders_order_id.2b32ac9945
[0m08:26:40.867768 [debug] [Thread-4 (]: Re-using an available connection from the pool (formerly test.my_etl_project.source_not_null_raw_raw_products_product_id.ae924bb9c1, now test.my_etl_project.unique_fct_sales_incremental_order_id.8822e17031)
[0m08:26:40.867916 [debug] [Thread-1 (]: Re-using an available connection from the pool (formerly test.my_etl_project.source_unique_raw_raw_customers_customer_id.b79e6b4a34, now test.my_etl_project.unique_fct_sales_order_id.cfa4f433c5)
[0m08:26:40.869237 [debug] [Thread-2 (]: Writing injected SQL for node "test.my_etl_project.source_unique_raw_raw_products_product_id.7cefe963b6"
[0m08:26:40.870971 [debug] [Thread-3 (]: Writing runtime sql for node "test.my_etl_project.source_unique_raw_raw_orders_order_id.2b32ac9945"
[0m08:26:40.871111 [debug] [Thread-4 (]: Began compiling node test.my_etl_project.unique_fct_sales_incremental_order_id.8822e17031
[0m08:26:40.871243 [debug] [Thread-1 (]: Began compiling node test.my_etl_project.unique_fct_sales_order_id.cfa4f433c5
[0m08:26:40.872524 [debug] [Thread-4 (]: Writing injected SQL for node "test.my_etl_project.unique_fct_sales_incremental_order_id.8822e17031"
[0m08:26:40.873661 [debug] [Thread-1 (]: Writing injected SQL for node "test.my_etl_project.unique_fct_sales_order_id.cfa4f433c5"
[0m08:26:40.874002 [debug] [Thread-3 (]: Using postgres connection "test.my_etl_project.source_unique_raw_raw_orders_order_id.2b32ac9945"
[0m08:26:40.874131 [debug] [Thread-2 (]: Began executing node test.my_etl_project.source_unique_raw_raw_products_product_id.7cefe963b6
[0m08:26:40.874318 [debug] [Thread-3 (]: On test.my_etl_project.source_unique_raw_raw_orders_order_id.2b32ac9945: /* {"app": "dbt", "dbt_version": "1.11.7", "profile_name": "my_etl_project", "target_name": "dev", "node_id": "test.my_etl_project.source_unique_raw_raw_orders_order_id.2b32ac9945"} */

    
    select
      count(*) as failures,
      count(*) != 0 as should_warn,
      count(*) != 0 as should_error
    from (
      
    
  
    
    

select
    order_id as unique_field,
    count(*) as n_records

from "my_etl_db"."main_raw_ingestion"."raw_orders"
where order_id is not null
group by order_id
having count(*) > 1



  
  
      
    ) dbt_internal_test
[0m08:26:40.874446 [debug] [Thread-4 (]: Began executing node test.my_etl_project.unique_fct_sales_incremental_order_id.8822e17031
[0m08:26:40.875252 [debug] [Thread-2 (]: Writing runtime sql for node "test.my_etl_project.source_unique_raw_raw_products_product_id.7cefe963b6"
[0m08:26:40.875379 [debug] [Thread-1 (]: Began executing node test.my_etl_project.unique_fct_sales_order_id.cfa4f433c5
[0m08:26:40.875505 [debug] [Thread-3 (]: Opening a new connection, currently in state closed
[0m08:26:40.876246 [debug] [Thread-4 (]: Writing runtime sql for node "test.my_etl_project.unique_fct_sales_incremental_order_id.8822e17031"
[0m08:26:40.877096 [debug] [Thread-1 (]: Writing runtime sql for node "test.my_etl_project.unique_fct_sales_order_id.cfa4f433c5"
[0m08:26:40.877361 [debug] [Thread-2 (]: Using postgres connection "test.my_etl_project.source_unique_raw_raw_products_product_id.7cefe963b6"
[0m08:26:40.877515 [debug] [Thread-2 (]: On test.my_etl_project.source_unique_raw_raw_products_product_id.7cefe963b6: /* {"app": "dbt", "dbt_version": "1.11.7", "profile_name": "my_etl_project", "target_name": "dev", "node_id": "test.my_etl_project.source_unique_raw_raw_products_product_id.7cefe963b6"} */

    
    select
      count(*) as failures,
      count(*) != 0 as should_warn,
      count(*) != 0 as should_error
    from (
      
    
  
    
    

select
    product_id as unique_field,
    count(*) as n_records

from "my_etl_db"."main_raw_ingestion"."raw_products"
where product_id is not null
group by product_id
having count(*) > 1



  
  
      
    ) dbt_internal_test
[0m08:26:40.877675 [debug] [Thread-4 (]: Using postgres connection "test.my_etl_project.unique_fct_sales_incremental_order_id.8822e17031"
[0m08:26:40.877870 [debug] [Thread-2 (]: Opening a new connection, currently in state closed
[0m08:26:40.878069 [debug] [Thread-1 (]: Using postgres connection "test.my_etl_project.unique_fct_sales_order_id.cfa4f433c5"
[0m08:26:40.878210 [debug] [Thread-4 (]: On test.my_etl_project.unique_fct_sales_incremental_order_id.8822e17031: /* {"app": "dbt", "dbt_version": "1.11.7", "profile_name": "my_etl_project", "target_name": "dev", "node_id": "test.my_etl_project.unique_fct_sales_incremental_order_id.8822e17031"} */

    
    select
      count(*) as failures,
      count(*) != 0 as should_warn,
      count(*) != 0 as should_error
    from (
      
    
  
    
    

select
    order_id as unique_field,
    count(*) as n_records

from "my_etl_db"."main_analytics"."fct_sales_incremental"
where order_id is not null
group by order_id
having count(*) > 1



  
  
      
    ) dbt_internal_test
[0m08:26:40.878404 [debug] [Thread-1 (]: On test.my_etl_project.unique_fct_sales_order_id.cfa4f433c5: /* {"app": "dbt", "dbt_version": "1.11.7", "profile_name": "my_etl_project", "target_name": "dev", "node_id": "test.my_etl_project.unique_fct_sales_order_id.cfa4f433c5"} */

    
    select
      count(*) as failures,
      count(*) != 0 as should_warn,
      count(*) != 0 as should_error
    from (
      
    
  
    
    

select
    order_id as unique_field,
    count(*) as n_records

from "my_etl_db"."main_analytics"."fct_sales"
where order_id is not null
group by order_id
having count(*) > 1



  
  
      
    ) dbt_internal_test
[0m08:26:40.878536 [debug] [Thread-4 (]: Opening a new connection, currently in state closed
[0m08:26:40.878661 [debug] [Thread-1 (]: Opening a new connection, currently in state closed
[0m08:26:40.883164 [debug] [Thread-2 (]: SQL status: SELECT 1 in 0.005 seconds
[0m08:26:40.883296 [debug] [Thread-3 (]: SQL status: SELECT 1 in 0.008 seconds
[0m08:26:40.883817 [debug] [Thread-2 (]: On test.my_etl_project.source_unique_raw_raw_products_product_id.7cefe963b6: ROLLBACK
[0m08:26:40.884257 [debug] [Thread-3 (]: On test.my_etl_project.source_unique_raw_raw_orders_order_id.2b32ac9945: ROLLBACK
[0m08:26:40.884380 [debug] [Thread-4 (]: SQL status: SELECT 1 in 0.006 seconds
[0m08:26:40.884837 [debug] [Thread-4 (]: On test.my_etl_project.unique_fct_sales_incremental_order_id.8822e17031: ROLLBACK
[0m08:26:40.884960 [debug] [Thread-2 (]: On test.my_etl_project.source_unique_raw_raw_products_product_id.7cefe963b6: Close
[0m08:26:40.885079 [debug] [Thread-3 (]: On test.my_etl_project.source_unique_raw_raw_orders_order_id.2b32ac9945: Close
[0m08:26:40.885203 [debug] [Thread-1 (]: SQL status: SELECT 1 in 0.007 seconds
[0m08:26:40.885430 [info ] [Thread-2 (]: 31 of 37 PASS source_unique_raw_raw_products_product_id ........................ [[32mPASS[0m in 0.02s]
[0m08:26:40.885564 [debug] [Thread-4 (]: On test.my_etl_project.unique_fct_sales_incremental_order_id.8822e17031: Close
[0m08:26:40.886125 [debug] [Thread-1 (]: On test.my_etl_project.unique_fct_sales_order_id.cfa4f433c5: ROLLBACK
[0m08:26:40.885747 [info ] [Thread-3 (]: 30 of 37 PASS source_unique_raw_raw_orders_order_id ............................ [[32mPASS[0m in 0.02s]
[0m08:26:40.886328 [debug] [Thread-2 (]: Finished running node test.my_etl_project.source_unique_raw_raw_products_product_id.7cefe963b6
[0m08:26:40.886725 [debug] [Thread-3 (]: Finished running node test.my_etl_project.source_unique_raw_raw_orders_order_id.2b32ac9945
[0m08:26:40.886517 [info ] [Thread-4 (]: 32 of 37 PASS unique_fct_sales_incremental_order_id ............................ [[32mPASS[0m in 0.02s]
[0m08:26:40.886871 [debug] [Thread-1 (]: On test.my_etl_project.unique_fct_sales_order_id.cfa4f433c5: Close
[0m08:26:40.887013 [debug] [Thread-2 (]: Began running node test.my_etl_project.unique_int_orders_customers_order_id.abc701c6e1
[0m08:26:40.887175 [debug] [Thread-3 (]: Began running node test.my_etl_project.unique_stg_customers_customer_id.c7614daada
[0m08:26:40.887352 [debug] [Thread-4 (]: Finished running node test.my_etl_project.unique_fct_sales_incremental_order_id.8822e17031
[0m08:26:40.887535 [info ] [Thread-1 (]: 33 of 37 PASS unique_fct_sales_order_id ........................................ [[32mPASS[0m in 0.02s]
[0m08:26:40.887678 [info ] [Thread-2 (]: 34 of 37 START test unique_int_orders_customers_order_id ....................... [RUN]
[0m08:26:40.887816 [info ] [Thread-3 (]: 35 of 37 START test unique_stg_customers_customer_id ........................... [RUN]
[0m08:26:40.887956 [debug] [Thread-4 (]: Began running node test.my_etl_project.unique_stg_orders_order_id.e3b841c71a
[0m08:26:40.888133 [debug] [Thread-1 (]: Finished running node test.my_etl_project.unique_fct_sales_order_id.cfa4f433c5
[0m08:26:40.888273 [debug] [Thread-2 (]: Re-using an available connection from the pool (formerly test.my_etl_project.source_unique_raw_raw_products_product_id.7cefe963b6, now test.my_etl_project.unique_int_orders_customers_order_id.abc701c6e1)
[0m08:26:40.888418 [debug] [Thread-3 (]: Re-using an available connection from the pool (formerly test.my_etl_project.source_unique_raw_raw_orders_order_id.2b32ac9945, now test.my_etl_project.unique_stg_customers_customer_id.c7614daada)
[0m08:26:40.888549 [info ] [Thread-4 (]: 36 of 37 START test unique_stg_orders_order_id ................................. [RUN]
[0m08:26:40.888691 [debug] [Thread-1 (]: Began running node test.my_etl_project.unique_stg_products_product_id.7d950a1467
[0m08:26:40.888827 [debug] [Thread-2 (]: Began compiling node test.my_etl_project.unique_int_orders_customers_order_id.abc701c6e1
[0m08:26:40.888945 [debug] [Thread-3 (]: Began compiling node test.my_etl_project.unique_stg_customers_customer_id.c7614daada
[0m08:26:40.889075 [debug] [Thread-4 (]: Re-using an available connection from the pool (formerly test.my_etl_project.unique_fct_sales_incremental_order_id.8822e17031, now test.my_etl_project.unique_stg_orders_order_id.e3b841c71a)
[0m08:26:40.889202 [info ] [Thread-1 (]: 37 of 37 START test unique_stg_products_product_id ............................. [RUN]
[0m08:26:40.890625 [debug] [Thread-2 (]: Writing injected SQL for node "test.my_etl_project.unique_int_orders_customers_order_id.abc701c6e1"
[0m08:26:40.892010 [debug] [Thread-3 (]: Writing injected SQL for node "test.my_etl_project.unique_stg_customers_customer_id.c7614daada"
[0m08:26:40.892145 [debug] [Thread-4 (]: Began compiling node test.my_etl_project.unique_stg_orders_order_id.e3b841c71a
[0m08:26:40.892270 [debug] [Thread-1 (]: Re-using an available connection from the pool (formerly test.my_etl_project.unique_fct_sales_order_id.cfa4f433c5, now test.my_etl_project.unique_stg_products_product_id.7d950a1467)
[0m08:26:40.893575 [debug] [Thread-4 (]: Writing injected SQL for node "test.my_etl_project.unique_stg_orders_order_id.e3b841c71a"
[0m08:26:40.893721 [debug] [Thread-1 (]: Began compiling node test.my_etl_project.unique_stg_products_product_id.7d950a1467
[0m08:26:40.894957 [debug] [Thread-1 (]: Writing injected SQL for node "test.my_etl_project.unique_stg_products_product_id.7d950a1467"
[0m08:26:40.895093 [debug] [Thread-2 (]: Began executing node test.my_etl_project.unique_int_orders_customers_order_id.abc701c6e1
[0m08:26:40.895237 [debug] [Thread-3 (]: Began executing node test.my_etl_project.unique_stg_customers_customer_id.c7614daada
[0m08:26:40.896009 [debug] [Thread-2 (]: Writing runtime sql for node "test.my_etl_project.unique_int_orders_customers_order_id.abc701c6e1"
[0m08:26:40.896131 [debug] [Thread-4 (]: Began executing node test.my_etl_project.unique_stg_orders_order_id.e3b841c71a
[0m08:26:40.897578 [debug] [Thread-3 (]: Writing runtime sql for node "test.my_etl_project.unique_stg_customers_customer_id.c7614daada"
[0m08:26:40.897712 [debug] [Thread-1 (]: Began executing node test.my_etl_project.unique_stg_products_product_id.7d950a1467
[0m08:26:40.898527 [debug] [Thread-4 (]: Writing runtime sql for node "test.my_etl_project.unique_stg_orders_order_id.e3b841c71a"
[0m08:26:40.899378 [debug] [Thread-1 (]: Writing runtime sql for node "test.my_etl_project.unique_stg_products_product_id.7d950a1467"
[0m08:26:40.899525 [debug] [Thread-2 (]: Using postgres connection "test.my_etl_project.unique_int_orders_customers_order_id.abc701c6e1"
[0m08:26:40.899729 [debug] [Thread-3 (]: Using postgres connection "test.my_etl_project.unique_stg_customers_customer_id.c7614daada"
[0m08:26:40.899888 [debug] [Thread-2 (]: On test.my_etl_project.unique_int_orders_customers_order_id.abc701c6e1: /* {"app": "dbt", "dbt_version": "1.11.7", "profile_name": "my_etl_project", "target_name": "dev", "node_id": "test.my_etl_project.unique_int_orders_customers_order_id.abc701c6e1"} */

    
    select
      count(*) as failures,
      count(*) != 0 as should_warn,
      count(*) != 0 as should_error
    from (
      
    
  
    
    

select
    order_id as unique_field,
    count(*) as n_records

from "my_etl_db"."main"."int_orders_customers"
where order_id is not null
group by order_id
having count(*) > 1



  
  
      
    ) dbt_internal_test
[0m08:26:40.900056 [debug] [Thread-3 (]: On test.my_etl_project.unique_stg_customers_customer_id.c7614daada: /* {"app": "dbt", "dbt_version": "1.11.7", "profile_name": "my_etl_project", "target_name": "dev", "node_id": "test.my_etl_project.unique_stg_customers_customer_id.c7614daada"} */

    
    select
      count(*) as failures,
      count(*) != 0 as should_warn,
      count(*) != 0 as should_error
    from (
      
    
  
    
    

select
    customer_id as unique_field,
    count(*) as n_records

from "my_etl_db"."main"."stg_customers"
where customer_id is not null
group by customer_id
having count(*) > 1



  
  
      
    ) dbt_internal_test
[0m08:26:40.900189 [debug] [Thread-4 (]: Using postgres connection "test.my_etl_project.unique_stg_orders_order_id.e3b841c71a"
[0m08:26:40.900316 [debug] [Thread-2 (]: Opening a new connection, currently in state closed
[0m08:26:40.900442 [debug] [Thread-1 (]: Using postgres connection "test.my_etl_project.unique_stg_products_product_id.7d950a1467"
[0m08:26:40.900563 [debug] [Thread-3 (]: Opening a new connection, currently in state closed
[0m08:26:40.900691 [debug] [Thread-4 (]: On test.my_etl_project.unique_stg_orders_order_id.e3b841c71a: /* {"app": "dbt", "dbt_version": "1.11.7", "profile_name": "my_etl_project", "target_name": "dev", "node_id": "test.my_etl_project.unique_stg_orders_order_id.e3b841c71a"} */

    
    select
      count(*) as failures,
      count(*) != 0 as should_warn,
      count(*) != 0 as should_error
    from (
      
    
  
    
    

select
    order_id as unique_field,
    count(*) as n_records

from "my_etl_db"."main"."stg_orders"
where order_id is not null
group by order_id
having count(*) > 1



  
  
      
    ) dbt_internal_test
[0m08:26:40.900889 [debug] [Thread-1 (]: On test.my_etl_project.unique_stg_products_product_id.7d950a1467: /* {"app": "dbt", "dbt_version": "1.11.7", "profile_name": "my_etl_project", "target_name": "dev", "node_id": "test.my_etl_project.unique_stg_products_product_id.7d950a1467"} */

    
    select
      count(*) as failures,
      count(*) != 0 as should_warn,
      count(*) != 0 as should_error
    from (
      
    
  
    
    

select
    product_id as unique_field,
    count(*) as n_records

from "my_etl_db"."main"."stg_products"
where product_id is not null
group by product_id
having count(*) > 1



  
  
      
    ) dbt_internal_test
[0m08:26:40.901063 [debug] [Thread-4 (]: Opening a new connection, currently in state closed
[0m08:26:40.901180 [debug] [Thread-1 (]: Opening a new connection, currently in state closed
[0m08:26:40.906254 [debug] [Thread-3 (]: SQL status: SELECT 1 in 0.006 seconds
[0m08:26:40.906372 [debug] [Thread-4 (]: SQL status: SELECT 1 in 0.005 seconds
[0m08:26:40.906844 [debug] [Thread-3 (]: On test.my_etl_project.unique_stg_customers_customer_id.c7614daada: ROLLBACK
[0m08:26:40.906973 [debug] [Thread-2 (]: SQL status: SELECT 1 in 0.007 seconds
[0m08:26:40.907346 [debug] [Thread-4 (]: On test.my_etl_project.unique_stg_orders_order_id.e3b841c71a: ROLLBACK
[0m08:26:40.907471 [debug] [Thread-1 (]: SQL status: SELECT 1 in 0.006 seconds
[0m08:26:40.907885 [debug] [Thread-2 (]: On test.my_etl_project.unique_int_orders_customers_order_id.abc701c6e1: ROLLBACK
[0m08:26:40.908007 [debug] [Thread-3 (]: On test.my_etl_project.unique_stg_customers_customer_id.c7614daada: Close
[0m08:26:40.908411 [debug] [Thread-1 (]: On test.my_etl_project.unique_stg_products_product_id.7d950a1467: ROLLBACK
[0m08:26:40.908538 [debug] [Thread-4 (]: On test.my_etl_project.unique_stg_orders_order_id.e3b841c71a: Close
[0m08:26:40.908868 [debug] [Thread-2 (]: On test.my_etl_project.unique_int_orders_customers_order_id.abc701c6e1: Close
[0m08:26:40.908765 [info ] [Thread-3 (]: 35 of 37 PASS unique_stg_customers_customer_id ................................. [[32mPASS[0m in 0.02s]
[0m08:26:40.909009 [debug] [Thread-1 (]: On test.my_etl_project.unique_stg_products_product_id.7d950a1467: Close
[0m08:26:40.909195 [info ] [Thread-4 (]: 36 of 37 PASS unique_stg_orders_order_id ....................................... [[32mPASS[0m in 0.02s]
[0m08:26:40.909389 [info ] [Thread-2 (]: 34 of 37 PASS unique_int_orders_customers_order_id ............................. [[32mPASS[0m in 0.02s]
[0m08:26:40.909579 [debug] [Thread-3 (]: Finished running node test.my_etl_project.unique_stg_customers_customer_id.c7614daada
[0m08:26:40.909907 [debug] [Thread-4 (]: Finished running node test.my_etl_project.unique_stg_orders_order_id.e3b841c71a
[0m08:26:40.909761 [info ] [Thread-1 (]: 37 of 37 PASS unique_stg_products_product_id ................................... [[32mPASS[0m in 0.02s]
[0m08:26:40.910105 [debug] [Thread-2 (]: Finished running node test.my_etl_project.unique_int_orders_customers_order_id.abc701c6e1
[0m08:26:40.910352 [debug] [Thread-1 (]: Finished running node test.my_etl_project.unique_stg_products_product_id.7d950a1467
[0m08:26:40.910883 [debug] [MainThread]: On master: COMMIT
[0m08:26:40.911011 [debug] [MainThread]: Using postgres connection "master"
[0m08:26:40.911106 [debug] [MainThread]: On master: COMMIT
[0m08:26:40.911189 [debug] [MainThread]: Opening a new connection, currently in state closed
[0m08:26:40.915779 [debug] [MainThread]: SQL status: COMMIT in 0.005 seconds
[0m08:26:40.915879 [debug] [MainThread]: On master: Close
[0m08:26:40.915995 [debug] [MainThread]: Connection 'master' was properly closed.
[0m08:26:40.916079 [debug] [MainThread]: Connection 'test.my_etl_project.unique_stg_products_product_id.7d950a1467' was properly closed.
[0m08:26:40.916158 [debug] [MainThread]: Connection 'test.my_etl_project.unique_int_orders_customers_order_id.abc701c6e1' was properly closed.
[0m08:26:40.916234 [debug] [MainThread]: Connection 'test.my_etl_project.unique_stg_customers_customer_id.c7614daada' was properly closed.
[0m08:26:40.916308 [debug] [MainThread]: Connection 'test.my_etl_project.unique_stg_orders_order_id.e3b841c71a' was properly closed.
[0m08:26:40.916446 [info ] [MainThread]: 
[0m08:26:40.916565 [info ] [MainThread]: Finished running 37 data tests in 0 hours 0 minutes and 0.29 seconds (0.29s).
[0m08:26:40.918014 [debug] [MainThread]: Command end result
[0m08:26:40.929788 [debug] [MainThread]: Wrote artifact WritableManifest to /Users/aviraljain/Downloads/python advanced/my_etl_project/target/manifest.json
[0m08:26:40.930865 [debug] [MainThread]: Wrote artifact SemanticManifest to /Users/aviraljain/Downloads/python advanced/my_etl_project/target/semantic_manifest.json
[0m08:26:40.933930 [debug] [MainThread]: Wrote artifact RunExecutionResult to /Users/aviraljain/Downloads/python advanced/my_etl_project/target/run_results.json
[0m08:26:40.934052 [info ] [MainThread]: 
[0m08:26:40.934188 [info ] [MainThread]: [32mCompleted successfully[0m
[0m08:26:40.934311 [info ] [MainThread]: 
[0m08:26:40.934426 [info ] [MainThread]: Done. PASS=37 WARN=0 ERROR=0 SKIP=0 NO-OP=0 TOTAL=37
[0m08:26:40.936190 [debug] [MainThread]: Resource report: {"command_name": "test", "command_success": true, "command_wall_clock_time": 0.6379935, "process_in_blocks": "0", "process_kernel_time": 0.176081, "process_mem_max_rss": "147439616", "process_out_blocks": "0", "process_user_time": 0.982615}
[0m08:26:40.936365 [debug] [MainThread]: Command `dbt test` succeeded at 08:26:40.936334 after 0.64 seconds
[0m08:26:40.936506 [debug] [MainThread]: Sending event: {'category': 'dbt', 'action': 'invocation', 'label': 'end', 'context': [<snowplow_tracker.self_describing_json.SelfDescribingJson object at 0x105331ed0>, <snowplow_tracker.self_describing_json.SelfDescribingJson object at 0x109783290>, <snowplow_tracker.self_describing_json.SelfDescribingJson object at 0x10548f710>]}
[0m08:26:40.936651 [debug] [MainThread]: Flushing usage events
[0m08:26:41.992761 [debug] [MainThread]: An error was encountered while trying to flush usage events
[0m08:50:25.909890 [debug] [MainThread]: Sending event: {'category': 'dbt', 'action': 'invocation', 'label': 'start', 'context': [<snowplow_tracker.self_describing_json.SelfDescribingJson object at 0x10c08f4d0>, <snowplow_tracker.self_describing_json.SelfDescribingJson object at 0x10c10de10>, <snowplow_tracker.self_describing_json.SelfDescribingJson object at 0x10c10e490>]}


============================== 08:50:25.912052 | 5ca611ec-ee0b-4ecf-8988-9d1622a37117 ==============================
[0m08:50:25.912052 [info ] [MainThread]: Running with dbt=1.11.7
[0m08:50:25.912316 [debug] [MainThread]: running dbt with arguments {'empty': 'None', 'profiles_dir': '/Users/aviraljain/Downloads/python advanced/my_etl_project', 'fail_fast': 'False', 'introspect': 'True', 'log_path': '/Users/aviraljain/Downloads/python advanced/my_etl_project/logs', 'warn_error': 'None', 'static_parser': 'True', 'indirect_selection': 'eager', 'invocation_command': 'dbt debug', 'partial_parse': 'True', 'quiet': 'False', 'log_format': 'default', 'warn_error_options': 'WarnErrorOptionsV2(error=[], warn=[], silence=[])', 'cache_selected_only': 'False', 'debug': 'False', 'use_colors': 'True', 'version_check': 'True', 'printer_width': '80', 'log_cache_events': 'False', 'write_json': 'True', 'use_experimental_parser': 'False', 'no_print': 'None', 'send_anonymous_usage_stats': 'True', 'target_path': 'None'}
[0m08:50:25.920124 [info ] [MainThread]: dbt version: 1.11.7
[0m08:50:25.920300 [info ] [MainThread]: python version: 3.11.14
[0m08:50:25.920420 [info ] [MainThread]: python path: /Users/aviraljain/Downloads/python advanced/my_etl_project/venvdbt/bin/python3.11
[0m08:50:25.920527 [info ] [MainThread]: os info: macOS-26.3-arm64-arm-64bit
[0m08:50:25.959057 [info ] [MainThread]: Using profiles dir at /Users/aviraljain/Downloads/python advanced/my_etl_project
[0m08:50:25.959262 [info ] [MainThread]: Using profiles.yml file at /Users/aviraljain/Downloads/python advanced/my_etl_project/profiles.yml
[0m08:50:25.959372 [info ] [MainThread]: Using dbt_project.yml file at /Users/aviraljain/Downloads/python advanced/my_etl_project/dbt_project.yml
[0m08:50:25.959574 [info ] [MainThread]: adapter type: postgres
[0m08:50:25.959715 [info ] [MainThread]: adapter version: 1.10.0
[0m08:50:25.992956 [info ] [MainThread]: Configuration:
[0m08:50:25.993175 [info ] [MainThread]:   profiles.yml file [[32mOK found and valid[0m]
[0m08:50:25.993292 [info ] [MainThread]:   dbt_project.yml file [[32mOK found and valid[0m]
[0m08:50:25.993392 [info ] [MainThread]: Required dependencies:
[0m08:50:25.993534 [debug] [MainThread]: Executing "git --help"
[0m08:50:26.007100 [debug] [MainThread]: STDOUT: "b"usage: git [-v | --version] [-h | --help] [-C <path>] [-c <name>=<value>]\n           [--exec-path[=<path>]] [--html-path] [--man-path] [--info-path]\n           [-p | --paginate | -P | --no-pager] [--no-replace-objects] [--no-lazy-fetch]\n           [--no-optional-locks] [--no-advice] [--bare] [--git-dir=<path>]\n           [--work-tree=<path>] [--namespace=<name>] [--config-env=<name>=<envvar>]\n           <command> [<args>]\n\nThese are common Git commands used in various situations:\n\nstart a working area (see also: git help tutorial)\n   clone      Clone a repository into a new directory\n   init       Create an empty Git repository or reinitialize an existing one\n\nwork on the current change (see also: git help everyday)\n   add        Add file contents to the index\n   mv         Move or rename a file, a directory, or a symlink\n   restore    Restore working tree files\n   rm         Remove files from the working tree and from the index\n\nexamine the history and state (see also: git help revisions)\n   bisect     Use binary search to find the commit that introduced a bug\n   diff       Show changes between commits, commit and working tree, etc\n   grep       Print lines matching a pattern\n   log        Show commit logs\n   show       Show various types of objects\n   status     Show the working tree status\n\ngrow, mark and tweak your common history\n   backfill   Download missing objects in a partial clone\n   branch     List, create, or delete branches\n   commit     Record changes to the repository\n   merge      Join two or more development histories together\n   rebase     Reapply commits on top of another base tip\n   reset      Reset current HEAD to the specified state\n   switch     Switch branches\n   tag        Create, list, delete or verify a tag object signed with GPG\n\ncollaborate (see also: git help workflows)\n   fetch      Download objects and refs from another repository\n   pull       Fetch from and integrate with another repository or a local branch\n   push       Update remote refs along with associated objects\n\n'git help -a' and 'git help -g' list available subcommands and some\nconcept guides. See 'git help <command>' or 'git help <concept>'\nto read about a specific subcommand or concept.\nSee 'git help git' for an overview of the system.\n""
[0m08:50:26.007539 [debug] [MainThread]: STDERR: "b''"
[0m08:50:26.007668 [info ] [MainThread]:  - git [[32mOK found[0m]

[0m08:50:26.007802 [info ] [MainThread]: Connection:
[0m08:50:26.007939 [info ] [MainThread]:   host: localhost
[0m08:50:26.008035 [info ] [MainThread]:   port: 5432
[0m08:50:26.008132 [info ] [MainThread]:   user: aviraljain
[0m08:50:26.008220 [info ] [MainThread]:   database: my_etl_db
[0m08:50:26.008310 [info ] [MainThread]:   schema: main
[0m08:50:26.008401 [info ] [MainThread]:   connect_timeout: 10
[0m08:50:26.008492 [info ] [MainThread]:   role: None
[0m08:50:26.008586 [info ] [MainThread]:   search_path: None
[0m08:50:26.008674 [info ] [MainThread]:   keepalives_idle: 0
[0m08:50:26.008764 [info ] [MainThread]:   sslmode: None
[0m08:50:26.008855 [info ] [MainThread]:   sslcert: None
[0m08:50:26.008944 [info ] [MainThread]:   sslkey: None
[0m08:50:26.009032 [info ] [MainThread]:   sslrootcert: None
[0m08:50:26.009123 [info ] [MainThread]:   application_name: dbt
[0m08:50:26.009216 [info ] [MainThread]:   retries: 1
[0m08:50:26.009492 [info ] [MainThread]: Registered adapter: postgres=1.10.0
[0m08:50:26.054019 [debug] [MainThread]: Acquiring new postgres connection 'debug'
[0m08:50:26.074979 [debug] [MainThread]: Using postgres connection "debug"
[0m08:50:26.075153 [debug] [MainThread]: On debug: select 1 as id
[0m08:50:26.075265 [debug] [MainThread]: Opening a new connection, currently in state init
[0m08:50:26.175282 [debug] [MainThread]: SQL status: SELECT 1 in 0.100 seconds
[0m08:50:26.175836 [debug] [MainThread]: On debug: Close
[0m08:50:26.176005 [info ] [MainThread]:   Connection test: [[32mOK connection ok[0m]

[0m08:50:26.176155 [info ] [MainThread]: [32mAll checks passed![0m
[0m08:50:26.178661 [debug] [MainThread]: Resource report: {"command_name": "debug", "command_success": true, "command_wall_clock_time": 0.29939112, "process_in_blocks": "0", "process_kernel_time": 0.164654, "process_mem_max_rss": "135299072", "process_out_blocks": "0", "process_user_time": 0.569961}
[0m08:50:26.178964 [debug] [MainThread]: Command `dbt debug` succeeded at 08:50:26.178898 after 0.30 seconds
[0m08:50:26.179141 [debug] [MainThread]: Connection 'debug' was properly closed.
[0m08:50:26.179329 [debug] [MainThread]: Sending event: {'category': 'dbt', 'action': 'invocation', 'label': 'end', 'context': [<snowplow_tracker.self_describing_json.SelfDescribingJson object at 0x102d65290>, <snowplow_tracker.self_describing_json.SelfDescribingJson object at 0x10c85ed10>, <snowplow_tracker.self_describing_json.SelfDescribingJson object at 0x10c0f9910>]}
[0m08:50:26.179538 [debug] [MainThread]: Flushing usage events
[0m08:50:27.323939 [debug] [MainThread]: An error was encountered while trying to flush usage events
[0m08:50:43.079092 [debug] [MainThread]: Sending event: {'category': 'dbt', 'action': 'invocation', 'label': 'start', 'context': [<snowplow_tracker.self_describing_json.SelfDescribingJson object at 0x10dbb7a50>, <snowplow_tracker.self_describing_json.SelfDescribingJson object at 0x10dc21410>, <snowplow_tracker.self_describing_json.SelfDescribingJson object at 0x10dc36b10>]}


============================== 08:50:43.081261 | 80111eff-d7bd-4af4-9f9f-1190f4c4df0d ==============================
[0m08:50:43.081261 [info ] [MainThread]: Running with dbt=1.11.7
[0m08:50:43.081500 [debug] [MainThread]: running dbt with arguments {'use_experimental_parser': 'False', 'debug': 'False', 'empty': 'None', 'write_json': 'True', 'fail_fast': 'False', 'send_anonymous_usage_stats': 'True', 'version_check': 'True', 'printer_width': '80', 'introspect': 'True', 'partial_parse': 'True', 'log_format': 'default', 'warn_error': 'None', 'quiet': 'False', 'profiles_dir': '/Users/aviraljain/Downloads/python advanced/my_etl_project', 'use_colors': 'True', 'log_cache_events': 'False', 'indirect_selection': 'eager', 'invocation_command': 'dbt seed', 'no_print': 'None', 'log_path': '/Users/aviraljain/Downloads/python advanced/my_etl_project/logs', 'target_path': 'None', 'cache_selected_only': 'False', 'static_parser': 'True', 'warn_error_options': 'WarnErrorOptionsV2(error=[], warn=[], silence=[])'}
[0m08:50:43.158752 [debug] [MainThread]: Sending event: {'category': 'dbt', 'action': 'project_id', 'label': '80111eff-d7bd-4af4-9f9f-1190f4c4df0d', 'context': [<snowplow_tracker.self_describing_json.SelfDescribingJson object at 0x10dbc7950>]}
[0m08:50:43.178181 [debug] [MainThread]: Sending event: {'category': 'dbt', 'action': 'adapter_info', 'label': '80111eff-d7bd-4af4-9f9f-1190f4c4df0d', 'context': [<snowplow_tracker.self_describing_json.SelfDescribingJson object at 0x10dc7c7d0>]}
[0m08:50:43.178569 [info ] [MainThread]: Registered adapter: postgres=1.10.0
[0m08:50:43.225446 [debug] [MainThread]: checksum: b80718358155fc17c3559352095564dd56ada1cc1a1c0ef2e62c857e71583775, vars: {}, profile: , target: , version: 1.11.7
[0m08:50:43.290689 [debug] [MainThread]: Partial parsing enabled: 0 files deleted, 0 files added, 0 files changed.
[0m08:50:43.290885 [debug] [MainThread]: Nothing changed, skipping partial parsing.
[0m08:50:43.290993 [debug] [MainThread]: Partial parsing enabled, no changes found, skipping parsing
[0m08:50:43.311774 [debug] [MainThread]: Sending event: {'category': 'dbt', 'action': 'load_project', 'label': '80111eff-d7bd-4af4-9f9f-1190f4c4df0d', 'context': [<snowplow_tracker.self_describing_json.SelfDescribingJson object at 0x10e9cd910>]}
[0m08:50:43.368576 [debug] [MainThread]: Wrote artifact WritableManifest to /Users/aviraljain/Downloads/python advanced/my_etl_project/target/manifest.json
[0m08:50:43.369571 [debug] [MainThread]: Wrote artifact SemanticManifest to /Users/aviraljain/Downloads/python advanced/my_etl_project/target/semantic_manifest.json
[0m08:50:43.380398 [debug] [MainThread]: Sending event: {'category': 'dbt', 'action': 'resource_counts', 'label': '80111eff-d7bd-4af4-9f9f-1190f4c4df0d', 'context': [<snowplow_tracker.self_describing_json.SelfDescribingJson object at 0x10dc6e090>]}
[0m08:50:43.380615 [info ] [MainThread]: Found 4 seeds, 7 models, 37 data tests, 3 sources, 466 macros
[0m08:50:43.380746 [debug] [MainThread]: Sending event: {'category': 'dbt', 'action': 'runnable_timing', 'label': '80111eff-d7bd-4af4-9f9f-1190f4c4df0d', 'context': [<snowplow_tracker.self_describing_json.SelfDescribingJson object at 0x10eccf390>]}
[0m08:50:43.381628 [info ] [MainThread]: 
[0m08:50:43.381748 [info ] [MainThread]: Concurrency: 4 threads (target='dev')
[0m08:50:43.381843 [info ] [MainThread]: 
[0m08:50:43.382022 [debug] [MainThread]: Acquiring new postgres connection 'master'
[0m08:50:43.383413 [debug] [ThreadPool]: Acquiring new postgres connection 'list_my_etl_db'
[0m08:50:43.406859 [debug] [ThreadPool]: Using postgres connection "list_my_etl_db"
[0m08:50:43.407021 [debug] [ThreadPool]: On list_my_etl_db: /* {"app": "dbt", "dbt_version": "1.11.7", "profile_name": "my_etl_project", "target_name": "dev", "connection_name": "list_my_etl_db"} */

    select distinct nspname from pg_namespace
  
[0m08:50:43.407114 [debug] [ThreadPool]: Opening a new connection, currently in state init
[0m08:50:43.427061 [debug] [ThreadPool]: SQL status: SELECT 7 in 0.020 seconds
[0m08:50:43.427575 [debug] [ThreadPool]: On list_my_etl_db: Close
[0m08:50:43.428204 [debug] [ThreadPool]: Re-using an available connection from the pool (formerly list_my_etl_db, now list_my_etl_db_main_analytics)
[0m08:50:43.428393 [debug] [ThreadPool]: Acquiring new postgres connection 'list_my_etl_db_main_raw_ingestion'
[0m08:50:43.430529 [debug] [ThreadPool]: Using postgres connection "list_my_etl_db_main_analytics"
[0m08:50:43.430690 [debug] [ThreadPool]: Acquiring new postgres connection 'list_my_etl_db_main'
[0m08:50:43.431393 [debug] [ThreadPool]: Using postgres connection "list_my_etl_db_main_raw_ingestion"
[0m08:50:43.431507 [debug] [ThreadPool]: On list_my_etl_db_main_analytics: /* {"app": "dbt", "dbt_version": "1.11.7", "profile_name": "my_etl_project", "target_name": "dev", "connection_name": "list_my_etl_db_main_analytics"} */
select
      'my_etl_db' as database,
      tablename as name,
      schemaname as schema,
      'table' as type
    from pg_tables
    where schemaname ilike 'main_analytics'
    union all
    select
      'my_etl_db' as database,
      viewname as name,
      schemaname as schema,
      'view' as type
    from pg_views
    where schemaname ilike 'main_analytics'
    union all
    select
      'my_etl_db' as database,
      matviewname as name,
      schemaname as schema,
      'materialized_view' as type
    from pg_matviews
    where schemaname ilike 'main_analytics'
  
[0m08:50:43.432131 [debug] [ThreadPool]: Using postgres connection "list_my_etl_db_main"
[0m08:50:43.432248 [debug] [ThreadPool]: On list_my_etl_db_main_raw_ingestion: /* {"app": "dbt", "dbt_version": "1.11.7", "profile_name": "my_etl_project", "target_name": "dev", "connection_name": "list_my_etl_db_main_raw_ingestion"} */
select
      'my_etl_db' as database,
      tablename as name,
      schemaname as schema,
      'table' as type
    from pg_tables
    where schemaname ilike 'main_raw_ingestion'
    union all
    select
      'my_etl_db' as database,
      viewname as name,
      schemaname as schema,
      'view' as type
    from pg_views
    where schemaname ilike 'main_raw_ingestion'
    union all
    select
      'my_etl_db' as database,
      matviewname as name,
      schemaname as schema,
      'materialized_view' as type
    from pg_matviews
    where schemaname ilike 'main_raw_ingestion'
  
[0m08:50:43.432359 [debug] [ThreadPool]: Opening a new connection, currently in state closed
[0m08:50:43.432466 [debug] [ThreadPool]: On list_my_etl_db_main: /* {"app": "dbt", "dbt_version": "1.11.7", "profile_name": "my_etl_project", "target_name": "dev", "connection_name": "list_my_etl_db_main"} */
select
      'my_etl_db' as database,
      tablename as name,
      schemaname as schema,
      'table' as type
    from pg_tables
    where schemaname ilike 'main'
    union all
    select
      'my_etl_db' as database,
      viewname as name,
      schemaname as schema,
      'view' as type
    from pg_views
    where schemaname ilike 'main'
    union all
    select
      'my_etl_db' as database,
      matviewname as name,
      schemaname as schema,
      'materialized_view' as type
    from pg_matviews
    where schemaname ilike 'main'
  
[0m08:50:43.432561 [debug] [ThreadPool]: Opening a new connection, currently in state init
[0m08:50:43.432694 [debug] [ThreadPool]: Opening a new connection, currently in state init
[0m08:50:43.444906 [debug] [ThreadPool]: SQL status: SELECT 4 in 0.012 seconds
[0m08:50:43.445036 [debug] [ThreadPool]: SQL status: SELECT 4 in 0.012 seconds
[0m08:50:43.445136 [debug] [ThreadPool]: SQL status: SELECT 2 in 0.013 seconds
[0m08:50:43.445592 [debug] [ThreadPool]: On list_my_etl_db_main_raw_ingestion: ROLLBACK
[0m08:50:43.445949 [debug] [ThreadPool]: On list_my_etl_db_main: ROLLBACK
[0m08:50:43.446254 [debug] [ThreadPool]: On list_my_etl_db_main_analytics: ROLLBACK
[0m08:50:43.446479 [debug] [ThreadPool]: On list_my_etl_db_main_raw_ingestion: Close
[0m08:50:43.446585 [debug] [ThreadPool]: On list_my_etl_db_main: Close
[0m08:50:43.446682 [debug] [ThreadPool]: On list_my_etl_db_main_analytics: Close
[0m08:50:43.448940 [debug] [MainThread]: Using postgres connection "master"
[0m08:50:43.449080 [debug] [MainThread]: On master: /* {"app": "dbt", "dbt_version": "1.11.7", "profile_name": "my_etl_project", "target_name": "dev", "connection_name": "master"} */
select distinct
        dependent_namespace.nspname as dependent_schema,
        dependent_class.relname as dependent_name,
        referenced_namespace.nspname as referenced_schema,
        referenced_class.relname as referenced_name

    -- Query for views: views are entries in pg_class with an entry in pg_rewrite, but we avoid
    -- a seq scan on pg_rewrite by leveraging the fact there is an "internal" row in pg_depend for
    -- the view...
    from pg_class as dependent_class
    join pg_namespace as dependent_namespace on dependent_namespace.oid = dependent_class.relnamespace
    join pg_depend as dependent_depend on dependent_depend.refobjid = dependent_class.oid
        and dependent_depend.classid = 'pg_rewrite'::regclass
        and dependent_depend.refclassid = 'pg_class'::regclass
        and dependent_depend.deptype = 'i'

    -- ... and via pg_depend (that has a row per column, hence the need for "distinct" above, and
    -- making sure to exclude the internal row to avoid a view appearing to depend on itself)...
    join pg_depend as joining_depend on joining_depend.objid = dependent_depend.objid
        and joining_depend.classid = 'pg_rewrite'::regclass
        and joining_depend.refclassid = 'pg_class'::regclass
        and joining_depend.refobjid != dependent_depend.refobjid

    -- ... we can find the tables they query from in pg_class, but excluding system tables. Note we
    -- don't need need to exclude _dependent_ system tables, because they only query from other
    -- system tables, and so are automatically excluded by excluding _referenced_ system tables
    join pg_class as referenced_class on referenced_class.oid = joining_depend.refobjid
    join pg_namespace as referenced_namespace on referenced_namespace.oid = referenced_class.relnamespace
        and referenced_namespace.nspname != 'information_schema'
        and referenced_namespace.nspname not like 'pg\_%'

    order by
        dependent_schema, dependent_name, referenced_schema, referenced_name;
[0m08:50:43.449204 [debug] [MainThread]: Opening a new connection, currently in state init
[0m08:50:43.459230 [debug] [MainThread]: SQL status: SELECT 5 in 0.010 seconds
[0m08:50:43.459901 [debug] [MainThread]: Sending event: {'category': 'dbt', 'action': 'runnable_timing', 'label': '80111eff-d7bd-4af4-9f9f-1190f4c4df0d', 'context': [<snowplow_tracker.self_describing_json.SelfDescribingJson object at 0x10eee06d0>]}
[0m08:50:43.460055 [debug] [MainThread]: On master: ROLLBACK
[0m08:50:43.460274 [debug] [MainThread]: On master: COMMIT
[0m08:50:43.460371 [debug] [MainThread]: Using postgres connection "master"
[0m08:50:43.460460 [debug] [MainThread]: On master: COMMIT
[0m08:50:43.460692 [debug] [MainThread]: SQL status: COMMIT in 0.000 seconds
[0m08:50:43.460786 [debug] [MainThread]: On master: Close
[0m08:50:43.463268 [debug] [Thread-1 (]: Began running node seed.my_etl_project.country_codes
[0m08:50:43.463401 [debug] [Thread-2 (]: Began running node seed.my_etl_project.raw_customers
[0m08:50:43.463545 [debug] [Thread-3 (]: Began running node seed.my_etl_project.raw_orders
[0m08:50:43.463677 [debug] [Thread-4 (]: Began running node seed.my_etl_project.raw_products
[0m08:50:43.463835 [info ] [Thread-1 (]: 1 of 4 START seed file main_raw_ingestion.country_codes ........................ [RUN]
[0m08:50:43.464008 [info ] [Thread-2 (]: 2 of 4 START seed file main_raw_ingestion.raw_customers ........................ [RUN]
[0m08:50:43.464182 [info ] [Thread-3 (]: 3 of 4 START seed file main_raw_ingestion.raw_orders ........................... [RUN]
[0m08:50:43.464345 [info ] [Thread-4 (]: 4 of 4 START seed file main_raw_ingestion.raw_products ......................... [RUN]
[0m08:50:43.464497 [debug] [Thread-1 (]: Re-using an available connection from the pool (formerly list_my_etl_db_main_analytics, now seed.my_etl_project.country_codes)
[0m08:50:43.464630 [debug] [Thread-2 (]: Re-using an available connection from the pool (formerly list_my_etl_db_main_raw_ingestion, now seed.my_etl_project.raw_customers)
[0m08:50:43.464758 [debug] [Thread-3 (]: Re-using an available connection from the pool (formerly list_my_etl_db_main, now seed.my_etl_project.raw_orders)
[0m08:50:43.464906 [debug] [Thread-4 (]: Acquiring new postgres connection 'seed.my_etl_project.raw_products'
[0m08:50:43.465022 [debug] [Thread-1 (]: Began compiling node seed.my_etl_project.country_codes
[0m08:50:43.465133 [debug] [Thread-2 (]: Began compiling node seed.my_etl_project.raw_customers
[0m08:50:43.465245 [debug] [Thread-3 (]: Began compiling node seed.my_etl_project.raw_orders
[0m08:50:43.465355 [debug] [Thread-4 (]: Began compiling node seed.my_etl_project.raw_products
[0m08:50:43.465472 [debug] [Thread-1 (]: Began executing node seed.my_etl_project.country_codes
[0m08:50:43.465584 [debug] [Thread-2 (]: Began executing node seed.my_etl_project.raw_customers
[0m08:50:43.465695 [debug] [Thread-3 (]: Began executing node seed.my_etl_project.raw_orders
[0m08:50:43.465804 [debug] [Thread-4 (]: Began executing node seed.my_etl_project.raw_products
[0m08:50:43.476376 [debug] [Thread-1 (]: Using postgres connection "seed.my_etl_project.country_codes"
[0m08:50:43.480086 [debug] [Thread-2 (]: Using postgres connection "seed.my_etl_project.raw_customers"
[0m08:50:43.481000 [debug] [Thread-3 (]: Using postgres connection "seed.my_etl_project.raw_orders"
[0m08:50:43.482483 [debug] [Thread-4 (]: Using postgres connection "seed.my_etl_project.raw_products"
[0m08:50:43.482607 [debug] [Thread-1 (]: On seed.my_etl_project.country_codes: /* {"app": "dbt", "dbt_version": "1.11.7", "profile_name": "my_etl_project", "target_name": "dev", "node_id": "seed.my_etl_project.country_codes"} */
truncate table "my_etl_db"."main_raw_ingestion"."country_codes"
[0m08:50:43.482769 [debug] [Thread-2 (]: On seed.my_etl_project.raw_customers: /* {"app": "dbt", "dbt_version": "1.11.7", "profile_name": "my_etl_project", "target_name": "dev", "node_id": "seed.my_etl_project.raw_customers"} */
truncate table "my_etl_db"."main_raw_ingestion"."raw_customers"
[0m08:50:43.482882 [debug] [Thread-3 (]: On seed.my_etl_project.raw_orders: /* {"app": "dbt", "dbt_version": "1.11.7", "profile_name": "my_etl_project", "target_name": "dev", "node_id": "seed.my_etl_project.raw_orders"} */
truncate table "my_etl_db"."main_raw_ingestion"."raw_orders"
[0m08:50:43.482989 [debug] [Thread-4 (]: On seed.my_etl_project.raw_products: /* {"app": "dbt", "dbt_version": "1.11.7", "profile_name": "my_etl_project", "target_name": "dev", "node_id": "seed.my_etl_project.raw_products"} */
truncate table "my_etl_db"."main_raw_ingestion"."raw_products"
[0m08:50:43.483096 [debug] [Thread-1 (]: Opening a new connection, currently in state closed
[0m08:50:43.483196 [debug] [Thread-2 (]: Opening a new connection, currently in state closed
[0m08:50:43.483291 [debug] [Thread-3 (]: Opening a new connection, currently in state closed
[0m08:50:43.483400 [debug] [Thread-4 (]: Opening a new connection, currently in state init
[0m08:50:43.492577 [debug] [Thread-4 (]: SQL status: TRUNCATE TABLE in 0.009 seconds
[0m08:50:43.498725 [debug] [Thread-4 (]: Using postgres connection "seed.my_etl_project.raw_products"
[0m08:50:43.498896 [debug] [Thread-2 (]: SQL status: TRUNCATE TABLE in 0.016 seconds
[0m08:50:43.499024 [debug] [Thread-3 (]: SQL status: TRUNCATE TABLE in 0.016 seconds
[0m08:50:43.499135 [debug] [Thread-1 (]: SQL status: TRUNCATE TABLE in 0.016 seconds
[0m08:50:43.499259 [debug] [Thread-4 (]: On seed.my_etl_project.raw_products: 
          insert into "my_etl_db"."main_raw_ingestion"."raw_products" ("product_id", "product_name", "category", "price", "currency") values
          (%s,%s,%s,%s,%s),(%s,%s,%s,%s,%s),(%s,%s,%s,%s,%s),(%s,%s,%s,%s,%s),(%s,%s,%s,%s,%s),(%s,%s,%s,%s,%s),(%s,%s,%s,%s,%s),(%s,%s,%s,%s,%s)
      ...
[0m08:50:43.500579 [debug] [Thread-2 (]: Using postgres connection "seed.my_etl_project.raw_customers"
[0m08:50:43.502874 [debug] [Thread-3 (]: Using postgres connection "seed.my_etl_project.raw_orders"
[0m08:50:43.503737 [debug] [Thread-1 (]: Using postgres connection "seed.my_etl_project.country_codes"
[0m08:50:43.503907 [debug] [Thread-2 (]: On seed.my_etl_project.raw_customers: 
          insert into "my_etl_db"."main_raw_ingestion"."raw_customers" ("customer_id", "customer_name", "region", "segment", "email", "country_code") values
          (%s,%s,%s,%s,%s,%s),(%s,%s,%s,%s,%s,%s),(%s,%s,%s,%s,%s,%s),(%s,%s,%s,%s,%s,%s),(%s,%s,%s,%s,%s,%s),(%s,%s,%s,%s,%s,%s),(%s,%s,%s,%s,%s,%s),(%s,%s,%s,%s,%s,%s)
      ...
[0m08:50:43.504037 [debug] [Thread-3 (]: On seed.my_etl_project.raw_orders: 
          insert into "my_etl_db"."main_raw_ingestion"."raw_orders" ("order_id", "customer_id", "amount", "status", "order_date", "country_code", "updated_at") values
          (%s,%s,%s,%s,%s,%s,%s),(%s,%s,%s,%s,%s,%s,%s),(%s,%s,%s,%s,%s,%s,%s),(%s,%s,%s,%s,%s,%s,%s),(%s,%s,%s,%s,%s,%s,%s),(%s,%s,%s,%s,%s,%s,%s),(%s,%s,%s,%s,%s,%s,%s),(%s,%s,%s,%s,%s,%s,%s),(%s,%s,%s,%s,%s,%s,%s),(%s,%s,%s,%s,%s,%s,%s),(%s,%s,%s,%s,%s,%s,%s),(%s,%s,%s,%s,%s,%s,%s)
      ...
[0m08:50:43.504153 [debug] [Thread-1 (]: On seed.my_etl_project.country_codes: 
          insert into "my_etl_db"."main_raw_ingestion"."country_codes" ("country_code", "country_name", "region") values
          (%s,%s,%s),(%s,%s,%s),(%s,%s,%s),(%s,%s,%s),(%s,%s,%s),(%s,%s,%s),(%s,%s,%s),(%s,%s,%s)
      ...
[0m08:50:43.504873 [debug] [Thread-1 (]: SQL status: INSERT 0 8 in 0.000 seconds
[0m08:50:43.505039 [debug] [Thread-2 (]: SQL status: INSERT 0 8 in 0.001 seconds
[0m08:50:43.505166 [debug] [Thread-3 (]: SQL status: INSERT 0 12 in 0.001 seconds
[0m08:50:43.506824 [debug] [Thread-1 (]: Writing runtime SQL for node "seed.my_etl_project.country_codes"
[0m08:50:43.506951 [debug] [Thread-4 (]: SQL status: INSERT 0 8 in 0.003 seconds
[0m08:50:43.507121 [debug] [Thread-2 (]: Writing runtime SQL for node "seed.my_etl_project.raw_customers"
[0m08:50:43.507297 [debug] [Thread-3 (]: Writing runtime SQL for node "seed.my_etl_project.raw_orders"
[0m08:50:43.507526 [debug] [Thread-4 (]: Writing runtime SQL for node "seed.my_etl_project.raw_products"
[0m08:50:43.512151 [debug] [Thread-1 (]: On seed.my_etl_project.country_codes: COMMIT
[0m08:50:43.512338 [debug] [Thread-1 (]: Using postgres connection "seed.my_etl_project.country_codes"
[0m08:50:43.512745 [debug] [Thread-2 (]: On seed.my_etl_project.raw_customers: COMMIT
[0m08:50:43.513208 [debug] [Thread-4 (]: On seed.my_etl_project.raw_products: COMMIT
[0m08:50:43.513576 [debug] [Thread-3 (]: On seed.my_etl_project.raw_orders: COMMIT
[0m08:50:43.513696 [debug] [Thread-1 (]: On seed.my_etl_project.country_codes: COMMIT
[0m08:50:43.513805 [debug] [Thread-2 (]: Using postgres connection "seed.my_etl_project.raw_customers"
[0m08:50:43.513927 [debug] [Thread-4 (]: Using postgres connection "seed.my_etl_project.raw_products"
[0m08:50:43.514056 [debug] [Thread-3 (]: Using postgres connection "seed.my_etl_project.raw_orders"
[0m08:50:43.514204 [debug] [Thread-2 (]: On seed.my_etl_project.raw_customers: COMMIT
[0m08:50:43.514319 [debug] [Thread-4 (]: On seed.my_etl_project.raw_products: COMMIT
[0m08:50:43.514437 [debug] [Thread-3 (]: On seed.my_etl_project.raw_orders: COMMIT
[0m08:50:43.515277 [debug] [Thread-1 (]: SQL status: COMMIT in 0.001 seconds
[0m08:50:43.515393 [debug] [Thread-4 (]: SQL status: COMMIT in 0.001 seconds
[0m08:50:43.515504 [debug] [Thread-2 (]: SQL status: COMMIT in 0.001 seconds
[0m08:50:43.515615 [debug] [Thread-3 (]: SQL status: COMMIT in 0.001 seconds
[0m08:50:43.516235 [debug] [Thread-1 (]: On seed.my_etl_project.country_codes: Close
[0m08:50:43.516481 [debug] [Thread-4 (]: On seed.my_etl_project.raw_products: Close
[0m08:50:43.516750 [debug] [Thread-2 (]: On seed.my_etl_project.raw_customers: Close
[0m08:50:43.516978 [debug] [Thread-3 (]: On seed.my_etl_project.raw_orders: Close
[0m08:50:43.517956 [debug] [Thread-1 (]: Sending event: {'category': 'dbt', 'action': 'run_model', 'label': '80111eff-d7bd-4af4-9f9f-1190f4c4df0d', 'context': [<snowplow_tracker.self_describing_json.SelfDescribingJson object at 0x10f1992d0>]}
[0m08:50:43.518066 [debug] [Thread-4 (]: Sending event: {'category': 'dbt', 'action': 'run_model', 'label': '80111eff-d7bd-4af4-9f9f-1190f4c4df0d', 'context': [<snowplow_tracker.self_describing_json.SelfDescribingJson object at 0x10f1e8e50>]}
[0m08:50:43.518183 [debug] [Thread-2 (]: Sending event: {'category': 'dbt', 'action': 'run_model', 'label': '80111eff-d7bd-4af4-9f9f-1190f4c4df0d', 'context': [<snowplow_tracker.self_describing_json.SelfDescribingJson object at 0x10f235f50>]}
[0m08:50:43.518295 [debug] [Thread-3 (]: Sending event: {'category': 'dbt', 'action': 'run_model', 'label': '80111eff-d7bd-4af4-9f9f-1190f4c4df0d', 'context': [<snowplow_tracker.self_describing_json.SelfDescribingJson object at 0x10f199250>]}
[0m08:50:43.518484 [info ] [Thread-1 (]: 1 of 4 OK loaded seed file main_raw_ingestion.country_codes .................... [[32mINSERT 8[0m in 0.05s]
[0m08:50:43.518679 [info ] [Thread-4 (]: 4 of 4 OK loaded seed file main_raw_ingestion.raw_products ..................... [[32mINSERT 8[0m in 0.05s]
[0m08:50:43.520304 [info ] [Thread-2 (]: 2 of 4 OK loaded seed file main_raw_ingestion.raw_customers .................... [[32mINSERT 8[0m in 0.05s]
[0m08:50:43.520676 [debug] [Thread-1 (]: Finished running node seed.my_etl_project.country_codes
[0m08:50:43.520511 [info ] [Thread-3 (]: 3 of 4 OK loaded seed file main_raw_ingestion.raw_orders ....................... [[32mINSERT 12[0m in 0.05s]
[0m08:50:43.520889 [debug] [Thread-4 (]: Finished running node seed.my_etl_project.raw_products
[0m08:50:43.521067 [debug] [Thread-2 (]: Finished running node seed.my_etl_project.raw_customers
[0m08:50:43.521282 [debug] [Thread-3 (]: Finished running node seed.my_etl_project.raw_orders
[0m08:50:43.521885 [debug] [MainThread]: On master: COMMIT
[0m08:50:43.521999 [debug] [MainThread]: Using postgres connection "master"
[0m08:50:43.522094 [debug] [MainThread]: On master: COMMIT
[0m08:50:43.522187 [debug] [MainThread]: Opening a new connection, currently in state closed
[0m08:50:43.525763 [debug] [MainThread]: SQL status: COMMIT in 0.004 seconds
[0m08:50:43.525898 [debug] [MainThread]: On master: Close
[0m08:50:43.526055 [debug] [MainThread]: Connection 'master' was properly closed.
[0m08:50:43.526149 [debug] [MainThread]: Connection 'seed.my_etl_project.country_codes' was properly closed.
[0m08:50:43.526234 [debug] [MainThread]: Connection 'seed.my_etl_project.raw_customers' was properly closed.
[0m08:50:43.526319 [debug] [MainThread]: Connection 'seed.my_etl_project.raw_orders' was properly closed.
[0m08:50:43.526401 [debug] [MainThread]: Connection 'seed.my_etl_project.raw_products' was properly closed.
[0m08:50:43.526515 [info ] [MainThread]: 
[0m08:50:43.526671 [info ] [MainThread]: Finished running 4 seeds in 0 hours 0 minutes and 0.14 seconds (0.14s).
[0m08:50:43.527219 [debug] [MainThread]: Command end result
[0m08:50:43.538923 [debug] [MainThread]: Wrote artifact WritableManifest to /Users/aviraljain/Downloads/python advanced/my_etl_project/target/manifest.json
[0m08:50:43.540048 [debug] [MainThread]: Wrote artifact SemanticManifest to /Users/aviraljain/Downloads/python advanced/my_etl_project/target/semantic_manifest.json
[0m08:50:43.542431 [debug] [MainThread]: Wrote artifact RunExecutionResult to /Users/aviraljain/Downloads/python advanced/my_etl_project/target/run_results.json
[0m08:50:43.542590 [info ] [MainThread]: 
[0m08:50:43.542749 [info ] [MainThread]: [32mCompleted successfully[0m
[0m08:50:43.542860 [info ] [MainThread]: 
[0m08:50:43.542977 [info ] [MainThread]: Done. PASS=4 WARN=0 ERROR=0 SKIP=0 NO-OP=0 TOTAL=4
[0m08:50:43.544596 [debug] [MainThread]: Resource report: {"command_name": "seed", "command_success": true, "command_wall_clock_time": 0.4918175, "process_in_blocks": "0", "process_kernel_time": 0.163478, "process_mem_max_rss": "143736832", "process_out_blocks": "0", "process_user_time": 0.792112}
[0m08:50:43.544755 [debug] [MainThread]: Command `dbt seed` succeeded at 08:50:43.544726 after 0.49 seconds
[0m08:50:43.544888 [debug] [MainThread]: Sending event: {'category': 'dbt', 'action': 'invocation', 'label': 'end', 'context': [<snowplow_tracker.self_describing_json.SelfDescribingJson object at 0x10973a150>, <snowplow_tracker.self_describing_json.SelfDescribingJson object at 0x10dc36810>, <snowplow_tracker.self_describing_json.SelfDescribingJson object at 0x109722110>]}
[0m08:50:43.545011 [debug] [MainThread]: Flushing usage events
[0m08:50:44.616266 [debug] [MainThread]: An error was encountered while trying to flush usage events
[0m08:51:22.272856 [debug] [MainThread]: Sending event: {'category': 'dbt', 'action': 'invocation', 'label': 'start', 'context': [<snowplow_tracker.self_describing_json.SelfDescribingJson object at 0x10c24f490>, <snowplow_tracker.self_describing_json.SelfDescribingJson object at 0x10c2b9410>, <snowplow_tracker.self_describing_json.SelfDescribingJson object at 0x10c24f1d0>]}


============================== 08:51:22.275095 | 88f49f3a-5ea6-4e0c-b882-ad0d4089a45f ==============================
[0m08:51:22.275095 [info ] [MainThread]: Running with dbt=1.11.7
[0m08:51:22.275373 [debug] [MainThread]: running dbt with arguments {'indirect_selection': 'eager', 'use_experimental_parser': 'False', 'introspect': 'True', 'cache_selected_only': 'False', 'use_colors': 'True', 'version_check': 'True', 'send_anonymous_usage_stats': 'True', 'fail_fast': 'False', 'printer_width': '80', 'log_format': 'default', 'profiles_dir': '/Users/aviraljain/Downloads/python advanced/my_etl_project', 'partial_parse': 'True', 'log_path': '/Users/aviraljain/Downloads/python advanced/my_etl_project/logs', 'empty': 'None', 'target_path': 'None', 'invocation_command': 'dbt seed', 'write_json': 'True', 'warn_error': 'None', 'quiet': 'False', 'no_print': 'None', 'warn_error_options': 'WarnErrorOptionsV2(error=[], warn=[], silence=[])', 'debug': 'False', 'log_cache_events': 'False', 'static_parser': 'True'}
[0m08:51:22.354864 [debug] [MainThread]: Sending event: {'category': 'dbt', 'action': 'project_id', 'label': '88f49f3a-5ea6-4e0c-b882-ad0d4089a45f', 'context': [<snowplow_tracker.self_describing_json.SelfDescribingJson object at 0x10c2b3fd0>]}
[0m08:51:22.374397 [debug] [MainThread]: Sending event: {'category': 'dbt', 'action': 'adapter_info', 'label': '88f49f3a-5ea6-4e0c-b882-ad0d4089a45f', 'context': [<snowplow_tracker.self_describing_json.SelfDescribingJson object at 0x1093f0f10>]}
[0m08:51:22.374853 [info ] [MainThread]: Registered adapter: postgres=1.10.0
[0m08:51:22.445180 [debug] [MainThread]: checksum: b80718358155fc17c3559352095564dd56ada1cc1a1c0ef2e62c857e71583775, vars: {}, profile: , target: , version: 1.11.7
[0m08:51:22.513550 [debug] [MainThread]: Partial parsing enabled: 0 files deleted, 0 files added, 0 files changed.
[0m08:51:22.513758 [debug] [MainThread]: Nothing changed, skipping partial parsing.
[0m08:51:22.513858 [debug] [MainThread]: Partial parsing enabled, no changes found, skipping parsing
[0m08:51:22.534889 [debug] [MainThread]: Sending event: {'category': 'dbt', 'action': 'load_project', 'label': '88f49f3a-5ea6-4e0c-b882-ad0d4089a45f', 'context': [<snowplow_tracker.self_describing_json.SelfDescribingJson object at 0x10d3980d0>]}
[0m08:51:22.592786 [debug] [MainThread]: Wrote artifact WritableManifest to /Users/aviraljain/Downloads/python advanced/my_etl_project/target/manifest.json
[0m08:51:22.593799 [debug] [MainThread]: Wrote artifact SemanticManifest to /Users/aviraljain/Downloads/python advanced/my_etl_project/target/semantic_manifest.json
[0m08:51:22.604956 [debug] [MainThread]: Sending event: {'category': 'dbt', 'action': 'resource_counts', 'label': '88f49f3a-5ea6-4e0c-b882-ad0d4089a45f', 'context': [<snowplow_tracker.self_describing_json.SelfDescribingJson object at 0x10c367dd0>]}
[0m08:51:22.605173 [info ] [MainThread]: Found 4 seeds, 7 models, 37 data tests, 3 sources, 466 macros
[0m08:51:22.605308 [debug] [MainThread]: Sending event: {'category': 'dbt', 'action': 'runnable_timing', 'label': '88f49f3a-5ea6-4e0c-b882-ad0d4089a45f', 'context': [<snowplow_tracker.self_describing_json.SelfDescribingJson object at 0x10d398610>]}
[0m08:51:22.606218 [info ] [MainThread]: 
[0m08:51:22.606342 [info ] [MainThread]: Concurrency: 4 threads (target='dev')
[0m08:51:22.606439 [info ] [MainThread]: 
[0m08:51:22.606629 [debug] [MainThread]: Acquiring new postgres connection 'master'
[0m08:51:22.608027 [debug] [ThreadPool]: Acquiring new postgres connection 'list_my_etl_db'
[0m08:51:22.632988 [debug] [ThreadPool]: Using postgres connection "list_my_etl_db"
[0m08:51:22.633189 [debug] [ThreadPool]: On list_my_etl_db: /* {"app": "dbt", "dbt_version": "1.11.7", "profile_name": "my_etl_project", "target_name": "dev", "connection_name": "list_my_etl_db"} */

    select distinct nspname from pg_namespace
  
[0m08:51:22.633303 [debug] [ThreadPool]: Opening a new connection, currently in state init
[0m08:51:22.658078 [debug] [ThreadPool]: SQL status: SELECT 7 in 0.025 seconds
[0m08:51:22.658697 [debug] [ThreadPool]: On list_my_etl_db: Close
[0m08:51:22.659372 [debug] [ThreadPool]: Re-using an available connection from the pool (formerly list_my_etl_db, now list_my_etl_db_main_analytics)
[0m08:51:22.659586 [debug] [ThreadPool]: Acquiring new postgres connection 'list_my_etl_db_main_raw_ingestion'
[0m08:51:22.659787 [debug] [ThreadPool]: Acquiring new postgres connection 'list_my_etl_db_main'
[0m08:51:22.661942 [debug] [ThreadPool]: Using postgres connection "list_my_etl_db_main_analytics"
[0m08:51:22.662681 [debug] [ThreadPool]: Using postgres connection "list_my_etl_db_main_raw_ingestion"
[0m08:51:22.663373 [debug] [ThreadPool]: Using postgres connection "list_my_etl_db_main"
[0m08:51:22.663511 [debug] [ThreadPool]: On list_my_etl_db_main_analytics: /* {"app": "dbt", "dbt_version": "1.11.7", "profile_name": "my_etl_project", "target_name": "dev", "connection_name": "list_my_etl_db_main_analytics"} */
select
      'my_etl_db' as database,
      tablename as name,
      schemaname as schema,
      'table' as type
    from pg_tables
    where schemaname ilike 'main_analytics'
    union all
    select
      'my_etl_db' as database,
      viewname as name,
      schemaname as schema,
      'view' as type
    from pg_views
    where schemaname ilike 'main_analytics'
    union all
    select
      'my_etl_db' as database,
      matviewname as name,
      schemaname as schema,
      'materialized_view' as type
    from pg_matviews
    where schemaname ilike 'main_analytics'
  
[0m08:51:22.663659 [debug] [ThreadPool]: On list_my_etl_db_main_raw_ingestion: /* {"app": "dbt", "dbt_version": "1.11.7", "profile_name": "my_etl_project", "target_name": "dev", "connection_name": "list_my_etl_db_main_raw_ingestion"} */
select
      'my_etl_db' as database,
      tablename as name,
      schemaname as schema,
      'table' as type
    from pg_tables
    where schemaname ilike 'main_raw_ingestion'
    union all
    select
      'my_etl_db' as database,
      viewname as name,
      schemaname as schema,
      'view' as type
    from pg_views
    where schemaname ilike 'main_raw_ingestion'
    union all
    select
      'my_etl_db' as database,
      matviewname as name,
      schemaname as schema,
      'materialized_view' as type
    from pg_matviews
    where schemaname ilike 'main_raw_ingestion'
  
[0m08:51:22.663795 [debug] [ThreadPool]: On list_my_etl_db_main: /* {"app": "dbt", "dbt_version": "1.11.7", "profile_name": "my_etl_project", "target_name": "dev", "connection_name": "list_my_etl_db_main"} */
select
      'my_etl_db' as database,
      tablename as name,
      schemaname as schema,
      'table' as type
    from pg_tables
    where schemaname ilike 'main'
    union all
    select
      'my_etl_db' as database,
      viewname as name,
      schemaname as schema,
      'view' as type
    from pg_views
    where schemaname ilike 'main'
    union all
    select
      'my_etl_db' as database,
      matviewname as name,
      schemaname as schema,
      'materialized_view' as type
    from pg_matviews
    where schemaname ilike 'main'
  
[0m08:51:22.663909 [debug] [ThreadPool]: Opening a new connection, currently in state closed
[0m08:51:22.664011 [debug] [ThreadPool]: Opening a new connection, currently in state init
[0m08:51:22.664117 [debug] [ThreadPool]: Opening a new connection, currently in state init
[0m08:51:22.676858 [debug] [ThreadPool]: SQL status: SELECT 4 in 0.013 seconds
[0m08:51:22.677006 [debug] [ThreadPool]: SQL status: SELECT 2 in 0.013 seconds
[0m08:51:22.677098 [debug] [ThreadPool]: SQL status: SELECT 4 in 0.013 seconds
[0m08:51:22.677543 [debug] [ThreadPool]: On list_my_etl_db_main: ROLLBACK
[0m08:51:22.677903 [debug] [ThreadPool]: On list_my_etl_db_main_analytics: ROLLBACK
[0m08:51:22.678252 [debug] [ThreadPool]: On list_my_etl_db_main_raw_ingestion: ROLLBACK
[0m08:51:22.678488 [debug] [ThreadPool]: On list_my_etl_db_main: Close
[0m08:51:22.678588 [debug] [ThreadPool]: On list_my_etl_db_main_analytics: Close
[0m08:51:22.678675 [debug] [ThreadPool]: On list_my_etl_db_main_raw_ingestion: Close
[0m08:51:22.680991 [debug] [MainThread]: Using postgres connection "master"
[0m08:51:22.681142 [debug] [MainThread]: On master: /* {"app": "dbt", "dbt_version": "1.11.7", "profile_name": "my_etl_project", "target_name": "dev", "connection_name": "master"} */
select distinct
        dependent_namespace.nspname as dependent_schema,
        dependent_class.relname as dependent_name,
        referenced_namespace.nspname as referenced_schema,
        referenced_class.relname as referenced_name

    -- Query for views: views are entries in pg_class with an entry in pg_rewrite, but we avoid
    -- a seq scan on pg_rewrite by leveraging the fact there is an "internal" row in pg_depend for
    -- the view...
    from pg_class as dependent_class
    join pg_namespace as dependent_namespace on dependent_namespace.oid = dependent_class.relnamespace
    join pg_depend as dependent_depend on dependent_depend.refobjid = dependent_class.oid
        and dependent_depend.classid = 'pg_rewrite'::regclass
        and dependent_depend.refclassid = 'pg_class'::regclass
        and dependent_depend.deptype = 'i'

    -- ... and via pg_depend (that has a row per column, hence the need for "distinct" above, and
    -- making sure to exclude the internal row to avoid a view appearing to depend on itself)...
    join pg_depend as joining_depend on joining_depend.objid = dependent_depend.objid
        and joining_depend.classid = 'pg_rewrite'::regclass
        and joining_depend.refclassid = 'pg_class'::regclass
        and joining_depend.refobjid != dependent_depend.refobjid

    -- ... we can find the tables they query from in pg_class, but excluding system tables. Note we
    -- don't need need to exclude _dependent_ system tables, because they only query from other
    -- system tables, and so are automatically excluded by excluding _referenced_ system tables
    join pg_class as referenced_class on referenced_class.oid = joining_depend.refobjid
    join pg_namespace as referenced_namespace on referenced_namespace.oid = referenced_class.relnamespace
        and referenced_namespace.nspname != 'information_schema'
        and referenced_namespace.nspname not like 'pg\_%'

    order by
        dependent_schema, dependent_name, referenced_schema, referenced_name;
[0m08:51:22.681274 [debug] [MainThread]: Opening a new connection, currently in state init
[0m08:51:22.690167 [debug] [MainThread]: SQL status: SELECT 5 in 0.009 seconds
[0m08:51:22.690864 [debug] [MainThread]: Sending event: {'category': 'dbt', 'action': 'runnable_timing', 'label': '88f49f3a-5ea6-4e0c-b882-ad0d4089a45f', 'context': [<snowplow_tracker.self_describing_json.SelfDescribingJson object at 0x10d830f90>]}
[0m08:51:22.691041 [debug] [MainThread]: On master: ROLLBACK
[0m08:51:22.691259 [debug] [MainThread]: On master: COMMIT
[0m08:51:22.691360 [debug] [MainThread]: Using postgres connection "master"
[0m08:51:22.691450 [debug] [MainThread]: On master: COMMIT
[0m08:51:22.691666 [debug] [MainThread]: SQL status: COMMIT in 0.000 seconds
[0m08:51:22.691762 [debug] [MainThread]: On master: Close
[0m08:51:22.694365 [debug] [Thread-1 (]: Began running node seed.my_etl_project.country_codes
[0m08:51:22.694503 [debug] [Thread-2 (]: Began running node seed.my_etl_project.raw_customers
[0m08:51:22.694634 [debug] [Thread-3 (]: Began running node seed.my_etl_project.raw_orders
[0m08:51:22.694757 [debug] [Thread-4 (]: Began running node seed.my_etl_project.raw_products
[0m08:51:22.694925 [info ] [Thread-1 (]: 1 of 4 START seed file main_raw_ingestion.country_codes ........................ [RUN]
[0m08:51:22.695093 [info ] [Thread-2 (]: 2 of 4 START seed file main_raw_ingestion.raw_customers ........................ [RUN]
[0m08:51:22.695315 [info ] [Thread-3 (]: 3 of 4 START seed file main_raw_ingestion.raw_orders ........................... [RUN]
[0m08:51:22.695487 [info ] [Thread-4 (]: 4 of 4 START seed file main_raw_ingestion.raw_products ......................... [RUN]
[0m08:51:22.695681 [debug] [Thread-1 (]: Re-using an available connection from the pool (formerly list_my_etl_db_main_analytics, now seed.my_etl_project.country_codes)
[0m08:51:22.695862 [debug] [Thread-2 (]: Re-using an available connection from the pool (formerly list_my_etl_db_main_raw_ingestion, now seed.my_etl_project.raw_customers)
[0m08:51:22.696011 [debug] [Thread-3 (]: Re-using an available connection from the pool (formerly list_my_etl_db_main, now seed.my_etl_project.raw_orders)
[0m08:51:22.696187 [debug] [Thread-4 (]: Acquiring new postgres connection 'seed.my_etl_project.raw_products'
[0m08:51:22.696333 [debug] [Thread-1 (]: Began compiling node seed.my_etl_project.country_codes
[0m08:51:22.696531 [debug] [Thread-2 (]: Began compiling node seed.my_etl_project.raw_customers
[0m08:51:22.696670 [debug] [Thread-3 (]: Began compiling node seed.my_etl_project.raw_orders
[0m08:51:22.696950 [debug] [Thread-4 (]: Began compiling node seed.my_etl_project.raw_products
[0m08:51:22.697085 [debug] [Thread-1 (]: Began executing node seed.my_etl_project.country_codes
[0m08:51:22.697205 [debug] [Thread-2 (]: Began executing node seed.my_etl_project.raw_customers
[0m08:51:22.697320 [debug] [Thread-3 (]: Began executing node seed.my_etl_project.raw_orders
[0m08:51:22.697434 [debug] [Thread-4 (]: Began executing node seed.my_etl_project.raw_products
[0m08:51:22.710804 [debug] [Thread-1 (]: Using postgres connection "seed.my_etl_project.country_codes"
[0m08:51:22.713011 [debug] [Thread-3 (]: Using postgres connection "seed.my_etl_project.raw_orders"
[0m08:51:22.714134 [debug] [Thread-2 (]: Using postgres connection "seed.my_etl_project.raw_customers"
[0m08:51:22.714964 [debug] [Thread-4 (]: Using postgres connection "seed.my_etl_project.raw_products"
[0m08:51:22.715087 [debug] [Thread-1 (]: On seed.my_etl_project.country_codes: /* {"app": "dbt", "dbt_version": "1.11.7", "profile_name": "my_etl_project", "target_name": "dev", "node_id": "seed.my_etl_project.country_codes"} */
truncate table "my_etl_db"."main_raw_ingestion"."country_codes"
[0m08:51:22.715217 [debug] [Thread-3 (]: On seed.my_etl_project.raw_orders: /* {"app": "dbt", "dbt_version": "1.11.7", "profile_name": "my_etl_project", "target_name": "dev", "node_id": "seed.my_etl_project.raw_orders"} */
truncate table "my_etl_db"."main_raw_ingestion"."raw_orders"
[0m08:51:22.715334 [debug] [Thread-2 (]: On seed.my_etl_project.raw_customers: /* {"app": "dbt", "dbt_version": "1.11.7", "profile_name": "my_etl_project", "target_name": "dev", "node_id": "seed.my_etl_project.raw_customers"} */
truncate table "my_etl_db"."main_raw_ingestion"."raw_customers"
[0m08:51:22.715446 [debug] [Thread-4 (]: On seed.my_etl_project.raw_products: /* {"app": "dbt", "dbt_version": "1.11.7", "profile_name": "my_etl_project", "target_name": "dev", "node_id": "seed.my_etl_project.raw_products"} */
truncate table "my_etl_db"."main_raw_ingestion"."raw_products"
[0m08:51:22.715553 [debug] [Thread-1 (]: Opening a new connection, currently in state closed
[0m08:51:22.715652 [debug] [Thread-3 (]: Opening a new connection, currently in state closed
[0m08:51:22.715749 [debug] [Thread-2 (]: Opening a new connection, currently in state closed
[0m08:51:22.715842 [debug] [Thread-4 (]: Opening a new connection, currently in state init
[0m08:51:22.728169 [debug] [Thread-4 (]: SQL status: TRUNCATE TABLE in 0.012 seconds
[0m08:51:22.728380 [debug] [Thread-2 (]: SQL status: TRUNCATE TABLE in 0.013 seconds
[0m08:51:22.733683 [debug] [Thread-3 (]: SQL status: TRUNCATE TABLE in 0.018 seconds
[0m08:51:22.734103 [debug] [Thread-4 (]: Using postgres connection "seed.my_etl_project.raw_products"
[0m08:51:22.734241 [debug] [Thread-1 (]: SQL status: TRUNCATE TABLE in 0.019 seconds
[0m08:51:22.735564 [debug] [Thread-2 (]: Using postgres connection "seed.my_etl_project.raw_customers"
[0m08:51:22.737897 [debug] [Thread-3 (]: Using postgres connection "seed.my_etl_project.raw_orders"
[0m08:51:22.738034 [debug] [Thread-4 (]: On seed.my_etl_project.raw_products: 
          insert into "my_etl_db"."main_raw_ingestion"."raw_products" ("product_id", "product_name", "category", "price", "currency") values
          (%s,%s,%s,%s,%s),(%s,%s,%s,%s,%s),(%s,%s,%s,%s,%s),(%s,%s,%s,%s,%s),(%s,%s,%s,%s,%s),(%s,%s,%s,%s,%s),(%s,%s,%s,%s,%s),(%s,%s,%s,%s,%s)
      ...
[0m08:51:22.738823 [debug] [Thread-1 (]: Using postgres connection "seed.my_etl_project.country_codes"
[0m08:51:22.738958 [debug] [Thread-2 (]: On seed.my_etl_project.raw_customers: 
          insert into "my_etl_db"."main_raw_ingestion"."raw_customers" ("customer_id", "customer_name", "region", "segment", "email", "country_code") values
          (%s,%s,%s,%s,%s,%s),(%s,%s,%s,%s,%s,%s),(%s,%s,%s,%s,%s,%s),(%s,%s,%s,%s,%s,%s),(%s,%s,%s,%s,%s,%s),(%s,%s,%s,%s,%s,%s),(%s,%s,%s,%s,%s,%s),(%s,%s,%s,%s,%s,%s)
      ...
[0m08:51:22.739084 [debug] [Thread-3 (]: On seed.my_etl_project.raw_orders: 
          insert into "my_etl_db"."main_raw_ingestion"."raw_orders" ("order_id", "customer_id", "amount", "status", "order_date", "country_code", "updated_at") values
          (%s,%s,%s,%s,%s,%s,%s),(%s,%s,%s,%s,%s,%s,%s),(%s,%s,%s,%s,%s,%s,%s),(%s,%s,%s,%s,%s,%s,%s),(%s,%s,%s,%s,%s,%s,%s),(%s,%s,%s,%s,%s,%s,%s),(%s,%s,%s,%s,%s,%s,%s),(%s,%s,%s,%s,%s,%s,%s),(%s,%s,%s,%s,%s,%s,%s),(%s,%s,%s,%s,%s,%s,%s),(%s,%s,%s,%s,%s,%s,%s),(%s,%s,%s,%s,%s,%s,%s)
      ...
[0m08:51:22.739249 [debug] [Thread-1 (]: On seed.my_etl_project.country_codes: 
          insert into "my_etl_db"."main_raw_ingestion"."country_codes" ("country_code", "country_name", "region") values
          (%s,%s,%s),(%s,%s,%s),(%s,%s,%s),(%s,%s,%s),(%s,%s,%s),(%s,%s,%s),(%s,%s,%s),(%s,%s,%s)
      ...
[0m08:51:22.740245 [debug] [Thread-1 (]: SQL status: INSERT 0 8 in 0.001 seconds
[0m08:51:22.740378 [debug] [Thread-2 (]: SQL status: INSERT 0 8 in 0.001 seconds
[0m08:51:22.740493 [debug] [Thread-4 (]: SQL status: INSERT 0 8 in 0.001 seconds
[0m08:51:22.740602 [debug] [Thread-3 (]: SQL status: INSERT 0 12 in 0.001 seconds
[0m08:51:22.742344 [debug] [Thread-1 (]: Writing runtime SQL for node "seed.my_etl_project.country_codes"
[0m08:51:22.742528 [debug] [Thread-2 (]: Writing runtime SQL for node "seed.my_etl_project.raw_customers"
[0m08:51:22.742690 [debug] [Thread-4 (]: Writing runtime SQL for node "seed.my_etl_project.raw_products"
[0m08:51:22.742845 [debug] [Thread-3 (]: Writing runtime SQL for node "seed.my_etl_project.raw_orders"
[0m08:51:22.747459 [debug] [Thread-1 (]: On seed.my_etl_project.country_codes: COMMIT
[0m08:51:22.747640 [debug] [Thread-1 (]: Using postgres connection "seed.my_etl_project.country_codes"
[0m08:51:22.748056 [debug] [Thread-4 (]: On seed.my_etl_project.raw_products: COMMIT
[0m08:51:22.748457 [debug] [Thread-2 (]: On seed.my_etl_project.raw_customers: COMMIT
[0m08:51:22.748577 [debug] [Thread-1 (]: On seed.my_etl_project.country_codes: COMMIT
[0m08:51:22.748712 [debug] [Thread-4 (]: Using postgres connection "seed.my_etl_project.raw_products"
[0m08:51:22.749097 [debug] [Thread-3 (]: On seed.my_etl_project.raw_orders: COMMIT
[0m08:51:22.749217 [debug] [Thread-2 (]: Using postgres connection "seed.my_etl_project.raw_customers"
[0m08:51:22.749355 [debug] [Thread-4 (]: On seed.my_etl_project.raw_products: COMMIT
[0m08:51:22.749477 [debug] [Thread-3 (]: Using postgres connection "seed.my_etl_project.raw_orders"
[0m08:51:22.749592 [debug] [Thread-2 (]: On seed.my_etl_project.raw_customers: COMMIT
[0m08:51:22.749714 [debug] [Thread-3 (]: On seed.my_etl_project.raw_orders: COMMIT
[0m08:51:22.750898 [debug] [Thread-1 (]: SQL status: COMMIT in 0.002 seconds
[0m08:51:22.751012 [debug] [Thread-4 (]: SQL status: COMMIT in 0.001 seconds
[0m08:51:22.751744 [debug] [Thread-1 (]: On seed.my_etl_project.country_codes: Close
[0m08:51:22.751868 [debug] [Thread-3 (]: SQL status: COMMIT in 0.002 seconds
[0m08:51:22.751982 [debug] [Thread-2 (]: SQL status: COMMIT in 0.002 seconds
[0m08:51:22.752216 [debug] [Thread-4 (]: On seed.my_etl_project.raw_products: Close
[0m08:51:22.752954 [debug] [Thread-3 (]: On seed.my_etl_project.raw_orders: Close
[0m08:51:22.753235 [debug] [Thread-2 (]: On seed.my_etl_project.raw_customers: Close
[0m08:51:22.753565 [debug] [Thread-1 (]: Sending event: {'category': 'dbt', 'action': 'run_model', 'label': '88f49f3a-5ea6-4e0c-b882-ad0d4089a45f', 'context': [<snowplow_tracker.self_describing_json.SelfDescribingJson object at 0x10d5719d0>]}
[0m08:51:22.753680 [debug] [Thread-4 (]: Sending event: {'category': 'dbt', 'action': 'run_model', 'label': '88f49f3a-5ea6-4e0c-b882-ad0d4089a45f', 'context': [<snowplow_tracker.self_describing_json.SelfDescribingJson object at 0x10d57b150>]}
[0m08:51:22.753795 [debug] [Thread-3 (]: Sending event: {'category': 'dbt', 'action': 'run_model', 'label': '88f49f3a-5ea6-4e0c-b882-ad0d4089a45f', 'context': [<snowplow_tracker.self_describing_json.SelfDescribingJson object at 0x10ca12d90>]}
[0m08:51:22.753933 [debug] [Thread-2 (]: Sending event: {'category': 'dbt', 'action': 'run_model', 'label': '88f49f3a-5ea6-4e0c-b882-ad0d4089a45f', 'context': [<snowplow_tracker.self_describing_json.SelfDescribingJson object at 0x10d893b10>]}
[0m08:51:22.754136 [info ] [Thread-1 (]: 1 of 4 OK loaded seed file main_raw_ingestion.country_codes .................... [[32mINSERT 8[0m in 0.06s]
[0m08:51:22.754346 [info ] [Thread-4 (]: 4 of 4 OK loaded seed file main_raw_ingestion.raw_products ..................... [[32mINSERT 8[0m in 0.06s]
[0m08:51:22.754532 [info ] [Thread-3 (]: 3 of 4 OK loaded seed file main_raw_ingestion.raw_orders ....................... [[32mINSERT 12[0m in 0.06s]
[0m08:51:22.754710 [info ] [Thread-2 (]: 2 of 4 OK loaded seed file main_raw_ingestion.raw_customers .................... [[32mINSERT 8[0m in 0.06s]
[0m08:51:22.754918 [debug] [Thread-1 (]: Finished running node seed.my_etl_project.country_codes
[0m08:51:22.755097 [debug] [Thread-4 (]: Finished running node seed.my_etl_project.raw_products
[0m08:51:22.755271 [debug] [Thread-3 (]: Finished running node seed.my_etl_project.raw_orders
[0m08:51:22.755440 [debug] [Thread-2 (]: Finished running node seed.my_etl_project.raw_customers
[0m08:51:22.756025 [debug] [MainThread]: On master: COMMIT
[0m08:51:22.756135 [debug] [MainThread]: Using postgres connection "master"
[0m08:51:22.756233 [debug] [MainThread]: On master: COMMIT
[0m08:51:22.756325 [debug] [MainThread]: Opening a new connection, currently in state closed
[0m08:51:22.761702 [debug] [MainThread]: SQL status: COMMIT in 0.005 seconds
[0m08:51:22.761820 [debug] [MainThread]: On master: Close
[0m08:51:22.761939 [debug] [MainThread]: Connection 'master' was properly closed.
[0m08:51:22.762029 [debug] [MainThread]: Connection 'seed.my_etl_project.country_codes' was properly closed.
[0m08:51:22.762113 [debug] [MainThread]: Connection 'seed.my_etl_project.raw_customers' was properly closed.
[0m08:51:22.762195 [debug] [MainThread]: Connection 'seed.my_etl_project.raw_orders' was properly closed.
[0m08:51:22.762304 [debug] [MainThread]: Connection 'seed.my_etl_project.raw_products' was properly closed.
[0m08:51:22.762421 [info ] [MainThread]: 
[0m08:51:22.762531 [info ] [MainThread]: Finished running 4 seeds in 0 hours 0 minutes and 0.16 seconds (0.16s).
[0m08:51:22.762873 [debug] [MainThread]: Command end result
[0m08:51:22.774866 [debug] [MainThread]: Wrote artifact WritableManifest to /Users/aviraljain/Downloads/python advanced/my_etl_project/target/manifest.json
[0m08:51:22.775690 [debug] [MainThread]: Wrote artifact SemanticManifest to /Users/aviraljain/Downloads/python advanced/my_etl_project/target/semantic_manifest.json
[0m08:51:22.778242 [debug] [MainThread]: Wrote artifact RunExecutionResult to /Users/aviraljain/Downloads/python advanced/my_etl_project/target/run_results.json
[0m08:51:22.778361 [info ] [MainThread]: 
[0m08:51:22.778514 [info ] [MainThread]: [32mCompleted successfully[0m
[0m08:51:22.778619 [info ] [MainThread]: 
[0m08:51:22.778730 [info ] [MainThread]: Done. PASS=4 WARN=0 ERROR=0 SKIP=0 NO-OP=0 TOTAL=4
[0m08:51:22.780388 [debug] [MainThread]: Resource report: {"command_name": "seed", "command_success": true, "command_wall_clock_time": 0.5366764, "process_in_blocks": "0", "process_kernel_time": 0.180556, "process_mem_max_rss": "143753216", "process_out_blocks": "0", "process_user_time": 0.811155}
[0m08:51:22.780570 [debug] [MainThread]: Command `dbt seed` succeeded at 08:51:22.780540 after 0.54 seconds
[0m08:51:22.780715 [debug] [MainThread]: Sending event: {'category': 'dbt', 'action': 'invocation', 'label': 'end', 'context': [<snowplow_tracker.self_describing_json.SelfDescribingJson object at 0x107edaf50>, <snowplow_tracker.self_describing_json.SelfDescribingJson object at 0x10c2f7c50>, <snowplow_tracker.self_describing_json.SelfDescribingJson object at 0x107ec2150>]}
[0m08:51:22.780847 [debug] [MainThread]: Flushing usage events
[0m08:51:23.837610 [debug] [MainThread]: An error was encountered while trying to flush usage events
[0m08:51:46.132334 [debug] [MainThread]: Sending event: {'category': 'dbt', 'action': 'invocation', 'label': 'start', 'context': [<snowplow_tracker.self_describing_json.SelfDescribingJson object at 0x10ba35190>, <snowplow_tracker.self_describing_json.SelfDescribingJson object at 0x10b9be890>, <snowplow_tracker.self_describing_json.SelfDescribingJson object at 0x10b9be790>]}


============================== 08:51:46.133853 | 82df870c-968d-46f7-9cc5-170f6b6323e6 ==============================
[0m08:51:46.133853 [info ] [MainThread]: Running with dbt=1.11.7
[0m08:51:46.134098 [debug] [MainThread]: running dbt with arguments {'no_print': 'None', 'partial_parse': 'True', 'fail_fast': 'False', 'empty': 'False', 'send_anonymous_usage_stats': 'True', 'profiles_dir': '/Users/aviraljain/Downloads/python advanced/my_etl_project', 'target_path': 'None', 'static_parser': 'True', 'log_format': 'default', 'printer_width': '80', 'use_colors': 'True', 'debug': 'False', 'warn_error': 'None', 'indirect_selection': 'eager', 'warn_error_options': 'WarnErrorOptionsV2(error=[], warn=[], silence=[])', 'write_json': 'True', 'introspect': 'True', 'cache_selected_only': 'False', 'quiet': 'False', 'version_check': 'True', 'use_experimental_parser': 'False', 'log_cache_events': 'False', 'invocation_command': 'dbt run', 'log_path': '/Users/aviraljain/Downloads/python advanced/my_etl_project/logs'}
[0m08:51:46.190099 [debug] [MainThread]: Sending event: {'category': 'dbt', 'action': 'project_id', 'label': '82df870c-968d-46f7-9cc5-170f6b6323e6', 'context': [<snowplow_tracker.self_describing_json.SelfDescribingJson object at 0x10c135610>]}
[0m08:51:46.209100 [debug] [MainThread]: Sending event: {'category': 'dbt', 'action': 'adapter_info', 'label': '82df870c-968d-46f7-9cc5-170f6b6323e6', 'context': [<snowplow_tracker.self_describing_json.SelfDescribingJson object at 0x108c29bd0>]}
[0m08:51:46.209432 [info ] [MainThread]: Registered adapter: postgres=1.10.0
[0m08:51:46.250753 [debug] [MainThread]: checksum: b80718358155fc17c3559352095564dd56ada1cc1a1c0ef2e62c857e71583775, vars: {}, profile: , target: , version: 1.11.7
[0m08:51:46.300315 [debug] [MainThread]: Partial parsing enabled: 0 files deleted, 0 files added, 0 files changed.
[0m08:51:46.300507 [debug] [MainThread]: Nothing changed, skipping partial parsing.
[0m08:51:46.300608 [debug] [MainThread]: Partial parsing enabled, no changes found, skipping parsing
[0m08:51:46.321237 [debug] [MainThread]: Sending event: {'category': 'dbt', 'action': 'load_project', 'label': '82df870c-968d-46f7-9cc5-170f6b6323e6', 'context': [<snowplow_tracker.self_describing_json.SelfDescribingJson object at 0x10c7b1e90>]}
[0m08:51:46.377943 [debug] [MainThread]: Wrote artifact WritableManifest to /Users/aviraljain/Downloads/python advanced/my_etl_project/target/manifest.json
[0m08:51:46.378790 [debug] [MainThread]: Wrote artifact SemanticManifest to /Users/aviraljain/Downloads/python advanced/my_etl_project/target/semantic_manifest.json
[0m08:51:46.384844 [debug] [MainThread]: Sending event: {'category': 'dbt', 'action': 'resource_counts', 'label': '82df870c-968d-46f7-9cc5-170f6b6323e6', 'context': [<snowplow_tracker.self_describing_json.SelfDescribingJson object at 0x10bae3510>]}
[0m08:51:46.385038 [info ] [MainThread]: Found 4 seeds, 7 models, 37 data tests, 3 sources, 466 macros
[0m08:51:46.385174 [debug] [MainThread]: Sending event: {'category': 'dbt', 'action': 'runnable_timing', 'label': '82df870c-968d-46f7-9cc5-170f6b6323e6', 'context': [<snowplow_tracker.self_describing_json.SelfDescribingJson object at 0x10cb101d0>]}
[0m08:51:46.386076 [info ] [MainThread]: 
[0m08:51:46.386201 [info ] [MainThread]: Concurrency: 4 threads (target='dev')
[0m08:51:46.386299 [info ] [MainThread]: 
[0m08:51:46.386483 [debug] [MainThread]: Acquiring new postgres connection 'master'
[0m08:51:46.387937 [debug] [ThreadPool]: Acquiring new postgres connection 'list_my_etl_db'
[0m08:51:46.388106 [debug] [ThreadPool]: Acquiring new postgres connection 'list_my_etl_db'
[0m08:51:46.409161 [debug] [ThreadPool]: Using postgres connection "list_my_etl_db"
[0m08:51:46.409374 [debug] [ThreadPool]: Using postgres connection "list_my_etl_db"
[0m08:51:46.409493 [debug] [ThreadPool]: On list_my_etl_db: /* {"app": "dbt", "dbt_version": "1.11.7", "profile_name": "my_etl_project", "target_name": "dev", "connection_name": "list_my_etl_db"} */

    select distinct nspname from pg_namespace
  
[0m08:51:46.409610 [debug] [ThreadPool]: On list_my_etl_db: /* {"app": "dbt", "dbt_version": "1.11.7", "profile_name": "my_etl_project", "target_name": "dev", "connection_name": "list_my_etl_db"} */

    select distinct nspname from pg_namespace
  
[0m08:51:46.409716 [debug] [ThreadPool]: Opening a new connection, currently in state init
[0m08:51:46.409815 [debug] [ThreadPool]: Opening a new connection, currently in state init
[0m08:51:46.425888 [debug] [ThreadPool]: SQL status: SELECT 7 in 0.016 seconds
[0m08:51:46.426061 [debug] [ThreadPool]: SQL status: SELECT 7 in 0.016 seconds
[0m08:51:46.426557 [debug] [ThreadPool]: On list_my_etl_db: Close
[0m08:51:46.426920 [debug] [ThreadPool]: On list_my_etl_db: Close
[0m08:51:46.427644 [debug] [ThreadPool]: Re-using an available connection from the pool (formerly list_my_etl_db, now list_my_etl_db_main_raw_ingestion)
[0m08:51:46.429763 [debug] [ThreadPool]: Using postgres connection "list_my_etl_db_main_raw_ingestion"
[0m08:51:46.429906 [debug] [ThreadPool]: Re-using an available connection from the pool (formerly list_my_etl_db, now list_my_etl_db_main_analytics)
[0m08:51:46.430089 [debug] [ThreadPool]: Acquiring new postgres connection 'list_my_etl_db_main'
[0m08:51:46.430207 [debug] [ThreadPool]: On list_my_etl_db_main_raw_ingestion: /* {"app": "dbt", "dbt_version": "1.11.7", "profile_name": "my_etl_project", "target_name": "dev", "connection_name": "list_my_etl_db_main_raw_ingestion"} */
select
      'my_etl_db' as database,
      tablename as name,
      schemaname as schema,
      'table' as type
    from pg_tables
    where schemaname ilike 'main_raw_ingestion'
    union all
    select
      'my_etl_db' as database,
      viewname as name,
      schemaname as schema,
      'view' as type
    from pg_views
    where schemaname ilike 'main_raw_ingestion'
    union all
    select
      'my_etl_db' as database,
      matviewname as name,
      schemaname as schema,
      'materialized_view' as type
    from pg_matviews
    where schemaname ilike 'main_raw_ingestion'
  
[0m08:51:46.430866 [debug] [ThreadPool]: Using postgres connection "list_my_etl_db_main_analytics"
[0m08:51:46.431453 [debug] [ThreadPool]: Using postgres connection "list_my_etl_db_main"
[0m08:51:46.431551 [debug] [ThreadPool]: Opening a new connection, currently in state closed
[0m08:51:46.431655 [debug] [ThreadPool]: On list_my_etl_db_main_analytics: /* {"app": "dbt", "dbt_version": "1.11.7", "profile_name": "my_etl_project", "target_name": "dev", "connection_name": "list_my_etl_db_main_analytics"} */
select
      'my_etl_db' as database,
      tablename as name,
      schemaname as schema,
      'table' as type
    from pg_tables
    where schemaname ilike 'main_analytics'
    union all
    select
      'my_etl_db' as database,
      viewname as name,
      schemaname as schema,
      'view' as type
    from pg_views
    where schemaname ilike 'main_analytics'
    union all
    select
      'my_etl_db' as database,
      matviewname as name,
      schemaname as schema,
      'materialized_view' as type
    from pg_matviews
    where schemaname ilike 'main_analytics'
  
[0m08:51:46.431765 [debug] [ThreadPool]: On list_my_etl_db_main: /* {"app": "dbt", "dbt_version": "1.11.7", "profile_name": "my_etl_project", "target_name": "dev", "connection_name": "list_my_etl_db_main"} */
select
      'my_etl_db' as database,
      tablename as name,
      schemaname as schema,
      'table' as type
    from pg_tables
    where schemaname ilike 'main'
    union all
    select
      'my_etl_db' as database,
      viewname as name,
      schemaname as schema,
      'view' as type
    from pg_views
    where schemaname ilike 'main'
    union all
    select
      'my_etl_db' as database,
      matviewname as name,
      schemaname as schema,
      'materialized_view' as type
    from pg_matviews
    where schemaname ilike 'main'
  
[0m08:51:46.431920 [debug] [ThreadPool]: Opening a new connection, currently in state closed
[0m08:51:46.432018 [debug] [ThreadPool]: Opening a new connection, currently in state init
[0m08:51:46.442271 [debug] [ThreadPool]: SQL status: SELECT 4 in 0.010 seconds
[0m08:51:46.442380 [debug] [ThreadPool]: SQL status: SELECT 2 in 0.010 seconds
[0m08:51:46.442488 [debug] [ThreadPool]: SQL status: SELECT 4 in 0.011 seconds
[0m08:51:46.443039 [debug] [ThreadPool]: On list_my_etl_db_main: ROLLBACK
[0m08:51:46.443393 [debug] [ThreadPool]: On list_my_etl_db_main_analytics: ROLLBACK
[0m08:51:46.443725 [debug] [ThreadPool]: On list_my_etl_db_main_raw_ingestion: ROLLBACK
[0m08:51:46.443976 [debug] [ThreadPool]: On list_my_etl_db_main_analytics: Close
[0m08:51:46.444103 [debug] [ThreadPool]: On list_my_etl_db_main: Close
[0m08:51:46.444212 [debug] [ThreadPool]: On list_my_etl_db_main_raw_ingestion: Close
[0m08:51:46.446405 [debug] [MainThread]: Using postgres connection "master"
[0m08:51:46.446555 [debug] [MainThread]: On master: /* {"app": "dbt", "dbt_version": "1.11.7", "profile_name": "my_etl_project", "target_name": "dev", "connection_name": "master"} */
select distinct
        dependent_namespace.nspname as dependent_schema,
        dependent_class.relname as dependent_name,
        referenced_namespace.nspname as referenced_schema,
        referenced_class.relname as referenced_name

    -- Query for views: views are entries in pg_class with an entry in pg_rewrite, but we avoid
    -- a seq scan on pg_rewrite by leveraging the fact there is an "internal" row in pg_depend for
    -- the view...
    from pg_class as dependent_class
    join pg_namespace as dependent_namespace on dependent_namespace.oid = dependent_class.relnamespace
    join pg_depend as dependent_depend on dependent_depend.refobjid = dependent_class.oid
        and dependent_depend.classid = 'pg_rewrite'::regclass
        and dependent_depend.refclassid = 'pg_class'::regclass
        and dependent_depend.deptype = 'i'

    -- ... and via pg_depend (that has a row per column, hence the need for "distinct" above, and
    -- making sure to exclude the internal row to avoid a view appearing to depend on itself)...
    join pg_depend as joining_depend on joining_depend.objid = dependent_depend.objid
        and joining_depend.classid = 'pg_rewrite'::regclass
        and joining_depend.refclassid = 'pg_class'::regclass
        and joining_depend.refobjid != dependent_depend.refobjid

    -- ... we can find the tables they query from in pg_class, but excluding system tables. Note we
    -- don't need need to exclude _dependent_ system tables, because they only query from other
    -- system tables, and so are automatically excluded by excluding _referenced_ system tables
    join pg_class as referenced_class on referenced_class.oid = joining_depend.refobjid
    join pg_namespace as referenced_namespace on referenced_namespace.oid = referenced_class.relnamespace
        and referenced_namespace.nspname != 'information_schema'
        and referenced_namespace.nspname not like 'pg\_%'

    order by
        dependent_schema, dependent_name, referenced_schema, referenced_name;
[0m08:51:46.446685 [debug] [MainThread]: Opening a new connection, currently in state init
[0m08:51:46.456115 [debug] [MainThread]: SQL status: SELECT 5 in 0.009 seconds
[0m08:51:46.456802 [debug] [MainThread]: Sending event: {'category': 'dbt', 'action': 'runnable_timing', 'label': '82df870c-968d-46f7-9cc5-170f6b6323e6', 'context': [<snowplow_tracker.self_describing_json.SelfDescribingJson object at 0x10b9dc3d0>]}
[0m08:51:46.456961 [debug] [MainThread]: On master: ROLLBACK
[0m08:51:46.457174 [debug] [MainThread]: On master: COMMIT
[0m08:51:46.457268 [debug] [MainThread]: Using postgres connection "master"
[0m08:51:46.457354 [debug] [MainThread]: On master: COMMIT
[0m08:51:46.457572 [debug] [MainThread]: SQL status: COMMIT in 0.000 seconds
[0m08:51:46.457670 [debug] [MainThread]: On master: Close
[0m08:51:46.458461 [debug] [Thread-1 (]: Began running node model.my_etl_project.stg_customers
[0m08:51:46.458604 [debug] [Thread-2 (]: Began running node model.my_etl_project.stg_orders
[0m08:51:46.458882 [debug] [Thread-3 (]: Began running node model.my_etl_project.stg_products
[0m08:51:46.458768 [info ] [Thread-1 (]: 1 of 6 START sql view model main.stg_customers ................................. [RUN]
[0m08:51:46.459079 [info ] [Thread-2 (]: 2 of 6 START sql view model main.stg_orders .................................... [RUN]
[0m08:51:46.459252 [info ] [Thread-3 (]: 3 of 6 START sql view model main.stg_products .................................. [RUN]
[0m08:51:46.459412 [debug] [Thread-1 (]: Re-using an available connection from the pool (formerly list_my_etl_db_main_raw_ingestion, now model.my_etl_project.stg_customers)
[0m08:51:46.459529 [debug] [Thread-2 (]: Re-using an available connection from the pool (formerly list_my_etl_db_main_analytics, now model.my_etl_project.stg_orders)
[0m08:51:46.459636 [debug] [Thread-3 (]: Re-using an available connection from the pool (formerly list_my_etl_db_main, now model.my_etl_project.stg_products)
[0m08:51:46.459746 [debug] [Thread-1 (]: Began compiling node model.my_etl_project.stg_customers
[0m08:51:46.459846 [debug] [Thread-2 (]: Began compiling node model.my_etl_project.stg_orders
[0m08:51:46.459945 [debug] [Thread-3 (]: Began compiling node model.my_etl_project.stg_products
[0m08:51:46.462537 [debug] [Thread-1 (]: Writing injected SQL for node "model.my_etl_project.stg_customers"
[0m08:51:46.463479 [debug] [Thread-2 (]: Writing injected SQL for node "model.my_etl_project.stg_orders"
[0m08:51:46.464362 [debug] [Thread-3 (]: Writing injected SQL for node "model.my_etl_project.stg_products"
[0m08:51:46.464684 [debug] [Thread-1 (]: Began executing node model.my_etl_project.stg_customers
[0m08:51:46.464816 [debug] [Thread-3 (]: Began executing node model.my_etl_project.stg_products
[0m08:51:46.464913 [debug] [Thread-2 (]: Began executing node model.my_etl_project.stg_orders
[0m08:51:46.477933 [debug] [Thread-1 (]: Writing runtime sql for node "model.my_etl_project.stg_customers"
[0m08:51:46.479220 [debug] [Thread-3 (]: Writing runtime sql for node "model.my_etl_project.stg_products"
[0m08:51:46.480327 [debug] [Thread-2 (]: Writing runtime sql for node "model.my_etl_project.stg_orders"
[0m08:51:46.480703 [debug] [Thread-1 (]: Using postgres connection "model.my_etl_project.stg_customers"
[0m08:51:46.480848 [debug] [Thread-3 (]: Using postgres connection "model.my_etl_project.stg_products"
[0m08:51:46.480993 [debug] [Thread-2 (]: Using postgres connection "model.my_etl_project.stg_orders"
[0m08:51:46.481121 [debug] [Thread-1 (]: On model.my_etl_project.stg_customers: /* {"app": "dbt", "dbt_version": "1.11.7", "profile_name": "my_etl_project", "target_name": "dev", "node_id": "model.my_etl_project.stg_customers"} */

  create view "my_etl_db"."main"."stg_customers__dbt_tmp"
    
    
  as (
    -- models/staging/stg_customers.sql
-- Materialization: view (inherited from dbt_project.yml staging config)
-- Purpose: Clean & standardize raw customer records

SELECT
    customer_id,
    TRIM(customer_name)  AS customer_name,
    UPPER(TRIM(region))  AS region,         -- Normalize region values
    UPPER(TRIM(segment)) AS segment,        -- Normalize: 'gold' → 'GOLD'
    LOWER(TRIM(email))   AS email,          -- Standardize email to lowercase
    country_code

FROM "my_etl_db"."main_raw_ingestion"."raw_customers"

WHERE customer_id IS NOT NULL
  );
[0m08:51:46.481269 [debug] [Thread-3 (]: On model.my_etl_project.stg_products: /* {"app": "dbt", "dbt_version": "1.11.7", "profile_name": "my_etl_project", "target_name": "dev", "node_id": "model.my_etl_project.stg_products"} */

  create view "my_etl_db"."main"."stg_products__dbt_tmp"
    
    
  as (
    -- models/staging/stg_products.sql
-- Materialization: view (inherited from dbt_project.yml staging config)
-- Purpose: Clean & standardize the product catalog

SELECT
    product_id,
    TRIM(product_name)                AS product_name,
    UPPER(TRIM(category))             AS category,
    CAST(price AS DECIMAL)            AS price_usd,
    UPPER(TRIM(currency))             AS currency

FROM "my_etl_db"."main_raw_ingestion"."raw_products"

WHERE product_id IS NOT NULL
  );
[0m08:51:46.481413 [debug] [Thread-2 (]: On model.my_etl_project.stg_orders: /* {"app": "dbt", "dbt_version": "1.11.7", "profile_name": "my_etl_project", "target_name": "dev", "node_id": "model.my_etl_project.stg_orders"} */

  create view "my_etl_db"."main"."stg_orders__dbt_tmp"
    
    
  as (
    -- models/staging/stg_orders.sql
-- Materialization: view (inherited from dbt_project.yml staging config)
-- Purpose: Clean & standardize raw orders from the source layer

SELECT
    order_id,
    customer_id,
    UPPER(TRIM(status))             AS status,        -- Normalize: 'complete' → 'COMPLETE'
    CAST(amount AS DECIMAL)         AS amount,        -- Ensure numeric type
    CAST(order_date AS DATE)        AS order_date,    -- Ensure date type
    country_code,
    CAST(updated_at AS TIMESTAMP)   AS updated_at

FROM "my_etl_db"."main_raw_ingestion"."raw_orders"   -- References src_raw.yml → raw_ingestion.raw_orders

WHERE order_id IS NOT NULL               -- Basic data quality filter
  );
[0m08:51:46.481544 [debug] [Thread-1 (]: Opening a new connection, currently in state closed
[0m08:51:46.481660 [debug] [Thread-3 (]: Opening a new connection, currently in state closed
[0m08:51:46.481770 [debug] [Thread-2 (]: Opening a new connection, currently in state closed
[0m08:51:46.489666 [debug] [Thread-2 (]: SQL status: CREATE VIEW in 0.008 seconds
[0m08:51:46.489827 [debug] [Thread-1 (]: SQL status: CREATE VIEW in 0.008 seconds
[0m08:51:46.489952 [debug] [Thread-3 (]: SQL status: CREATE VIEW in 0.008 seconds
[0m08:51:46.492578 [debug] [Thread-2 (]: Using postgres connection "model.my_etl_project.stg_orders"
[0m08:51:46.493701 [debug] [Thread-1 (]: Using postgres connection "model.my_etl_project.stg_customers"
[0m08:51:46.494666 [debug] [Thread-3 (]: Using postgres connection "model.my_etl_project.stg_products"
[0m08:51:46.494796 [debug] [Thread-2 (]: On model.my_etl_project.stg_orders: /* {"app": "dbt", "dbt_version": "1.11.7", "profile_name": "my_etl_project", "target_name": "dev", "node_id": "model.my_etl_project.stg_orders"} */
alter table "my_etl_db"."main"."stg_orders" rename to "stg_orders__dbt_backup"
[0m08:51:46.494924 [debug] [Thread-1 (]: On model.my_etl_project.stg_customers: /* {"app": "dbt", "dbt_version": "1.11.7", "profile_name": "my_etl_project", "target_name": "dev", "node_id": "model.my_etl_project.stg_customers"} */
alter table "my_etl_db"."main"."stg_customers" rename to "stg_customers__dbt_backup"
[0m08:51:46.495053 [debug] [Thread-3 (]: On model.my_etl_project.stg_products: /* {"app": "dbt", "dbt_version": "1.11.7", "profile_name": "my_etl_project", "target_name": "dev", "node_id": "model.my_etl_project.stg_products"} */
alter table "my_etl_db"."main"."stg_products" rename to "stg_products__dbt_backup"
[0m08:51:46.495983 [debug] [Thread-1 (]: SQL status: ALTER TABLE in 0.001 seconds
[0m08:51:46.496172 [debug] [Thread-3 (]: SQL status: ALTER TABLE in 0.001 seconds
[0m08:51:46.496287 [debug] [Thread-2 (]: SQL status: ALTER TABLE in 0.001 seconds
[0m08:51:46.497210 [debug] [Thread-1 (]: Using postgres connection "model.my_etl_project.stg_customers"
[0m08:51:46.498127 [debug] [Thread-3 (]: Using postgres connection "model.my_etl_project.stg_products"
[0m08:51:46.498964 [debug] [Thread-2 (]: Using postgres connection "model.my_etl_project.stg_orders"
[0m08:51:46.499073 [debug] [Thread-1 (]: On model.my_etl_project.stg_customers: /* {"app": "dbt", "dbt_version": "1.11.7", "profile_name": "my_etl_project", "target_name": "dev", "node_id": "model.my_etl_project.stg_customers"} */
alter table "my_etl_db"."main"."stg_customers__dbt_tmp" rename to "stg_customers"
[0m08:51:46.499178 [debug] [Thread-3 (]: On model.my_etl_project.stg_products: /* {"app": "dbt", "dbt_version": "1.11.7", "profile_name": "my_etl_project", "target_name": "dev", "node_id": "model.my_etl_project.stg_products"} */
alter table "my_etl_db"."main"."stg_products__dbt_tmp" rename to "stg_products"
[0m08:51:46.499286 [debug] [Thread-2 (]: On model.my_etl_project.stg_orders: /* {"app": "dbt", "dbt_version": "1.11.7", "profile_name": "my_etl_project", "target_name": "dev", "node_id": "model.my_etl_project.stg_orders"} */
alter table "my_etl_db"."main"."stg_orders__dbt_tmp" rename to "stg_orders"
[0m08:51:46.500255 [debug] [Thread-1 (]: SQL status: ALTER TABLE in 0.001 seconds
[0m08:51:46.505945 [debug] [Thread-1 (]: On model.my_etl_project.stg_customers: COMMIT
[0m08:51:46.506090 [debug] [Thread-3 (]: SQL status: ALTER TABLE in 0.007 seconds
[0m08:51:46.506214 [debug] [Thread-2 (]: SQL status: ALTER TABLE in 0.007 seconds
[0m08:51:46.506319 [debug] [Thread-1 (]: Using postgres connection "model.my_etl_project.stg_customers"
[0m08:51:46.506680 [debug] [Thread-3 (]: On model.my_etl_project.stg_products: COMMIT
[0m08:51:46.507017 [debug] [Thread-2 (]: On model.my_etl_project.stg_orders: COMMIT
[0m08:51:46.507124 [debug] [Thread-1 (]: On model.my_etl_project.stg_customers: COMMIT
[0m08:51:46.507231 [debug] [Thread-3 (]: Using postgres connection "model.my_etl_project.stg_products"
[0m08:51:46.507334 [debug] [Thread-2 (]: Using postgres connection "model.my_etl_project.stg_orders"
[0m08:51:46.507457 [debug] [Thread-3 (]: On model.my_etl_project.stg_products: COMMIT
[0m08:51:46.507575 [debug] [Thread-2 (]: On model.my_etl_project.stg_orders: COMMIT
[0m08:51:46.508082 [debug] [Thread-1 (]: SQL status: COMMIT in 0.001 seconds
[0m08:51:46.508210 [debug] [Thread-3 (]: SQL status: COMMIT in 0.001 seconds
[0m08:51:46.508315 [debug] [Thread-2 (]: SQL status: COMMIT in 0.001 seconds
[0m08:51:46.510321 [debug] [Thread-1 (]: Applying DROP to: "my_etl_db"."main"."stg_customers__dbt_backup"
[0m08:51:46.511047 [debug] [Thread-3 (]: Applying DROP to: "my_etl_db"."main"."stg_products__dbt_backup"
[0m08:51:46.511734 [debug] [Thread-2 (]: Applying DROP to: "my_etl_db"."main"."stg_orders__dbt_backup"
[0m08:51:46.513219 [debug] [Thread-1 (]: Using postgres connection "model.my_etl_project.stg_customers"
[0m08:51:46.513388 [debug] [Thread-3 (]: Using postgres connection "model.my_etl_project.stg_products"
[0m08:51:46.513559 [debug] [Thread-2 (]: Using postgres connection "model.my_etl_project.stg_orders"
[0m08:51:46.513668 [debug] [Thread-1 (]: On model.my_etl_project.stg_customers: /* {"app": "dbt", "dbt_version": "1.11.7", "profile_name": "my_etl_project", "target_name": "dev", "node_id": "model.my_etl_project.stg_customers"} */
drop view if exists "my_etl_db"."main"."stg_customers__dbt_backup" cascade
[0m08:51:46.513778 [debug] [Thread-3 (]: On model.my_etl_project.stg_products: /* {"app": "dbt", "dbt_version": "1.11.7", "profile_name": "my_etl_project", "target_name": "dev", "node_id": "model.my_etl_project.stg_products"} */
drop view if exists "my_etl_db"."main"."stg_products__dbt_backup" cascade
[0m08:51:46.513884 [debug] [Thread-2 (]: On model.my_etl_project.stg_orders: /* {"app": "dbt", "dbt_version": "1.11.7", "profile_name": "my_etl_project", "target_name": "dev", "node_id": "model.my_etl_project.stg_orders"} */
drop view if exists "my_etl_db"."main"."stg_orders__dbt_backup" cascade
[0m08:51:46.516550 [debug] [Thread-3 (]: SQL status: DROP VIEW in 0.003 seconds
[0m08:51:46.517387 [debug] [Thread-3 (]: On model.my_etl_project.stg_products: Close
[0m08:51:46.517539 [debug] [Thread-2 (]: SQL status: DROP VIEW in 0.004 seconds
[0m08:51:46.517676 [debug] [Thread-1 (]: SQL status: DROP VIEW in 0.004 seconds
[0m08:51:46.518476 [debug] [Thread-2 (]: On model.my_etl_project.stg_orders: Close
[0m08:51:46.518863 [debug] [Thread-1 (]: On model.my_etl_project.stg_customers: Close
[0m08:51:46.519005 [debug] [Thread-3 (]: Sending event: {'category': 'dbt', 'action': 'run_model', 'label': '82df870c-968d-46f7-9cc5-170f6b6323e6', 'context': [<snowplow_tracker.self_describing_json.SelfDescribingJson object at 0x10c78d650>]}
[0m08:51:46.519178 [debug] [Thread-2 (]: Sending event: {'category': 'dbt', 'action': 'run_model', 'label': '82df870c-968d-46f7-9cc5-170f6b6323e6', 'context': [<snowplow_tracker.self_describing_json.SelfDescribingJson object at 0x10cf98790>]}
[0m08:51:46.519342 [debug] [Thread-1 (]: Sending event: {'category': 'dbt', 'action': 'run_model', 'label': '82df870c-968d-46f7-9cc5-170f6b6323e6', 'context': [<snowplow_tracker.self_describing_json.SelfDescribingJson object at 0x10ba34550>]}
[0m08:51:46.519557 [info ] [Thread-3 (]: 3 of 6 OK created sql view model main.stg_products ............................. [[32mCREATE VIEW[0m in 0.06s]
[0m08:51:46.519774 [info ] [Thread-2 (]: 2 of 6 OK created sql view model main.stg_orders ............................... [[32mCREATE VIEW[0m in 0.06s]
[0m08:51:46.519965 [info ] [Thread-1 (]: 1 of 6 OK created sql view model main.stg_customers ............................ [[32mCREATE VIEW[0m in 0.06s]
[0m08:51:46.520149 [debug] [Thread-3 (]: Finished running node model.my_etl_project.stg_products
[0m08:51:46.520298 [debug] [Thread-2 (]: Finished running node model.my_etl_project.stg_orders
[0m08:51:46.520442 [debug] [Thread-1 (]: Finished running node model.my_etl_project.stg_customers
[0m08:51:46.520726 [debug] [Thread-1 (]: Began running node model.my_etl_project.fct_sales_incremental
[0m08:51:46.520859 [debug] [Thread-4 (]: Began running node model.my_etl_project.int_orders_cleaned
[0m08:51:46.521037 [info ] [Thread-1 (]: 4 of 6 START sql incremental model main_analytics.fct_sales_incremental ........ [RUN]
[0m08:51:46.521217 [debug] [Thread-4 (]: Acquiring new postgres connection 'model.my_etl_project.int_orders_cleaned'
[0m08:51:46.521333 [debug] [Thread-1 (]: Re-using an available connection from the pool (formerly model.my_etl_project.stg_customers, now model.my_etl_project.fct_sales_incremental)
[0m08:51:46.521443 [debug] [Thread-4 (]: Began compiling node model.my_etl_project.int_orders_cleaned
[0m08:51:46.521545 [debug] [Thread-1 (]: Began compiling node model.my_etl_project.fct_sales_incremental
[0m08:51:46.522620 [debug] [Thread-4 (]: Writing injected SQL for node "model.my_etl_project.int_orders_cleaned"
[0m08:51:46.525468 [debug] [Thread-1 (]: Writing injected SQL for node "model.my_etl_project.fct_sales_incremental"
[0m08:51:46.525879 [debug] [Thread-4 (]: Finished running node model.my_etl_project.int_orders_cleaned
[0m08:51:46.526009 [debug] [Thread-1 (]: Began executing node model.my_etl_project.fct_sales_incremental
[0m08:51:46.538872 [debug] [Thread-1 (]: Using postgres connection "model.my_etl_project.fct_sales_incremental"
[0m08:51:46.539063 [debug] [Thread-2 (]: Began running node model.my_etl_project.int_orders_customers
[0m08:51:46.539230 [debug] [Thread-1 (]: On model.my_etl_project.fct_sales_incremental: /* {"app": "dbt", "dbt_version": "1.11.7", "profile_name": "my_etl_project", "target_name": "dev", "node_id": "model.my_etl_project.fct_sales_incremental"} */

    
  
    

  create temporary table "fct_sales_incremental__dbt_tmp085146534530"
  
  
    as
  
  (
    

SELECT
    order_id,
    customer_id,
    amount,
    status,
    order_date,
    country_code,
    updated_at,
    CURRENT_TIMESTAMP AS dbt_loaded_at

FROM "my_etl_db"."main"."stg_orders"


  -- On incremental runs: only process rows newer than what's already in the table
  -- On first run: is_incremental() = False → loads ALL rows
  WHERE updated_at > (SELECT MAX(updated_at) FROM "my_etl_db"."main_analytics"."fct_sales_incremental")

  );
  
  
[0m08:51:46.539406 [info ] [Thread-2 (]: 5 of 6 START sql view model main.int_orders_customers .......................... [RUN]
[0m08:51:46.539565 [debug] [Thread-1 (]: Opening a new connection, currently in state closed
[0m08:51:46.539718 [debug] [Thread-2 (]: Re-using an available connection from the pool (formerly model.my_etl_project.stg_orders, now model.my_etl_project.int_orders_customers)
[0m08:51:46.539895 [debug] [Thread-2 (]: Began compiling node model.my_etl_project.int_orders_customers
[0m08:51:46.542220 [debug] [Thread-2 (]: Writing injected SQL for node "model.my_etl_project.int_orders_customers"
[0m08:51:46.542487 [debug] [Thread-2 (]: Began executing node model.my_etl_project.int_orders_customers
[0m08:51:46.544414 [debug] [Thread-2 (]: Writing runtime sql for node "model.my_etl_project.int_orders_customers"
[0m08:51:46.544646 [debug] [Thread-2 (]: Using postgres connection "model.my_etl_project.int_orders_customers"
[0m08:51:46.544776 [debug] [Thread-2 (]: On model.my_etl_project.int_orders_customers: /* {"app": "dbt", "dbt_version": "1.11.7", "profile_name": "my_etl_project", "target_name": "dev", "node_id": "model.my_etl_project.int_orders_customers"} */

  create view "my_etl_db"."main"."int_orders_customers__dbt_tmp"
    
    
  as (
    with __dbt__cte__int_orders_cleaned as (
-- models/intermediate/int_orders_cleaned.sql
-- Materialization: EPHEMERAL — becomes a CTE inside models that ref() this.
-- No table or view is created in the warehouse.
-- Purpose: Handle null/negative amounts and remove junk rows.



SELECT
    order_id,
    customer_id,
    CASE
        WHEN amount < 0     THEN 0      -- Negative amounts → treat as 0
        WHEN amount IS NULL THEN 0      -- Null amounts → treat as 0
        ELSE amount
    END                 AS amount_safe,
    status,
    order_date,
    country_code,
    updated_at

FROM "my_etl_db"."main"."stg_orders"

WHERE order_id IS NOT NULL
) -- models/intermediate/int_orders_customers.sql
-- Materialization: view (inherited from dbt_project.yml intermediate config)
-- Purpose: Enrich orders with customer dimension data.
-- dbt knows to run stg_orders and stg_customers BEFORE this model (via ref()).

SELECT
    o.order_id,
    o.amount_safe                   AS amount,
    o.status,
    o.order_date,
    o.country_code,
    o.updated_at,
    c.customer_id,
    c.customer_name,
    c.region,
    c.segment

FROM __dbt__cte__int_orders_cleaned  AS o   -- Ephemeral: inlines as CTE
JOIN "my_etl_db"."main"."stg_customers"       AS c
    ON o.customer_id = c.customer_id
  );
[0m08:51:46.544900 [debug] [Thread-2 (]: Opening a new connection, currently in state closed
[0m08:51:46.549314 [debug] [Thread-1 (]: SQL status: SELECT 0 in 0.010 seconds
[0m08:51:46.552398 [debug] [Thread-2 (]: SQL status: CREATE VIEW in 0.007 seconds
[0m08:51:46.554167 [debug] [Thread-1 (]: Using postgres connection "model.my_etl_project.fct_sales_incremental"
[0m08:51:46.555225 [debug] [Thread-2 (]: Using postgres connection "model.my_etl_project.int_orders_customers"
[0m08:51:46.555359 [debug] [Thread-1 (]: On model.my_etl_project.fct_sales_incremental: /* {"app": "dbt", "dbt_version": "1.11.7", "profile_name": "my_etl_project", "target_name": "dev", "node_id": "model.my_etl_project.fct_sales_incremental"} */

      select
          column_name,
          data_type,
          character_maximum_length,
          numeric_precision,
          numeric_scale

      from INFORMATION_SCHEMA.columns
      where table_name = 'fct_sales_incremental__dbt_tmp085146534530'
        
      order by ordinal_position

  
[0m08:51:46.555491 [debug] [Thread-2 (]: On model.my_etl_project.int_orders_customers: /* {"app": "dbt", "dbt_version": "1.11.7", "profile_name": "my_etl_project", "target_name": "dev", "node_id": "model.my_etl_project.int_orders_customers"} */
alter table "my_etl_db"."main"."int_orders_customers__dbt_tmp" rename to "int_orders_customers"
[0m08:51:46.556040 [debug] [Thread-2 (]: SQL status: ALTER TABLE in 0.000 seconds
[0m08:51:46.556417 [debug] [Thread-2 (]: On model.my_etl_project.int_orders_customers: COMMIT
[0m08:51:46.556525 [debug] [Thread-2 (]: Using postgres connection "model.my_etl_project.int_orders_customers"
[0m08:51:46.556622 [debug] [Thread-2 (]: On model.my_etl_project.int_orders_customers: COMMIT
[0m08:51:46.556898 [debug] [Thread-2 (]: SQL status: COMMIT in 0.000 seconds
[0m08:51:46.557610 [debug] [Thread-2 (]: Applying DROP to: "my_etl_db"."main"."int_orders_customers__dbt_backup"
[0m08:51:46.557790 [debug] [Thread-2 (]: Using postgres connection "model.my_etl_project.int_orders_customers"
[0m08:51:46.557904 [debug] [Thread-2 (]: On model.my_etl_project.int_orders_customers: /* {"app": "dbt", "dbt_version": "1.11.7", "profile_name": "my_etl_project", "target_name": "dev", "node_id": "model.my_etl_project.int_orders_customers"} */
drop view if exists "my_etl_db"."main"."int_orders_customers__dbt_backup" cascade
[0m08:51:46.558113 [debug] [Thread-2 (]: SQL status: DROP VIEW in 0.000 seconds
[0m08:51:46.558463 [debug] [Thread-2 (]: On model.my_etl_project.int_orders_customers: Close
[0m08:51:46.558648 [debug] [Thread-2 (]: Sending event: {'category': 'dbt', 'action': 'run_model', 'label': '82df870c-968d-46f7-9cc5-170f6b6323e6', 'context': [<snowplow_tracker.self_describing_json.SelfDescribingJson object at 0x10d194410>]}
[0m08:51:46.558841 [info ] [Thread-2 (]: 5 of 6 OK created sql view model main.int_orders_customers ..................... [[32mCREATE VIEW[0m in 0.02s]
[0m08:51:46.559042 [debug] [Thread-2 (]: Finished running node model.my_etl_project.int_orders_customers
[0m08:51:46.559231 [debug] [Thread-4 (]: Began running node model.my_etl_project.fct_sales
[0m08:51:46.559368 [info ] [Thread-4 (]: 6 of 6 START sql table model main_analytics.fct_sales .......................... [RUN]
[0m08:51:46.559504 [debug] [Thread-4 (]: Re-using an available connection from the pool (formerly model.my_etl_project.int_orders_cleaned, now model.my_etl_project.fct_sales)
[0m08:51:46.559611 [debug] [Thread-4 (]: Began compiling node model.my_etl_project.fct_sales
[0m08:51:46.561159 [debug] [Thread-4 (]: Writing injected SQL for node "model.my_etl_project.fct_sales"
[0m08:51:46.561302 [debug] [Thread-1 (]: SQL status: SELECT 8 in 0.006 seconds
[0m08:51:46.562891 [debug] [Thread-1 (]: Using postgres connection "model.my_etl_project.fct_sales_incremental"
[0m08:51:46.563019 [debug] [Thread-1 (]: On model.my_etl_project.fct_sales_incremental: /* {"app": "dbt", "dbt_version": "1.11.7", "profile_name": "my_etl_project", "target_name": "dev", "node_id": "model.my_etl_project.fct_sales_incremental"} */

      select
          column_name,
          data_type,
          character_maximum_length,
          numeric_precision,
          numeric_scale

      from "my_etl_db".INFORMATION_SCHEMA.columns
      where table_name = 'fct_sales_incremental'
        
        and table_schema = 'main_analytics'
        
      order by ordinal_position

  
[0m08:51:46.563214 [debug] [Thread-4 (]: Began executing node model.my_etl_project.fct_sales
[0m08:51:46.567215 [debug] [Thread-4 (]: Writing runtime sql for node "model.my_etl_project.fct_sales"
[0m08:51:46.567399 [debug] [Thread-1 (]: SQL status: SELECT 8 in 0.004 seconds
[0m08:51:46.573079 [debug] [Thread-1 (]: Using postgres connection "model.my_etl_project.fct_sales_incremental"
[0m08:51:46.573292 [debug] [Thread-1 (]: On model.my_etl_project.fct_sales_incremental: /* {"app": "dbt", "dbt_version": "1.11.7", "profile_name": "my_etl_project", "target_name": "dev", "node_id": "model.my_etl_project.fct_sales_incremental"} */

      select
          column_name,
          data_type,
          character_maximum_length,
          numeric_precision,
          numeric_scale

      from INFORMATION_SCHEMA.columns
      where table_name = 'fct_sales_incremental__dbt_tmp085146534530'
        
      order by ordinal_position

  
[0m08:51:46.573444 [debug] [Thread-4 (]: Using postgres connection "model.my_etl_project.fct_sales"
[0m08:51:46.573623 [debug] [Thread-4 (]: On model.my_etl_project.fct_sales: /* {"app": "dbt", "dbt_version": "1.11.7", "profile_name": "my_etl_project", "target_name": "dev", "node_id": "model.my_etl_project.fct_sales"} */

  
    

  create  table "my_etl_db"."main_analytics"."fct_sales__dbt_tmp"
  
  
    as
  
  (
    -- models/marts/fct_sales.sql
-- Materialization: TABLE in the 'analytics' schema (from dbt_project.yml)
-- Purpose: Final sales fact table for BI tools and dashboards.
-- Tagged 'daily' and 'sales' for selective scheduling.



SELECT
    o.order_id,
    o.customer_id,
    o.customer_name,
    o.region,
    o.segment,
    o.status,
    o.amount,
    
    (o.amount / 100.0)
   AS amount_dollars, -- macro usage
    o.order_date,
    o.country_code,
    cc.country_name,
    cc.region                            AS country_region,
    o.updated_at,
    CURRENT_TIMESTAMP                    AS dbt_loaded_at   -- audit column

FROM "my_etl_db"."main"."int_orders_customers"   AS o

LEFT JOIN "my_etl_db"."main_raw_ingestion"."country_codes"     AS cc
    ON o.country_code = cc.country_code

WHERE o.status = 'COMPLETE'    -- Fact table: only completed orders
  );
  
[0m08:51:46.573749 [debug] [Thread-4 (]: Opening a new connection, currently in state init
[0m08:51:46.575278 [debug] [Thread-1 (]: SQL status: SELECT 8 in 0.002 seconds
[0m08:51:46.576349 [debug] [Thread-1 (]: Using postgres connection "model.my_etl_project.fct_sales_incremental"
[0m08:51:46.576485 [debug] [Thread-1 (]: On model.my_etl_project.fct_sales_incremental: /* {"app": "dbt", "dbt_version": "1.11.7", "profile_name": "my_etl_project", "target_name": "dev", "node_id": "model.my_etl_project.fct_sales_incremental"} */

      select
          column_name,
          data_type,
          character_maximum_length,
          numeric_precision,
          numeric_scale

      from "my_etl_db".INFORMATION_SCHEMA.columns
      where table_name = 'fct_sales_incremental'
        
        and table_schema = 'main_analytics'
        
      order by ordinal_position

  
[0m08:51:46.579028 [debug] [Thread-1 (]: SQL status: SELECT 8 in 0.002 seconds
[0m08:51:46.582603 [debug] [Thread-1 (]: 
    In "my_etl_db"."main_analytics"."fct_sales_incremental":
        Schema changed: False
        Source columns not in target: []
        Target columns not in source: []
        New column types: []
  
[0m08:51:46.582730 [debug] [Thread-4 (]: SQL status: SELECT 7 in 0.009 seconds
[0m08:51:46.587160 [debug] [Thread-1 (]: Writing runtime sql for node "model.my_etl_project.fct_sales_incremental"
[0m08:51:46.589955 [debug] [Thread-4 (]: Using postgres connection "model.my_etl_project.fct_sales"
[0m08:51:46.590138 [debug] [Thread-4 (]: On model.my_etl_project.fct_sales: /* {"app": "dbt", "dbt_version": "1.11.7", "profile_name": "my_etl_project", "target_name": "dev", "node_id": "model.my_etl_project.fct_sales"} */
alter table "my_etl_db"."main_analytics"."fct_sales" rename to "fct_sales__dbt_backup"
[0m08:51:46.590335 [debug] [Thread-1 (]: Using postgres connection "model.my_etl_project.fct_sales_incremental"
[0m08:51:46.590459 [debug] [Thread-1 (]: On model.my_etl_project.fct_sales_incremental: /* {"app": "dbt", "dbt_version": "1.11.7", "profile_name": "my_etl_project", "target_name": "dev", "node_id": "model.my_etl_project.fct_sales_incremental"} */

      
        
        
        delete from "my_etl_db"."main_analytics"."fct_sales_incremental" as DBT_INTERNAL_DEST
        where (order_id) in (
            select distinct order_id
            from "fct_sales_incremental__dbt_tmp085146534530" as DBT_INTERNAL_SOURCE
        );

    

    insert into "my_etl_db"."main_analytics"."fct_sales_incremental" ("order_id", "customer_id", "amount", "status", "order_date", "country_code", "updated_at", "dbt_loaded_at")
    (
        select "order_id", "customer_id", "amount", "status", "order_date", "country_code", "updated_at", "dbt_loaded_at"
        from "fct_sales_incremental__dbt_tmp085146534530"
    )
  
[0m08:51:46.590637 [debug] [Thread-4 (]: SQL status: ALTER TABLE in 0.000 seconds
[0m08:51:46.591532 [debug] [Thread-4 (]: Using postgres connection "model.my_etl_project.fct_sales"
[0m08:51:46.591646 [debug] [Thread-1 (]: SQL status: INSERT 0 0 in 0.001 seconds
[0m08:51:46.591749 [debug] [Thread-4 (]: On model.my_etl_project.fct_sales: /* {"app": "dbt", "dbt_version": "1.11.7", "profile_name": "my_etl_project", "target_name": "dev", "node_id": "model.my_etl_project.fct_sales"} */
alter table "my_etl_db"."main_analytics"."fct_sales__dbt_tmp" rename to "fct_sales"
[0m08:51:46.592119 [debug] [Thread-1 (]: On model.my_etl_project.fct_sales_incremental: COMMIT
[0m08:51:46.592252 [debug] [Thread-1 (]: Using postgres connection "model.my_etl_project.fct_sales_incremental"
[0m08:51:46.592356 [debug] [Thread-1 (]: On model.my_etl_project.fct_sales_incremental: COMMIT
[0m08:51:46.592870 [debug] [Thread-1 (]: SQL status: COMMIT in 0.000 seconds
[0m08:51:46.593078 [debug] [Thread-1 (]: On model.my_etl_project.fct_sales_incremental: Close
[0m08:51:46.593195 [debug] [Thread-4 (]: SQL status: ALTER TABLE in 0.001 seconds
[0m08:51:46.593390 [debug] [Thread-1 (]: Sending event: {'category': 'dbt', 'action': 'run_model', 'label': '82df870c-968d-46f7-9cc5-170f6b6323e6', 'context': [<snowplow_tracker.self_describing_json.SelfDescribingJson object at 0x10d1de890>]}
[0m08:51:46.593759 [debug] [Thread-4 (]: On model.my_etl_project.fct_sales: COMMIT
[0m08:51:46.593964 [info ] [Thread-1 (]: 4 of 6 OK created sql incremental model main_analytics.fct_sales_incremental ... [[32mINSERT 0 0[0m in 0.07s]
[0m08:51:46.594125 [debug] [Thread-4 (]: Using postgres connection "model.my_etl_project.fct_sales"
[0m08:51:46.594303 [debug] [Thread-1 (]: Finished running node model.my_etl_project.fct_sales_incremental
[0m08:51:46.594428 [debug] [Thread-4 (]: On model.my_etl_project.fct_sales: COMMIT
[0m08:51:46.595015 [debug] [Thread-4 (]: SQL status: COMMIT in 0.000 seconds
[0m08:51:46.595819 [debug] [Thread-4 (]: Applying DROP to: "my_etl_db"."main_analytics"."fct_sales__dbt_backup"
[0m08:51:46.596713 [debug] [Thread-4 (]: Using postgres connection "model.my_etl_project.fct_sales"
[0m08:51:46.596833 [debug] [Thread-4 (]: On model.my_etl_project.fct_sales: /* {"app": "dbt", "dbt_version": "1.11.7", "profile_name": "my_etl_project", "target_name": "dev", "node_id": "model.my_etl_project.fct_sales"} */
drop table if exists "my_etl_db"."main_analytics"."fct_sales__dbt_backup" cascade
[0m08:51:46.598985 [debug] [Thread-4 (]: SQL status: DROP TABLE in 0.002 seconds
[0m08:51:46.599347 [debug] [Thread-4 (]: On model.my_etl_project.fct_sales: Close
[0m08:51:46.599507 [debug] [Thread-4 (]: Sending event: {'category': 'dbt', 'action': 'run_model', 'label': '82df870c-968d-46f7-9cc5-170f6b6323e6', 'context': [<snowplow_tracker.self_describing_json.SelfDescribingJson object at 0x10d213d90>]}
[0m08:51:46.599689 [info ] [Thread-4 (]: 6 of 6 OK created sql table model main_analytics.fct_sales ..................... [[32mSELECT 7[0m in 0.04s]
[0m08:51:46.599922 [debug] [Thread-4 (]: Finished running node model.my_etl_project.fct_sales
[0m08:51:46.600426 [debug] [MainThread]: On master: COMMIT
[0m08:51:46.600544 [debug] [MainThread]: Using postgres connection "master"
[0m08:51:46.600639 [debug] [MainThread]: On master: COMMIT
[0m08:51:46.600722 [debug] [MainThread]: Opening a new connection, currently in state closed
[0m08:51:46.604994 [debug] [MainThread]: SQL status: COMMIT in 0.004 seconds
[0m08:51:46.605133 [debug] [MainThread]: On master: Close
[0m08:51:46.605264 [debug] [MainThread]: Connection 'master' was properly closed.
[0m08:51:46.605347 [debug] [MainThread]: Connection 'model.my_etl_project.fct_sales_incremental' was properly closed.
[0m08:51:46.605427 [debug] [MainThread]: Connection 'model.my_etl_project.int_orders_customers' was properly closed.
[0m08:51:46.605502 [debug] [MainThread]: Connection 'model.my_etl_project.stg_products' was properly closed.
[0m08:51:46.605575 [debug] [MainThread]: Connection 'model.my_etl_project.fct_sales' was properly closed.
[0m08:51:46.605702 [info ] [MainThread]: 
[0m08:51:46.605819 [info ] [MainThread]: Finished running 1 incremental model, 1 table model, 4 view models in 0 hours 0 minutes and 0.22 seconds (0.22s).
[0m08:51:46.606245 [debug] [MainThread]: Command end result
[0m08:51:46.618052 [debug] [MainThread]: Wrote artifact WritableManifest to /Users/aviraljain/Downloads/python advanced/my_etl_project/target/manifest.json
[0m08:51:46.618831 [debug] [MainThread]: Wrote artifact SemanticManifest to /Users/aviraljain/Downloads/python advanced/my_etl_project/target/semantic_manifest.json
[0m08:51:46.620865 [debug] [MainThread]: Wrote artifact RunExecutionResult to /Users/aviraljain/Downloads/python advanced/my_etl_project/target/run_results.json
[0m08:51:46.620966 [info ] [MainThread]: 
[0m08:51:46.621116 [info ] [MainThread]: [32mCompleted successfully[0m
[0m08:51:46.621229 [info ] [MainThread]: 
[0m08:51:46.621340 [info ] [MainThread]: Done. PASS=6 WARN=0 ERROR=0 SKIP=0 NO-OP=0 TOTAL=6
[0m08:51:46.622629 [debug] [MainThread]: Resource report: {"command_name": "run", "command_success": true, "command_wall_clock_time": 0.5157011, "process_in_blocks": "0", "process_kernel_time": 0.148569, "process_mem_max_rss": "145375232", "process_out_blocks": "0", "process_user_time": 0.862333}
[0m08:51:46.622774 [debug] [MainThread]: Command `dbt run` succeeded at 08:51:46.622747 after 0.52 seconds
[0m08:51:46.622904 [debug] [MainThread]: Sending event: {'category': 'dbt', 'action': 'invocation', 'label': 'end', 'context': [<snowplow_tracker.self_describing_json.SelfDescribingJson object at 0x10753af10>, <snowplow_tracker.self_describing_json.SelfDescribingJson object at 0x10769b550>, <snowplow_tracker.self_describing_json.SelfDescribingJson object at 0x107522110>]}
[0m08:51:46.623037 [debug] [MainThread]: Flushing usage events
[0m08:51:47.950453 [debug] [MainThread]: An error was encountered while trying to flush usage events
[0m08:56:30.483576 [debug] [MainThread]: Sending event: {'category': 'dbt', 'action': 'invocation', 'label': 'start', 'context': [<snowplow_tracker.self_describing_json.SelfDescribingJson object at 0x10e3cfe10>, <snowplow_tracker.self_describing_json.SelfDescribingJson object at 0x10e2ff890>, <snowplow_tracker.self_describing_json.SelfDescribingJson object at 0x10e4569d0>]}


============================== 08:56:30.486427 | 2abee617-e1d1-4d64-87ad-9d3ca698e476 ==============================
[0m08:56:30.486427 [info ] [MainThread]: Running with dbt=1.11.7
[0m08:56:30.486736 [debug] [MainThread]: running dbt with arguments {'invocation_command': 'dbt seed', 'profiles_dir': '/Users/aviraljain/Downloads/python advanced/my_etl_project', 'printer_width': '80', 'debug': 'False', 'partial_parse': 'True', 'empty': 'None', 'use_experimental_parser': 'False', 'version_check': 'True', 'fail_fast': 'False', 'write_json': 'True', 'static_parser': 'True', 'indirect_selection': 'eager', 'log_path': '/Users/aviraljain/Downloads/python advanced/my_etl_project/logs', 'warn_error_options': 'WarnErrorOptionsV2(error=[], warn=[], silence=[])', 'log_cache_events': 'False', 'use_colors': 'True', 'target_path': 'None', 'warn_error': 'None', 'no_print': 'None', 'introspect': 'True', 'quiet': 'False', 'cache_selected_only': 'False', 'send_anonymous_usage_stats': 'True', 'log_format': 'default'}
[0m08:56:30.567518 [debug] [MainThread]: Sending event: {'category': 'dbt', 'action': 'project_id', 'label': '2abee617-e1d1-4d64-87ad-9d3ca698e476', 'context': [<snowplow_tracker.self_describing_json.SelfDescribingJson object at 0x10f175490>]}
[0m08:56:30.587810 [debug] [MainThread]: Sending event: {'category': 'dbt', 'action': 'adapter_info', 'label': '2abee617-e1d1-4d64-87ad-9d3ca698e476', 'context': [<snowplow_tracker.self_describing_json.SelfDescribingJson object at 0x10b671b90>]}
[0m08:56:30.588290 [info ] [MainThread]: Registered adapter: postgres=1.10.0
[0m08:56:30.639487 [debug] [MainThread]: checksum: b80718358155fc17c3559352095564dd56ada1cc1a1c0ef2e62c857e71583775, vars: {}, profile: , target: , version: 1.11.7
[0m08:56:30.709431 [debug] [MainThread]: Partial parsing enabled: 0 files deleted, 0 files added, 1 files changed.
[0m08:56:30.709871 [debug] [MainThread]: Partial parsing: updated file: my_etl_project://seeds/raw_orders.csv
[0m08:56:30.816287 [debug] [MainThread]: Sending event: {'category': 'dbt', 'action': 'load_project', 'label': '2abee617-e1d1-4d64-87ad-9d3ca698e476', 'context': [<snowplow_tracker.self_describing_json.SelfDescribingJson object at 0x10f6a8f10>]}
[0m08:56:30.851693 [debug] [MainThread]: Wrote artifact WritableManifest to /Users/aviraljain/Downloads/python advanced/my_etl_project/target/manifest.json
[0m08:56:30.852675 [debug] [MainThread]: Wrote artifact SemanticManifest to /Users/aviraljain/Downloads/python advanced/my_etl_project/target/semantic_manifest.json
[0m08:56:30.863873 [debug] [MainThread]: Sending event: {'category': 'dbt', 'action': 'resource_counts', 'label': '2abee617-e1d1-4d64-87ad-9d3ca698e476', 'context': [<snowplow_tracker.self_describing_json.SelfDescribingJson object at 0x10f32d490>]}
[0m08:56:30.864084 [info ] [MainThread]: Found 4 seeds, 7 models, 37 data tests, 3 sources, 466 macros
[0m08:56:30.864221 [debug] [MainThread]: Sending event: {'category': 'dbt', 'action': 'runnable_timing', 'label': '2abee617-e1d1-4d64-87ad-9d3ca698e476', 'context': [<snowplow_tracker.self_describing_json.SelfDescribingJson object at 0x10eb69190>]}
[0m08:56:30.865176 [info ] [MainThread]: 
[0m08:56:30.865310 [info ] [MainThread]: Concurrency: 4 threads (target='dev')
[0m08:56:30.865410 [info ] [MainThread]: 
[0m08:56:30.865592 [debug] [MainThread]: Acquiring new postgres connection 'master'
[0m08:56:30.866937 [debug] [ThreadPool]: Acquiring new postgres connection 'list_my_etl_db'
[0m08:56:30.910821 [debug] [ThreadPool]: Using postgres connection "list_my_etl_db"
[0m08:56:30.911047 [debug] [ThreadPool]: On list_my_etl_db: /* {"app": "dbt", "dbt_version": "1.11.7", "profile_name": "my_etl_project", "target_name": "dev", "connection_name": "list_my_etl_db"} */

    select distinct nspname from pg_namespace
  
[0m08:56:30.911169 [debug] [ThreadPool]: Opening a new connection, currently in state init
[0m08:56:30.940371 [debug] [ThreadPool]: SQL status: SELECT 9 in 0.029 seconds
[0m08:56:30.941489 [debug] [ThreadPool]: On list_my_etl_db: Close
[0m08:56:30.943334 [debug] [ThreadPool]: Re-using an available connection from the pool (formerly list_my_etl_db, now list_my_etl_db_main_analytics)
[0m08:56:30.943842 [debug] [ThreadPool]: Acquiring new postgres connection 'list_my_etl_db_main'
[0m08:56:30.944286 [debug] [ThreadPool]: Acquiring new postgres connection 'list_my_etl_db_main_raw_ingestion'
[0m08:56:30.947038 [debug] [ThreadPool]: Using postgres connection "list_my_etl_db_main_analytics"
[0m08:56:30.949426 [debug] [ThreadPool]: Using postgres connection "list_my_etl_db_main"
[0m08:56:30.952279 [debug] [ThreadPool]: Using postgres connection "list_my_etl_db_main_raw_ingestion"
[0m08:56:30.952715 [debug] [ThreadPool]: On list_my_etl_db_main_analytics: /* {"app": "dbt", "dbt_version": "1.11.7", "profile_name": "my_etl_project", "target_name": "dev", "connection_name": "list_my_etl_db_main_analytics"} */
select
      'my_etl_db' as database,
      tablename as name,
      schemaname as schema,
      'table' as type
    from pg_tables
    where schemaname ilike 'main_analytics'
    union all
    select
      'my_etl_db' as database,
      viewname as name,
      schemaname as schema,
      'view' as type
    from pg_views
    where schemaname ilike 'main_analytics'
    union all
    select
      'my_etl_db' as database,
      matviewname as name,
      schemaname as schema,
      'materialized_view' as type
    from pg_matviews
    where schemaname ilike 'main_analytics'
  
[0m08:56:30.953007 [debug] [ThreadPool]: On list_my_etl_db_main: /* {"app": "dbt", "dbt_version": "1.11.7", "profile_name": "my_etl_project", "target_name": "dev", "connection_name": "list_my_etl_db_main"} */
select
      'my_etl_db' as database,
      tablename as name,
      schemaname as schema,
      'table' as type
    from pg_tables
    where schemaname ilike 'main'
    union all
    select
      'my_etl_db' as database,
      viewname as name,
      schemaname as schema,
      'view' as type
    from pg_views
    where schemaname ilike 'main'
    union all
    select
      'my_etl_db' as database,
      matviewname as name,
      schemaname as schema,
      'materialized_view' as type
    from pg_matviews
    where schemaname ilike 'main'
  
[0m08:56:30.953259 [debug] [ThreadPool]: On list_my_etl_db_main_raw_ingestion: /* {"app": "dbt", "dbt_version": "1.11.7", "profile_name": "my_etl_project", "target_name": "dev", "connection_name": "list_my_etl_db_main_raw_ingestion"} */
select
      'my_etl_db' as database,
      tablename as name,
      schemaname as schema,
      'table' as type
    from pg_tables
    where schemaname ilike 'main_raw_ingestion'
    union all
    select
      'my_etl_db' as database,
      viewname as name,
      schemaname as schema,
      'view' as type
    from pg_views
    where schemaname ilike 'main_raw_ingestion'
    union all
    select
      'my_etl_db' as database,
      matviewname as name,
      schemaname as schema,
      'materialized_view' as type
    from pg_matviews
    where schemaname ilike 'main_raw_ingestion'
  
[0m08:56:30.953491 [debug] [ThreadPool]: Opening a new connection, currently in state closed
[0m08:56:30.953733 [debug] [ThreadPool]: Opening a new connection, currently in state init
[0m08:56:30.953978 [debug] [ThreadPool]: Opening a new connection, currently in state init
[0m08:56:30.963888 [debug] [ThreadPool]: SQL status: SELECT 2 in 0.010 seconds
[0m08:56:30.964235 [debug] [ThreadPool]: SQL status: SELECT 4 in 0.010 seconds
[0m08:56:30.964454 [debug] [ThreadPool]: SQL status: SELECT 4 in 0.010 seconds
[0m08:56:30.966102 [debug] [ThreadPool]: On list_my_etl_db_main_analytics: ROLLBACK
[0m08:56:30.967068 [debug] [ThreadPool]: On list_my_etl_db_main: ROLLBACK
[0m08:56:30.968008 [debug] [ThreadPool]: On list_my_etl_db_main_raw_ingestion: ROLLBACK
[0m08:56:30.969268 [debug] [ThreadPool]: On list_my_etl_db_main: Close
[0m08:56:30.969501 [debug] [ThreadPool]: On list_my_etl_db_main_analytics: Close
[0m08:56:30.969719 [debug] [ThreadPool]: On list_my_etl_db_main_raw_ingestion: Close
[0m08:56:30.972335 [debug] [MainThread]: Using postgres connection "master"
[0m08:56:30.972492 [debug] [MainThread]: On master: /* {"app": "dbt", "dbt_version": "1.11.7", "profile_name": "my_etl_project", "target_name": "dev", "connection_name": "master"} */
select distinct
        dependent_namespace.nspname as dependent_schema,
        dependent_class.relname as dependent_name,
        referenced_namespace.nspname as referenced_schema,
        referenced_class.relname as referenced_name

    -- Query for views: views are entries in pg_class with an entry in pg_rewrite, but we avoid
    -- a seq scan on pg_rewrite by leveraging the fact there is an "internal" row in pg_depend for
    -- the view...
    from pg_class as dependent_class
    join pg_namespace as dependent_namespace on dependent_namespace.oid = dependent_class.relnamespace
    join pg_depend as dependent_depend on dependent_depend.refobjid = dependent_class.oid
        and dependent_depend.classid = 'pg_rewrite'::regclass
        and dependent_depend.refclassid = 'pg_class'::regclass
        and dependent_depend.deptype = 'i'

    -- ... and via pg_depend (that has a row per column, hence the need for "distinct" above, and
    -- making sure to exclude the internal row to avoid a view appearing to depend on itself)...
    join pg_depend as joining_depend on joining_depend.objid = dependent_depend.objid
        and joining_depend.classid = 'pg_rewrite'::regclass
        and joining_depend.refclassid = 'pg_class'::regclass
        and joining_depend.refobjid != dependent_depend.refobjid

    -- ... we can find the tables they query from in pg_class, but excluding system tables. Note we
    -- don't need need to exclude _dependent_ system tables, because they only query from other
    -- system tables, and so are automatically excluded by excluding _referenced_ system tables
    join pg_class as referenced_class on referenced_class.oid = joining_depend.refobjid
    join pg_namespace as referenced_namespace on referenced_namespace.oid = referenced_class.relnamespace
        and referenced_namespace.nspname != 'information_schema'
        and referenced_namespace.nspname not like 'pg\_%'

    order by
        dependent_schema, dependent_name, referenced_schema, referenced_name;
[0m08:56:30.972629 [debug] [MainThread]: Opening a new connection, currently in state init
[0m08:56:30.984990 [debug] [MainThread]: SQL status: SELECT 5 in 0.012 seconds
[0m08:56:30.985669 [debug] [MainThread]: Sending event: {'category': 'dbt', 'action': 'runnable_timing', 'label': '2abee617-e1d1-4d64-87ad-9d3ca698e476', 'context': [<snowplow_tracker.self_describing_json.SelfDescribingJson object at 0x10b569b50>]}
[0m08:56:30.985825 [debug] [MainThread]: On master: ROLLBACK
[0m08:56:30.986029 [debug] [MainThread]: On master: COMMIT
[0m08:56:30.986131 [debug] [MainThread]: Using postgres connection "master"
[0m08:56:30.986269 [debug] [MainThread]: On master: COMMIT
[0m08:56:30.986529 [debug] [MainThread]: SQL status: COMMIT in 0.000 seconds
[0m08:56:30.986635 [debug] [MainThread]: On master: Close
[0m08:56:30.989256 [debug] [Thread-1 (]: Began running node seed.my_etl_project.country_codes
[0m08:56:30.989398 [debug] [Thread-2 (]: Began running node seed.my_etl_project.raw_customers
[0m08:56:30.989566 [debug] [Thread-3 (]: Began running node seed.my_etl_project.raw_orders
[0m08:56:30.989709 [debug] [Thread-4 (]: Began running node seed.my_etl_project.raw_products
[0m08:56:30.989901 [info ] [Thread-1 (]: 1 of 4 START seed file main_raw_ingestion.country_codes ........................ [RUN]
[0m08:56:30.990110 [info ] [Thread-2 (]: 2 of 4 START seed file main_raw_ingestion.raw_customers ........................ [RUN]
[0m08:56:30.990316 [info ] [Thread-3 (]: 3 of 4 START seed file main_raw_ingestion.raw_orders ........................... [RUN]
[0m08:56:30.990518 [info ] [Thread-4 (]: 4 of 4 START seed file main_raw_ingestion.raw_products ......................... [RUN]
[0m08:56:30.990699 [debug] [Thread-1 (]: Re-using an available connection from the pool (formerly list_my_etl_db_main_analytics, now seed.my_etl_project.country_codes)
[0m08:56:30.990847 [debug] [Thread-2 (]: Re-using an available connection from the pool (formerly list_my_etl_db_main, now seed.my_etl_project.raw_customers)
[0m08:56:30.990991 [debug] [Thread-3 (]: Re-using an available connection from the pool (formerly list_my_etl_db_main_raw_ingestion, now seed.my_etl_project.raw_orders)
[0m08:56:30.991158 [debug] [Thread-4 (]: Acquiring new postgres connection 'seed.my_etl_project.raw_products'
[0m08:56:30.991280 [debug] [Thread-1 (]: Began compiling node seed.my_etl_project.country_codes
[0m08:56:30.991401 [debug] [Thread-2 (]: Began compiling node seed.my_etl_project.raw_customers
[0m08:56:30.991503 [debug] [Thread-3 (]: Began compiling node seed.my_etl_project.raw_orders
[0m08:56:30.991602 [debug] [Thread-4 (]: Began compiling node seed.my_etl_project.raw_products
[0m08:56:30.991708 [debug] [Thread-1 (]: Began executing node seed.my_etl_project.country_codes
[0m08:56:30.991809 [debug] [Thread-2 (]: Began executing node seed.my_etl_project.raw_customers
[0m08:56:30.991907 [debug] [Thread-3 (]: Began executing node seed.my_etl_project.raw_orders
[0m08:56:30.992005 [debug] [Thread-4 (]: Began executing node seed.my_etl_project.raw_products
[0m08:56:31.004848 [debug] [Thread-1 (]: Using postgres connection "seed.my_etl_project.country_codes"
[0m08:56:31.006758 [debug] [Thread-2 (]: Using postgres connection "seed.my_etl_project.raw_customers"
[0m08:56:31.007583 [debug] [Thread-3 (]: Using postgres connection "seed.my_etl_project.raw_orders"
[0m08:56:31.008736 [debug] [Thread-1 (]: On seed.my_etl_project.country_codes: /* {"app": "dbt", "dbt_version": "1.11.7", "profile_name": "my_etl_project", "target_name": "dev", "node_id": "seed.my_etl_project.country_codes"} */
truncate table "my_etl_db"."main_raw_ingestion"."country_codes"
[0m08:56:31.010366 [debug] [Thread-4 (]: Using postgres connection "seed.my_etl_project.raw_products"
[0m08:56:31.010498 [debug] [Thread-2 (]: On seed.my_etl_project.raw_customers: /* {"app": "dbt", "dbt_version": "1.11.7", "profile_name": "my_etl_project", "target_name": "dev", "node_id": "seed.my_etl_project.raw_customers"} */
truncate table "my_etl_db"."main_raw_ingestion"."raw_customers"
[0m08:56:31.010665 [debug] [Thread-3 (]: On seed.my_etl_project.raw_orders: /* {"app": "dbt", "dbt_version": "1.11.7", "profile_name": "my_etl_project", "target_name": "dev", "node_id": "seed.my_etl_project.raw_orders"} */
truncate table "my_etl_db"."main_raw_ingestion"."raw_orders"
[0m08:56:31.010811 [debug] [Thread-1 (]: Opening a new connection, currently in state closed
[0m08:56:31.010965 [debug] [Thread-4 (]: On seed.my_etl_project.raw_products: /* {"app": "dbt", "dbt_version": "1.11.7", "profile_name": "my_etl_project", "target_name": "dev", "node_id": "seed.my_etl_project.raw_products"} */
truncate table "my_etl_db"."main_raw_ingestion"."raw_products"
[0m08:56:31.011112 [debug] [Thread-2 (]: Opening a new connection, currently in state closed
[0m08:56:31.011240 [debug] [Thread-3 (]: Opening a new connection, currently in state closed
[0m08:56:31.011434 [debug] [Thread-4 (]: Opening a new connection, currently in state init
[0m08:56:31.020132 [debug] [Thread-1 (]: SQL status: TRUNCATE TABLE in 0.009 seconds
[0m08:56:31.020538 [debug] [Thread-2 (]: SQL status: TRUNCATE TABLE in 0.009 seconds
[0m08:56:31.027212 [debug] [Thread-4 (]: SQL status: TRUNCATE TABLE in 0.016 seconds
[0m08:56:31.029862 [debug] [Thread-1 (]: Using postgres connection "seed.my_etl_project.country_codes"
[0m08:56:31.030031 [debug] [Thread-3 (]: SQL status: TRUNCATE TABLE in 0.019 seconds
[0m08:56:31.031640 [debug] [Thread-2 (]: Using postgres connection "seed.my_etl_project.raw_customers"
[0m08:56:31.033003 [debug] [Thread-4 (]: Using postgres connection "seed.my_etl_project.raw_products"
[0m08:56:31.033179 [debug] [Thread-1 (]: On seed.my_etl_project.country_codes: 
          insert into "my_etl_db"."main_raw_ingestion"."country_codes" ("country_code", "country_name", "region") values
          (%s,%s,%s),(%s,%s,%s),(%s,%s,%s),(%s,%s,%s),(%s,%s,%s),(%s,%s,%s),(%s,%s,%s),(%s,%s,%s)
      ...
[0m08:56:31.035586 [debug] [Thread-3 (]: Using postgres connection "seed.my_etl_project.raw_orders"
[0m08:56:31.035752 [debug] [Thread-2 (]: On seed.my_etl_project.raw_customers: 
          insert into "my_etl_db"."main_raw_ingestion"."raw_customers" ("customer_id", "customer_name", "region", "segment", "email", "country_code") values
          (%s,%s,%s,%s,%s,%s),(%s,%s,%s,%s,%s,%s),(%s,%s,%s,%s,%s,%s),(%s,%s,%s,%s,%s,%s),(%s,%s,%s,%s,%s,%s),(%s,%s,%s,%s,%s,%s),(%s,%s,%s,%s,%s,%s),(%s,%s,%s,%s,%s,%s)
      ...
[0m08:56:31.035889 [debug] [Thread-4 (]: On seed.my_etl_project.raw_products: 
          insert into "my_etl_db"."main_raw_ingestion"."raw_products" ("product_id", "product_name", "category", "price", "currency") values
          (%s,%s,%s,%s,%s),(%s,%s,%s,%s,%s),(%s,%s,%s,%s,%s),(%s,%s,%s,%s,%s),(%s,%s,%s,%s,%s),(%s,%s,%s,%s,%s),(%s,%s,%s,%s,%s),(%s,%s,%s,%s,%s)
      ...
[0m08:56:31.036085 [debug] [Thread-3 (]: On seed.my_etl_project.raw_orders: 
          insert into "my_etl_db"."main_raw_ingestion"."raw_orders" ("order_id", "customer_id", "amount", "status", "order_date", "country_code", "updated_at") values
          (%s,%s,%s,%s,%s,%s,%s),(%s,%s,%s,%s,%s,%s,%s),(%s,%s,%s,%s,%s,%s,%s),(%s,%s,%s,%s,%s,%s,%s),(%s,%s,%s,%s,%s,%s,%s),(%s,%s,%s,%s,%s,%s,%s),(%s,%s,%s,%s,%s,%s,%s),(%s,%s,%s,%s,%s,%s,%s),(%s,%s,%s,%s,%s,%s,%s),(%s,%s,%s,%s,%s,%s,%s),(%s,%s,%s,%s,%s,%s,%s),(%s,%s,%s,%s,%s,%s,%s),(%s,%s,%s,%s,%s,%s,%s)
      ...
[0m08:56:31.036834 [debug] [Thread-1 (]: SQL status: INSERT 0 8 in 0.001 seconds
[0m08:56:31.036986 [debug] [Thread-2 (]: SQL status: INSERT 0 8 in 0.001 seconds
[0m08:56:31.037134 [debug] [Thread-4 (]: SQL status: INSERT 0 8 in 0.001 seconds
[0m08:56:31.039619 [debug] [Thread-1 (]: Writing runtime SQL for node "seed.my_etl_project.country_codes"
[0m08:56:31.039785 [debug] [Thread-3 (]: SQL status: INSERT 0 13 in 0.003 seconds
[0m08:56:31.040014 [debug] [Thread-2 (]: Writing runtime SQL for node "seed.my_etl_project.raw_customers"
[0m08:56:31.040187 [debug] [Thread-4 (]: Writing runtime SQL for node "seed.my_etl_project.raw_products"
[0m08:56:31.040445 [debug] [Thread-3 (]: Writing runtime SQL for node "seed.my_etl_project.raw_orders"
[0m08:56:31.045558 [debug] [Thread-1 (]: On seed.my_etl_project.country_codes: COMMIT
[0m08:56:31.046159 [debug] [Thread-2 (]: On seed.my_etl_project.raw_customers: COMMIT
[0m08:56:31.046558 [debug] [Thread-4 (]: On seed.my_etl_project.raw_products: COMMIT
[0m08:56:31.046712 [debug] [Thread-1 (]: Using postgres connection "seed.my_etl_project.country_codes"
[0m08:56:31.047315 [debug] [Thread-3 (]: On seed.my_etl_project.raw_orders: COMMIT
[0m08:56:31.047442 [debug] [Thread-2 (]: Using postgres connection "seed.my_etl_project.raw_customers"
[0m08:56:31.047574 [debug] [Thread-4 (]: Using postgres connection "seed.my_etl_project.raw_products"
[0m08:56:31.047698 [debug] [Thread-1 (]: On seed.my_etl_project.country_codes: COMMIT
[0m08:56:31.047811 [debug] [Thread-3 (]: Using postgres connection "seed.my_etl_project.raw_orders"
[0m08:56:31.047914 [debug] [Thread-2 (]: On seed.my_etl_project.raw_customers: COMMIT
[0m08:56:31.048016 [debug] [Thread-4 (]: On seed.my_etl_project.raw_products: COMMIT
[0m08:56:31.048136 [debug] [Thread-3 (]: On seed.my_etl_project.raw_orders: COMMIT
[0m08:56:31.050037 [debug] [Thread-1 (]: SQL status: COMMIT in 0.002 seconds
[0m08:56:31.050163 [debug] [Thread-3 (]: SQL status: COMMIT in 0.002 seconds
[0m08:56:31.050296 [debug] [Thread-4 (]: SQL status: COMMIT in 0.002 seconds
[0m08:56:31.050413 [debug] [Thread-2 (]: SQL status: COMMIT in 0.002 seconds
[0m08:56:31.051044 [debug] [Thread-1 (]: On seed.my_etl_project.country_codes: Close
[0m08:56:31.051264 [debug] [Thread-3 (]: On seed.my_etl_project.raw_orders: Close
[0m08:56:31.051516 [debug] [Thread-4 (]: On seed.my_etl_project.raw_products: Close
[0m08:56:31.051770 [debug] [Thread-2 (]: On seed.my_etl_project.raw_customers: Close
[0m08:56:31.053024 [debug] [Thread-3 (]: Sending event: {'category': 'dbt', 'action': 'run_model', 'label': '2abee617-e1d1-4d64-87ad-9d3ca698e476', 'context': [<snowplow_tracker.self_describing_json.SelfDescribingJson object at 0x10f6a9050>]}
[0m08:56:31.053138 [debug] [Thread-1 (]: Sending event: {'category': 'dbt', 'action': 'run_model', 'label': '2abee617-e1d1-4d64-87ad-9d3ca698e476', 'context': [<snowplow_tracker.self_describing_json.SelfDescribingJson object at 0x10fbb5850>]}
[0m08:56:31.053266 [debug] [Thread-4 (]: Sending event: {'category': 'dbt', 'action': 'run_model', 'label': '2abee617-e1d1-4d64-87ad-9d3ca698e476', 'context': [<snowplow_tracker.self_describing_json.SelfDescribingJson object at 0x10fb1e1d0>]}
[0m08:56:31.053382 [debug] [Thread-2 (]: Sending event: {'category': 'dbt', 'action': 'run_model', 'label': '2abee617-e1d1-4d64-87ad-9d3ca698e476', 'context': [<snowplow_tracker.self_describing_json.SelfDescribingJson object at 0x10fa38850>]}
[0m08:56:31.053575 [info ] [Thread-3 (]: 3 of 4 OK loaded seed file main_raw_ingestion.raw_orders ....................... [[32mINSERT 13[0m in 0.06s]
[0m08:56:31.053774 [info ] [Thread-1 (]: 1 of 4 OK loaded seed file main_raw_ingestion.country_codes .................... [[32mINSERT 8[0m in 0.06s]
[0m08:56:31.053975 [info ] [Thread-4 (]: 4 of 4 OK loaded seed file main_raw_ingestion.raw_products ..................... [[32mINSERT 8[0m in 0.06s]
[0m08:56:31.054170 [info ] [Thread-2 (]: 2 of 4 OK loaded seed file main_raw_ingestion.raw_customers .................... [[32mINSERT 8[0m in 0.06s]
[0m08:56:31.054362 [debug] [Thread-3 (]: Finished running node seed.my_etl_project.raw_orders
[0m08:56:31.054536 [debug] [Thread-1 (]: Finished running node seed.my_etl_project.country_codes
[0m08:56:31.054717 [debug] [Thread-4 (]: Finished running node seed.my_etl_project.raw_products
[0m08:56:31.054892 [debug] [Thread-2 (]: Finished running node seed.my_etl_project.raw_customers
[0m08:56:31.055466 [debug] [MainThread]: On master: COMMIT
[0m08:56:31.055577 [debug] [MainThread]: Using postgres connection "master"
[0m08:56:31.055670 [debug] [MainThread]: On master: COMMIT
[0m08:56:31.055763 [debug] [MainThread]: Opening a new connection, currently in state closed
[0m08:56:31.060230 [debug] [MainThread]: SQL status: COMMIT in 0.004 seconds
[0m08:56:31.060380 [debug] [MainThread]: On master: Close
[0m08:56:31.060532 [debug] [MainThread]: Connection 'master' was properly closed.
[0m08:56:31.060630 [debug] [MainThread]: Connection 'seed.my_etl_project.country_codes' was properly closed.
[0m08:56:31.060720 [debug] [MainThread]: Connection 'seed.my_etl_project.raw_customers' was properly closed.
[0m08:56:31.060805 [debug] [MainThread]: Connection 'seed.my_etl_project.raw_orders' was properly closed.
[0m08:56:31.060887 [debug] [MainThread]: Connection 'seed.my_etl_project.raw_products' was properly closed.
[0m08:56:31.061009 [info ] [MainThread]: 
[0m08:56:31.061126 [info ] [MainThread]: Finished running 4 seeds in 0 hours 0 minutes and 0.20 seconds (0.20s).
[0m08:56:31.061498 [debug] [MainThread]: Command end result
[0m08:56:31.073766 [debug] [MainThread]: Wrote artifact WritableManifest to /Users/aviraljain/Downloads/python advanced/my_etl_project/target/manifest.json
[0m08:56:31.074616 [debug] [MainThread]: Wrote artifact SemanticManifest to /Users/aviraljain/Downloads/python advanced/my_etl_project/target/semantic_manifest.json
[0m08:56:31.077764 [debug] [MainThread]: Wrote artifact RunExecutionResult to /Users/aviraljain/Downloads/python advanced/my_etl_project/target/run_results.json
[0m08:56:31.077962 [info ] [MainThread]: 
[0m08:56:31.078137 [info ] [MainThread]: [32mCompleted successfully[0m
[0m08:56:31.078253 [info ] [MainThread]: 
[0m08:56:31.078367 [info ] [MainThread]: Done. PASS=4 WARN=0 ERROR=0 SKIP=0 NO-OP=0 TOTAL=4
[0m08:56:31.079967 [debug] [MainThread]: Resource report: {"command_name": "seed", "command_success": true, "command_wall_clock_time": 0.62952924, "process_in_blocks": "0", "process_kernel_time": 0.186586, "process_mem_max_rss": "146604032", "process_out_blocks": "0", "process_user_time": 0.893685}
[0m08:56:31.080174 [debug] [MainThread]: Command `dbt seed` succeeded at 08:56:31.080135 after 0.63 seconds
[0m08:56:31.080361 [debug] [MainThread]: Sending event: {'category': 'dbt', 'action': 'invocation', 'label': 'end', 'context': [<snowplow_tracker.self_describing_json.SelfDescribingJson object at 0x10e455190>, <snowplow_tracker.self_describing_json.SelfDescribingJson object at 0x10a04ef10>, <snowplow_tracker.self_describing_json.SelfDescribingJson object at 0x10a036110>]}
[0m08:56:31.080518 [debug] [MainThread]: Flushing usage events
[0m08:56:32.269986 [debug] [MainThread]: An error was encountered while trying to flush usage events
[0m08:56:39.741692 [debug] [MainThread]: Sending event: {'category': 'dbt', 'action': 'invocation', 'label': 'start', 'context': [<snowplow_tracker.self_describing_json.SelfDescribingJson object at 0x109c57610>, <snowplow_tracker.self_describing_json.SelfDescribingJson object at 0x109c8d490>, <snowplow_tracker.self_describing_json.SelfDescribingJson object at 0x109ca31d0>]}


============================== 08:56:39.743231 | 2f7a42cd-5a8c-4bc9-b037-0967c045b9de ==============================
[0m08:56:39.743231 [info ] [MainThread]: Running with dbt=1.11.7
[0m08:56:39.743485 [debug] [MainThread]: running dbt with arguments {'introspect': 'True', 'warn_error': 'None', 'log_path': '/Users/aviraljain/Downloads/python advanced/my_etl_project/logs', 'use_colors': 'True', 'write_json': 'True', 'cache_selected_only': 'False', 'quiet': 'False', 'use_experimental_parser': 'False', 'printer_width': '80', 'warn_error_options': 'WarnErrorOptionsV2(error=[], warn=[], silence=[])', 'partial_parse': 'True', 'invocation_command': 'dbt run --select fct_sales_incremental', 'fail_fast': 'False', 'empty': 'False', 'indirect_selection': 'eager', 'log_cache_events': 'False', 'send_anonymous_usage_stats': 'True', 'static_parser': 'True', 'log_format': 'default', 'version_check': 'True', 'target_path': 'None', 'no_print': 'None', 'profiles_dir': '/Users/aviraljain/Downloads/python advanced/my_etl_project', 'debug': 'False'}
[0m08:56:39.800327 [debug] [MainThread]: Sending event: {'category': 'dbt', 'action': 'project_id', 'label': '2f7a42cd-5a8c-4bc9-b037-0967c045b9de', 'context': [<snowplow_tracker.self_describing_json.SelfDescribingJson object at 0x10a9be510>]}
[0m08:56:39.819861 [debug] [MainThread]: Sending event: {'category': 'dbt', 'action': 'adapter_info', 'label': '2f7a42cd-5a8c-4bc9-b037-0967c045b9de', 'context': [<snowplow_tracker.self_describing_json.SelfDescribingJson object at 0x106ee57d0>]}
[0m08:56:39.820226 [info ] [MainThread]: Registered adapter: postgres=1.10.0
[0m08:56:39.863229 [debug] [MainThread]: checksum: b80718358155fc17c3559352095564dd56ada1cc1a1c0ef2e62c857e71583775, vars: {}, profile: , target: , version: 1.11.7
[0m08:56:39.920550 [debug] [MainThread]: Partial parsing enabled: 0 files deleted, 0 files added, 0 files changed.
[0m08:56:39.920745 [debug] [MainThread]: Nothing changed, skipping partial parsing.
[0m08:56:39.920847 [debug] [MainThread]: Partial parsing enabled, no changes found, skipping parsing
[0m08:56:39.941688 [debug] [MainThread]: Sending event: {'category': 'dbt', 'action': 'load_project', 'label': '2f7a42cd-5a8c-4bc9-b037-0967c045b9de', 'context': [<snowplow_tracker.self_describing_json.SelfDescribingJson object at 0x10ae2b4d0>]}
[0m08:56:39.997282 [debug] [MainThread]: Wrote artifact WritableManifest to /Users/aviraljain/Downloads/python advanced/my_etl_project/target/manifest.json
[0m08:56:39.998115 [debug] [MainThread]: Wrote artifact SemanticManifest to /Users/aviraljain/Downloads/python advanced/my_etl_project/target/semantic_manifest.json
[0m08:56:40.004107 [debug] [MainThread]: Sending event: {'category': 'dbt', 'action': 'resource_counts', 'label': '2f7a42cd-5a8c-4bc9-b037-0967c045b9de', 'context': [<snowplow_tracker.self_describing_json.SelfDescribingJson object at 0x10aea6950>]}
[0m08:56:40.004303 [info ] [MainThread]: Found 4 seeds, 7 models, 37 data tests, 3 sources, 466 macros
[0m08:56:40.004440 [debug] [MainThread]: Sending event: {'category': 'dbt', 'action': 'runnable_timing', 'label': '2f7a42cd-5a8c-4bc9-b037-0967c045b9de', 'context': [<snowplow_tracker.self_describing_json.SelfDescribingJson object at 0x10af2d690>]}
[0m08:56:40.005106 [info ] [MainThread]: 
[0m08:56:40.005226 [info ] [MainThread]: Concurrency: 4 threads (target='dev')
[0m08:56:40.005319 [info ] [MainThread]: 
[0m08:56:40.005500 [debug] [MainThread]: Acquiring new postgres connection 'master'
[0m08:56:40.005813 [debug] [ThreadPool]: Acquiring new postgres connection 'list_my_etl_db'
[0m08:56:40.026578 [debug] [ThreadPool]: Using postgres connection "list_my_etl_db"
[0m08:56:40.026762 [debug] [ThreadPool]: On list_my_etl_db: /* {"app": "dbt", "dbt_version": "1.11.7", "profile_name": "my_etl_project", "target_name": "dev", "connection_name": "list_my_etl_db"} */

    select distinct nspname from pg_namespace
  
[0m08:56:40.026860 [debug] [ThreadPool]: Opening a new connection, currently in state init
[0m08:56:40.041820 [debug] [ThreadPool]: SQL status: SELECT 9 in 0.015 seconds
[0m08:56:40.042325 [debug] [ThreadPool]: On list_my_etl_db: Close
[0m08:56:40.044019 [debug] [ThreadPool]: Re-using an available connection from the pool (formerly list_my_etl_db, now list_my_etl_db_main)
[0m08:56:40.044219 [debug] [ThreadPool]: Acquiring new postgres connection 'list_my_etl_db_main_analytics'
[0m08:56:40.044403 [debug] [ThreadPool]: Acquiring new postgres connection 'list_my_etl_db_main_raw_ingestion'
[0m08:56:40.046412 [debug] [ThreadPool]: Using postgres connection "list_my_etl_db_main"
[0m08:56:40.047097 [debug] [ThreadPool]: Using postgres connection "list_my_etl_db_main_analytics"
[0m08:56:40.047762 [debug] [ThreadPool]: Using postgres connection "list_my_etl_db_main_raw_ingestion"
[0m08:56:40.047871 [debug] [ThreadPool]: On list_my_etl_db_main: /* {"app": "dbt", "dbt_version": "1.11.7", "profile_name": "my_etl_project", "target_name": "dev", "connection_name": "list_my_etl_db_main"} */
select
      'my_etl_db' as database,
      tablename as name,
      schemaname as schema,
      'table' as type
    from pg_tables
    where schemaname ilike 'main'
    union all
    select
      'my_etl_db' as database,
      viewname as name,
      schemaname as schema,
      'view' as type
    from pg_views
    where schemaname ilike 'main'
    union all
    select
      'my_etl_db' as database,
      matviewname as name,
      schemaname as schema,
      'materialized_view' as type
    from pg_matviews
    where schemaname ilike 'main'
  
[0m08:56:40.047987 [debug] [ThreadPool]: On list_my_etl_db_main_analytics: /* {"app": "dbt", "dbt_version": "1.11.7", "profile_name": "my_etl_project", "target_name": "dev", "connection_name": "list_my_etl_db_main_analytics"} */
select
      'my_etl_db' as database,
      tablename as name,
      schemaname as schema,
      'table' as type
    from pg_tables
    where schemaname ilike 'main_analytics'
    union all
    select
      'my_etl_db' as database,
      viewname as name,
      schemaname as schema,
      'view' as type
    from pg_views
    where schemaname ilike 'main_analytics'
    union all
    select
      'my_etl_db' as database,
      matviewname as name,
      schemaname as schema,
      'materialized_view' as type
    from pg_matviews
    where schemaname ilike 'main_analytics'
  
[0m08:56:40.048108 [debug] [ThreadPool]: On list_my_etl_db_main_raw_ingestion: /* {"app": "dbt", "dbt_version": "1.11.7", "profile_name": "my_etl_project", "target_name": "dev", "connection_name": "list_my_etl_db_main_raw_ingestion"} */
select
      'my_etl_db' as database,
      tablename as name,
      schemaname as schema,
      'table' as type
    from pg_tables
    where schemaname ilike 'main_raw_ingestion'
    union all
    select
      'my_etl_db' as database,
      viewname as name,
      schemaname as schema,
      'view' as type
    from pg_views
    where schemaname ilike 'main_raw_ingestion'
    union all
    select
      'my_etl_db' as database,
      matviewname as name,
      schemaname as schema,
      'materialized_view' as type
    from pg_matviews
    where schemaname ilike 'main_raw_ingestion'
  
[0m08:56:40.048210 [debug] [ThreadPool]: Opening a new connection, currently in state closed
[0m08:56:40.048293 [debug] [ThreadPool]: Opening a new connection, currently in state init
[0m08:56:40.048373 [debug] [ThreadPool]: Opening a new connection, currently in state init
[0m08:56:40.058561 [debug] [ThreadPool]: SQL status: SELECT 4 in 0.010 seconds
[0m08:56:40.058689 [debug] [ThreadPool]: SQL status: SELECT 2 in 0.010 seconds
[0m08:56:40.058796 [debug] [ThreadPool]: SQL status: SELECT 4 in 0.010 seconds
[0m08:56:40.059241 [debug] [ThreadPool]: On list_my_etl_db_main: ROLLBACK
[0m08:56:40.059616 [debug] [ThreadPool]: On list_my_etl_db_main_analytics: ROLLBACK
[0m08:56:40.059945 [debug] [ThreadPool]: On list_my_etl_db_main_raw_ingestion: ROLLBACK
[0m08:56:40.060130 [debug] [ThreadPool]: On list_my_etl_db_main: Close
[0m08:56:40.060236 [debug] [ThreadPool]: On list_my_etl_db_main_raw_ingestion: Close
[0m08:56:40.060324 [debug] [ThreadPool]: On list_my_etl_db_main_analytics: Close
[0m08:56:40.062603 [debug] [MainThread]: Using postgres connection "master"
[0m08:56:40.062782 [debug] [MainThread]: On master: /* {"app": "dbt", "dbt_version": "1.11.7", "profile_name": "my_etl_project", "target_name": "dev", "connection_name": "master"} */
select distinct
        dependent_namespace.nspname as dependent_schema,
        dependent_class.relname as dependent_name,
        referenced_namespace.nspname as referenced_schema,
        referenced_class.relname as referenced_name

    -- Query for views: views are entries in pg_class with an entry in pg_rewrite, but we avoid
    -- a seq scan on pg_rewrite by leveraging the fact there is an "internal" row in pg_depend for
    -- the view...
    from pg_class as dependent_class
    join pg_namespace as dependent_namespace on dependent_namespace.oid = dependent_class.relnamespace
    join pg_depend as dependent_depend on dependent_depend.refobjid = dependent_class.oid
        and dependent_depend.classid = 'pg_rewrite'::regclass
        and dependent_depend.refclassid = 'pg_class'::regclass
        and dependent_depend.deptype = 'i'

    -- ... and via pg_depend (that has a row per column, hence the need for "distinct" above, and
    -- making sure to exclude the internal row to avoid a view appearing to depend on itself)...
    join pg_depend as joining_depend on joining_depend.objid = dependent_depend.objid
        and joining_depend.classid = 'pg_rewrite'::regclass
        and joining_depend.refclassid = 'pg_class'::regclass
        and joining_depend.refobjid != dependent_depend.refobjid

    -- ... we can find the tables they query from in pg_class, but excluding system tables. Note we
    -- don't need need to exclude _dependent_ system tables, because they only query from other
    -- system tables, and so are automatically excluded by excluding _referenced_ system tables
    join pg_class as referenced_class on referenced_class.oid = joining_depend.refobjid
    join pg_namespace as referenced_namespace on referenced_namespace.oid = referenced_class.relnamespace
        and referenced_namespace.nspname != 'information_schema'
        and referenced_namespace.nspname not like 'pg\_%'

    order by
        dependent_schema, dependent_name, referenced_schema, referenced_name;
[0m08:56:40.062940 [debug] [MainThread]: Opening a new connection, currently in state init
[0m08:56:40.073473 [debug] [MainThread]: SQL status: SELECT 5 in 0.011 seconds
[0m08:56:40.074157 [debug] [MainThread]: Sending event: {'category': 'dbt', 'action': 'runnable_timing', 'label': '2f7a42cd-5a8c-4bc9-b037-0967c045b9de', 'context': [<snowplow_tracker.self_describing_json.SelfDescribingJson object at 0x10af446d0>]}
[0m08:56:40.074324 [debug] [MainThread]: On master: ROLLBACK
[0m08:56:40.074528 [debug] [MainThread]: On master: COMMIT
[0m08:56:40.074625 [debug] [MainThread]: Using postgres connection "master"
[0m08:56:40.074716 [debug] [MainThread]: On master: COMMIT
[0m08:56:40.074933 [debug] [MainThread]: SQL status: COMMIT in 0.000 seconds
[0m08:56:40.075031 [debug] [MainThread]: On master: Close
[0m08:56:40.075817 [debug] [Thread-1 (]: Began running node model.my_etl_project.fct_sales_incremental
[0m08:56:40.076011 [info ] [Thread-1 (]: 1 of 1 START sql incremental model main_analytics.fct_sales_incremental ........ [RUN]
[0m08:56:40.076174 [debug] [Thread-1 (]: Re-using an available connection from the pool (formerly list_my_etl_db_main, now model.my_etl_project.fct_sales_incremental)
[0m08:56:40.076295 [debug] [Thread-1 (]: Began compiling node model.my_etl_project.fct_sales_incremental
[0m08:56:40.081220 [debug] [Thread-1 (]: Writing injected SQL for node "model.my_etl_project.fct_sales_incremental"
[0m08:56:40.081541 [debug] [Thread-1 (]: Began executing node model.my_etl_project.fct_sales_incremental
[0m08:56:40.099405 [debug] [Thread-1 (]: Using postgres connection "model.my_etl_project.fct_sales_incremental"
[0m08:56:40.099606 [debug] [Thread-1 (]: On model.my_etl_project.fct_sales_incremental: /* {"app": "dbt", "dbt_version": "1.11.7", "profile_name": "my_etl_project", "target_name": "dev", "node_id": "model.my_etl_project.fct_sales_incremental"} */

    
  
    

  create temporary table "fct_sales_incremental__dbt_tmp085640091741"
  
  
    as
  
  (
    

SELECT
    order_id,
    customer_id,
    amount,
    status,
    order_date,
    country_code,
    updated_at,
    CURRENT_TIMESTAMP AS dbt_loaded_at

FROM "my_etl_db"."main"."stg_orders"


  -- On incremental runs: only process rows newer than what's already in the table
  -- On first run: is_incremental() = False → loads ALL rows
  WHERE updated_at > (SELECT MAX(updated_at) FROM "my_etl_db"."main_analytics"."fct_sales_incremental")

  );
  
  
[0m08:56:40.099730 [debug] [Thread-1 (]: Opening a new connection, currently in state closed
[0m08:56:40.111830 [debug] [Thread-1 (]: SQL status: SELECT 1 in 0.012 seconds
[0m08:56:40.116960 [debug] [Thread-1 (]: Using postgres connection "model.my_etl_project.fct_sales_incremental"
[0m08:56:40.117095 [debug] [Thread-1 (]: On model.my_etl_project.fct_sales_incremental: /* {"app": "dbt", "dbt_version": "1.11.7", "profile_name": "my_etl_project", "target_name": "dev", "node_id": "model.my_etl_project.fct_sales_incremental"} */

      select
          column_name,
          data_type,
          character_maximum_length,
          numeric_precision,
          numeric_scale

      from INFORMATION_SCHEMA.columns
      where table_name = 'fct_sales_incremental__dbt_tmp085640091741'
        
      order by ordinal_position

  
[0m08:56:40.125785 [debug] [Thread-1 (]: SQL status: SELECT 8 in 0.009 seconds
[0m08:56:40.127530 [debug] [Thread-1 (]: Using postgres connection "model.my_etl_project.fct_sales_incremental"
[0m08:56:40.127667 [debug] [Thread-1 (]: On model.my_etl_project.fct_sales_incremental: /* {"app": "dbt", "dbt_version": "1.11.7", "profile_name": "my_etl_project", "target_name": "dev", "node_id": "model.my_etl_project.fct_sales_incremental"} */

      select
          column_name,
          data_type,
          character_maximum_length,
          numeric_precision,
          numeric_scale

      from "my_etl_db".INFORMATION_SCHEMA.columns
      where table_name = 'fct_sales_incremental'
        
        and table_schema = 'main_analytics'
        
      order by ordinal_position

  
[0m08:56:40.130726 [debug] [Thread-1 (]: SQL status: SELECT 8 in 0.003 seconds
[0m08:56:40.136129 [debug] [Thread-1 (]: Using postgres connection "model.my_etl_project.fct_sales_incremental"
[0m08:56:40.136306 [debug] [Thread-1 (]: On model.my_etl_project.fct_sales_incremental: /* {"app": "dbt", "dbt_version": "1.11.7", "profile_name": "my_etl_project", "target_name": "dev", "node_id": "model.my_etl_project.fct_sales_incremental"} */

      select
          column_name,
          data_type,
          character_maximum_length,
          numeric_precision,
          numeric_scale

      from INFORMATION_SCHEMA.columns
      where table_name = 'fct_sales_incremental__dbt_tmp085640091741'
        
      order by ordinal_position

  
[0m08:56:40.139188 [debug] [Thread-1 (]: SQL status: SELECT 8 in 0.003 seconds
[0m08:56:40.140245 [debug] [Thread-1 (]: Using postgres connection "model.my_etl_project.fct_sales_incremental"
[0m08:56:40.140382 [debug] [Thread-1 (]: On model.my_etl_project.fct_sales_incremental: /* {"app": "dbt", "dbt_version": "1.11.7", "profile_name": "my_etl_project", "target_name": "dev", "node_id": "model.my_etl_project.fct_sales_incremental"} */

      select
          column_name,
          data_type,
          character_maximum_length,
          numeric_precision,
          numeric_scale

      from "my_etl_db".INFORMATION_SCHEMA.columns
      where table_name = 'fct_sales_incremental'
        
        and table_schema = 'main_analytics'
        
      order by ordinal_position

  
[0m08:56:40.143213 [debug] [Thread-1 (]: SQL status: SELECT 8 in 0.003 seconds
[0m08:56:40.147061 [debug] [Thread-1 (]: 
    In "my_etl_db"."main_analytics"."fct_sales_incremental":
        Schema changed: False
        Source columns not in target: []
        Target columns not in source: []
        New column types: []
  
[0m08:56:40.152145 [debug] [Thread-1 (]: Writing runtime sql for node "model.my_etl_project.fct_sales_incremental"
[0m08:56:40.152506 [debug] [Thread-1 (]: Using postgres connection "model.my_etl_project.fct_sales_incremental"
[0m08:56:40.152657 [debug] [Thread-1 (]: On model.my_etl_project.fct_sales_incremental: /* {"app": "dbt", "dbt_version": "1.11.7", "profile_name": "my_etl_project", "target_name": "dev", "node_id": "model.my_etl_project.fct_sales_incremental"} */

      
        
        
        delete from "my_etl_db"."main_analytics"."fct_sales_incremental" as DBT_INTERNAL_DEST
        where (order_id) in (
            select distinct order_id
            from "fct_sales_incremental__dbt_tmp085640091741" as DBT_INTERNAL_SOURCE
        );

    

    insert into "my_etl_db"."main_analytics"."fct_sales_incremental" ("order_id", "customer_id", "amount", "status", "order_date", "country_code", "updated_at", "dbt_loaded_at")
    (
        select "order_id", "customer_id", "amount", "status", "order_date", "country_code", "updated_at", "dbt_loaded_at"
        from "fct_sales_incremental__dbt_tmp085640091741"
    )
  
[0m08:56:40.153225 [debug] [Thread-1 (]: SQL status: INSERT 0 1 in 0.000 seconds
[0m08:56:40.157833 [debug] [Thread-1 (]: On model.my_etl_project.fct_sales_incremental: COMMIT
[0m08:56:40.157975 [debug] [Thread-1 (]: Using postgres connection "model.my_etl_project.fct_sales_incremental"
[0m08:56:40.158080 [debug] [Thread-1 (]: On model.my_etl_project.fct_sales_incremental: COMMIT
[0m08:56:40.158637 [debug] [Thread-1 (]: SQL status: COMMIT in 0.000 seconds
[0m08:56:40.159251 [debug] [Thread-1 (]: On model.my_etl_project.fct_sales_incremental: Close
[0m08:56:40.159868 [debug] [Thread-1 (]: Sending event: {'category': 'dbt', 'action': 'run_model', 'label': '2f7a42cd-5a8c-4bc9-b037-0967c045b9de', 'context': [<snowplow_tracker.self_describing_json.SelfDescribingJson object at 0x10b325390>]}
[0m08:56:40.160112 [info ] [Thread-1 (]: 1 of 1 OK created sql incremental model main_analytics.fct_sales_incremental ... [[32mINSERT 0 1[0m in 0.08s]
[0m08:56:40.160313 [debug] [Thread-1 (]: Finished running node model.my_etl_project.fct_sales_incremental
[0m08:56:40.160796 [debug] [MainThread]: On master: COMMIT
[0m08:56:40.160917 [debug] [MainThread]: Using postgres connection "master"
[0m08:56:40.161016 [debug] [MainThread]: On master: COMMIT
[0m08:56:40.161113 [debug] [MainThread]: Opening a new connection, currently in state closed
[0m08:56:40.165363 [debug] [MainThread]: SQL status: COMMIT in 0.004 seconds
[0m08:56:40.165495 [debug] [MainThread]: On master: Close
[0m08:56:40.165625 [debug] [MainThread]: Connection 'master' was properly closed.
[0m08:56:40.165713 [debug] [MainThread]: Connection 'model.my_etl_project.fct_sales_incremental' was properly closed.
[0m08:56:40.165792 [debug] [MainThread]: Connection 'list_my_etl_db_main_analytics' was properly closed.
[0m08:56:40.165867 [debug] [MainThread]: Connection 'list_my_etl_db_main_raw_ingestion' was properly closed.
[0m08:56:40.165961 [info ] [MainThread]: 
[0m08:56:40.166076 [info ] [MainThread]: Finished running 1 incremental model in 0 hours 0 minutes and 0.16 seconds (0.16s).
[0m08:56:40.166476 [debug] [MainThread]: Command end result
[0m08:56:40.179138 [debug] [MainThread]: Wrote artifact WritableManifest to /Users/aviraljain/Downloads/python advanced/my_etl_project/target/manifest.json
[0m08:56:40.179920 [debug] [MainThread]: Wrote artifact SemanticManifest to /Users/aviraljain/Downloads/python advanced/my_etl_project/target/semantic_manifest.json
[0m08:56:40.181929 [debug] [MainThread]: Wrote artifact RunExecutionResult to /Users/aviraljain/Downloads/python advanced/my_etl_project/target/run_results.json
[0m08:56:40.182042 [info ] [MainThread]: 
[0m08:56:40.182191 [info ] [MainThread]: [32mCompleted successfully[0m
[0m08:56:40.182297 [info ] [MainThread]: 
[0m08:56:40.182409 [info ] [MainThread]: Done. PASS=1 WARN=0 ERROR=0 SKIP=0 NO-OP=0 TOTAL=1
[0m08:56:40.183886 [debug] [MainThread]: Resource report: {"command_name": "run", "command_success": true, "command_wall_clock_time": 0.4679622, "process_in_blocks": "0", "process_kernel_time": 0.134044, "process_mem_max_rss": "143900672", "process_out_blocks": "0", "process_user_time": 0.803695}
[0m08:56:40.184032 [debug] [MainThread]: Command `dbt run` succeeded at 08:56:40.184005 after 0.47 seconds
[0m08:56:40.184158 [debug] [MainThread]: Sending event: {'category': 'dbt', 'action': 'invocation', 'label': 'end', 'context': [<snowplow_tracker.self_describing_json.SelfDescribingJson object at 0x1009892d0>, <snowplow_tracker.self_describing_json.SelfDescribingJson object at 0x105a23550>, <snowplow_tracker.self_describing_json.SelfDescribingJson object at 0x1058aa0d0>]}
[0m08:56:40.184325 [debug] [MainThread]: Flushing usage events
[0m08:56:41.485560 [debug] [MainThread]: An error was encountered while trying to flush usage events
[0m08:57:32.806114 [debug] [MainThread]: Sending event: {'category': 'dbt', 'action': 'invocation', 'label': 'start', 'context': [<snowplow_tracker.self_describing_json.SelfDescribingJson object at 0x10b7a1550>, <snowplow_tracker.self_describing_json.SelfDescribingJson object at 0x10b7bebd0>, <snowplow_tracker.self_describing_json.SelfDescribingJson object at 0x10b7bf250>]}


============================== 08:57:32.808348 | 05c33063-e667-4338-b8e5-64c973ea9884 ==============================
[0m08:57:32.808348 [info ] [MainThread]: Running with dbt=1.11.7
[0m08:57:32.808592 [debug] [MainThread]: running dbt with arguments {'debug': 'False', 'indirect_selection': 'eager', 'warn_error': 'None', 'no_print': 'None', 'log_format': 'default', 'version_check': 'True', 'introspect': 'True', 'use_colors': 'True', 'static_parser': 'True', 'use_experimental_parser': 'False', 'profiles_dir': '/Users/aviraljain/Downloads/python advanced/my_etl_project', 'fail_fast': 'False', 'write_json': 'True', 'send_anonymous_usage_stats': 'True', 'target_path': 'None', 'warn_error_options': 'WarnErrorOptionsV2(error=[], warn=[], silence=[])', 'partial_parse': 'True', 'printer_width': '80', 'cache_selected_only': 'False', 'empty': 'None', 'log_cache_events': 'False', 'quiet': 'False', 'log_path': '/Users/aviraljain/Downloads/python advanced/my_etl_project/logs', 'invocation_command': 'dbt test'}
[0m08:57:32.881212 [debug] [MainThread]: Sending event: {'category': 'dbt', 'action': 'project_id', 'label': '05c33063-e667-4338-b8e5-64c973ea9884', 'context': [<snowplow_tracker.self_describing_json.SelfDescribingJson object at 0x10b087390>]}
[0m08:57:32.900678 [debug] [MainThread]: Sending event: {'category': 'dbt', 'action': 'adapter_info', 'label': '05c33063-e667-4338-b8e5-64c973ea9884', 'context': [<snowplow_tracker.self_describing_json.SelfDescribingJson object at 0x1089d1f10>]}
[0m08:57:32.901021 [info ] [MainThread]: Registered adapter: postgres=1.10.0
[0m08:57:32.948920 [debug] [MainThread]: checksum: b80718358155fc17c3559352095564dd56ada1cc1a1c0ef2e62c857e71583775, vars: {}, profile: , target: , version: 1.11.7
[0m08:57:33.014570 [debug] [MainThread]: Partial parsing enabled: 0 files deleted, 0 files added, 0 files changed.
[0m08:57:33.014764 [debug] [MainThread]: Nothing changed, skipping partial parsing.
[0m08:57:33.014865 [debug] [MainThread]: Partial parsing enabled, no changes found, skipping parsing
[0m08:57:33.035387 [debug] [MainThread]: Sending event: {'category': 'dbt', 'action': 'load_project', 'label': '05c33063-e667-4338-b8e5-64c973ea9884', 'context': [<snowplow_tracker.self_describing_json.SelfDescribingJson object at 0x10c68f150>]}
[0m08:57:33.092136 [debug] [MainThread]: Wrote artifact WritableManifest to /Users/aviraljain/Downloads/python advanced/my_etl_project/target/manifest.json
[0m08:57:33.093137 [debug] [MainThread]: Wrote artifact SemanticManifest to /Users/aviraljain/Downloads/python advanced/my_etl_project/target/semantic_manifest.json
[0m08:57:33.108031 [debug] [MainThread]: Sending event: {'category': 'dbt', 'action': 'resource_counts', 'label': '05c33063-e667-4338-b8e5-64c973ea9884', 'context': [<snowplow_tracker.self_describing_json.SelfDescribingJson object at 0x10be16190>]}
[0m08:57:33.108238 [info ] [MainThread]: Found 4 seeds, 7 models, 37 data tests, 3 sources, 466 macros
[0m08:57:33.108372 [debug] [MainThread]: Sending event: {'category': 'dbt', 'action': 'runnable_timing', 'label': '05c33063-e667-4338-b8e5-64c973ea9884', 'context': [<snowplow_tracker.self_describing_json.SelfDescribingJson object at 0x10c6ac990>]}
[0m08:57:33.109705 [info ] [MainThread]: 
[0m08:57:33.109832 [info ] [MainThread]: Concurrency: 4 threads (target='dev')
[0m08:57:33.109928 [info ] [MainThread]: 
[0m08:57:33.110109 [debug] [MainThread]: Acquiring new postgres connection 'master'
[0m08:57:33.111643 [debug] [ThreadPool]: Acquiring new postgres connection 'list_my_etl_db_main'
[0m08:57:33.111822 [debug] [ThreadPool]: Acquiring new postgres connection 'list_my_etl_db_main_analytics'
[0m08:57:33.112029 [debug] [ThreadPool]: Acquiring new postgres connection 'list_my_etl_db_main_raw_ingestion'
[0m08:57:33.138038 [debug] [ThreadPool]: Using postgres connection "list_my_etl_db_main"
[0m08:57:33.138215 [debug] [ThreadPool]: Using postgres connection "list_my_etl_db_main_analytics"
[0m08:57:33.138351 [debug] [ThreadPool]: Using postgres connection "list_my_etl_db_main_raw_ingestion"
[0m08:57:33.138527 [debug] [ThreadPool]: On list_my_etl_db_main: /* {"app": "dbt", "dbt_version": "1.11.7", "profile_name": "my_etl_project", "target_name": "dev", "connection_name": "list_my_etl_db_main"} */
select
      'my_etl_db' as database,
      tablename as name,
      schemaname as schema,
      'table' as type
    from pg_tables
    where schemaname ilike 'main'
    union all
    select
      'my_etl_db' as database,
      viewname as name,
      schemaname as schema,
      'view' as type
    from pg_views
    where schemaname ilike 'main'
    union all
    select
      'my_etl_db' as database,
      matviewname as name,
      schemaname as schema,
      'materialized_view' as type
    from pg_matviews
    where schemaname ilike 'main'
  
[0m08:57:33.138680 [debug] [ThreadPool]: On list_my_etl_db_main_analytics: /* {"app": "dbt", "dbt_version": "1.11.7", "profile_name": "my_etl_project", "target_name": "dev", "connection_name": "list_my_etl_db_main_analytics"} */
select
      'my_etl_db' as database,
      tablename as name,
      schemaname as schema,
      'table' as type
    from pg_tables
    where schemaname ilike 'main_analytics'
    union all
    select
      'my_etl_db' as database,
      viewname as name,
      schemaname as schema,
      'view' as type
    from pg_views
    where schemaname ilike 'main_analytics'
    union all
    select
      'my_etl_db' as database,
      matviewname as name,
      schemaname as schema,
      'materialized_view' as type
    from pg_matviews
    where schemaname ilike 'main_analytics'
  
[0m08:57:33.138824 [debug] [ThreadPool]: On list_my_etl_db_main_raw_ingestion: /* {"app": "dbt", "dbt_version": "1.11.7", "profile_name": "my_etl_project", "target_name": "dev", "connection_name": "list_my_etl_db_main_raw_ingestion"} */
select
      'my_etl_db' as database,
      tablename as name,
      schemaname as schema,
      'table' as type
    from pg_tables
    where schemaname ilike 'main_raw_ingestion'
    union all
    select
      'my_etl_db' as database,
      viewname as name,
      schemaname as schema,
      'view' as type
    from pg_views
    where schemaname ilike 'main_raw_ingestion'
    union all
    select
      'my_etl_db' as database,
      matviewname as name,
      schemaname as schema,
      'materialized_view' as type
    from pg_matviews
    where schemaname ilike 'main_raw_ingestion'
  
[0m08:57:33.138949 [debug] [ThreadPool]: Opening a new connection, currently in state init
[0m08:57:33.139070 [debug] [ThreadPool]: Opening a new connection, currently in state init
[0m08:57:33.139190 [debug] [ThreadPool]: Opening a new connection, currently in state init
[0m08:57:33.164482 [debug] [ThreadPool]: SQL status: SELECT 4 in 0.025 seconds
[0m08:57:33.164662 [debug] [ThreadPool]: SQL status: SELECT 2 in 0.026 seconds
[0m08:57:33.164809 [debug] [ThreadPool]: SQL status: SELECT 4 in 0.026 seconds
[0m08:57:33.165431 [debug] [ThreadPool]: On list_my_etl_db_main_raw_ingestion: ROLLBACK
[0m08:57:33.165821 [debug] [ThreadPool]: On list_my_etl_db_main_analytics: ROLLBACK
[0m08:57:33.166147 [debug] [ThreadPool]: On list_my_etl_db_main: ROLLBACK
[0m08:57:33.166359 [debug] [ThreadPool]: On list_my_etl_db_main_raw_ingestion: Close
[0m08:57:33.166451 [debug] [ThreadPool]: On list_my_etl_db_main_analytics: Close
[0m08:57:33.166547 [debug] [ThreadPool]: On list_my_etl_db_main: Close
[0m08:57:33.169235 [debug] [MainThread]: Using postgres connection "master"
[0m08:57:33.169404 [debug] [MainThread]: On master: /* {"app": "dbt", "dbt_version": "1.11.7", "profile_name": "my_etl_project", "target_name": "dev", "connection_name": "master"} */
select distinct
        dependent_namespace.nspname as dependent_schema,
        dependent_class.relname as dependent_name,
        referenced_namespace.nspname as referenced_schema,
        referenced_class.relname as referenced_name

    -- Query for views: views are entries in pg_class with an entry in pg_rewrite, but we avoid
    -- a seq scan on pg_rewrite by leveraging the fact there is an "internal" row in pg_depend for
    -- the view...
    from pg_class as dependent_class
    join pg_namespace as dependent_namespace on dependent_namespace.oid = dependent_class.relnamespace
    join pg_depend as dependent_depend on dependent_depend.refobjid = dependent_class.oid
        and dependent_depend.classid = 'pg_rewrite'::regclass
        and dependent_depend.refclassid = 'pg_class'::regclass
        and dependent_depend.deptype = 'i'

    -- ... and via pg_depend (that has a row per column, hence the need for "distinct" above, and
    -- making sure to exclude the internal row to avoid a view appearing to depend on itself)...
    join pg_depend as joining_depend on joining_depend.objid = dependent_depend.objid
        and joining_depend.classid = 'pg_rewrite'::regclass
        and joining_depend.refclassid = 'pg_class'::regclass
        and joining_depend.refobjid != dependent_depend.refobjid

    -- ... we can find the tables they query from in pg_class, but excluding system tables. Note we
    -- don't need need to exclude _dependent_ system tables, because they only query from other
    -- system tables, and so are automatically excluded by excluding _referenced_ system tables
    join pg_class as referenced_class on referenced_class.oid = joining_depend.refobjid
    join pg_namespace as referenced_namespace on referenced_namespace.oid = referenced_class.relnamespace
        and referenced_namespace.nspname != 'information_schema'
        and referenced_namespace.nspname not like 'pg\_%'

    order by
        dependent_schema, dependent_name, referenced_schema, referenced_name;
[0m08:57:33.169537 [debug] [MainThread]: Opening a new connection, currently in state init
[0m08:57:33.177783 [debug] [MainThread]: SQL status: SELECT 5 in 0.008 seconds
[0m08:57:33.178531 [debug] [MainThread]: Sending event: {'category': 'dbt', 'action': 'runnable_timing', 'label': '05c33063-e667-4338-b8e5-64c973ea9884', 'context': [<snowplow_tracker.self_describing_json.SelfDescribingJson object at 0x10b801350>]}
[0m08:57:33.178705 [debug] [MainThread]: On master: ROLLBACK
[0m08:57:33.178945 [debug] [MainThread]: On master: COMMIT
[0m08:57:33.179041 [debug] [MainThread]: Using postgres connection "master"
[0m08:57:33.179125 [debug] [MainThread]: On master: COMMIT
[0m08:57:33.179371 [debug] [MainThread]: SQL status: COMMIT in 0.000 seconds
[0m08:57:33.179464 [debug] [MainThread]: On master: Close
[0m08:57:33.182260 [debug] [Thread-1 (]: Began running node test.my_etl_project.accepted_values_fct_sales_status__COMPLETE.4ee04b944f
[0m08:57:33.182402 [debug] [Thread-2 (]: Began running node test.my_etl_project.accepted_values_stg_customers_region__NORTH__SOUTH__EAST__WEST.1ced9343e3
[0m08:57:33.182553 [debug] [Thread-3 (]: Began running node test.my_etl_project.accepted_values_stg_customers_segment__PLATINUM__GOLD__SILVER.b8a09d892e
[0m08:57:33.182673 [debug] [Thread-4 (]: Began running node test.my_etl_project.accepted_values_stg_orders_status__COMPLETE__PENDING__FAILED__CANCELLED.b0f05764d8
[0m08:57:33.182801 [info ] [Thread-1 (]: 1 of 37 START test accepted_values_fct_sales_status__COMPLETE .................. [RUN]
[0m08:57:33.182953 [info ] [Thread-2 (]: 2 of 37 START test accepted_values_stg_customers_region__NORTH__SOUTH__EAST__WEST  [RUN]
[0m08:57:33.183100 [info ] [Thread-3 (]: 3 of 37 START test accepted_values_stg_customers_segment__PLATINUM__GOLD__SILVER  [RUN]
[0m08:57:33.183259 [info ] [Thread-4 (]: 4 of 37 START test accepted_values_stg_orders_status__COMPLETE__PENDING__FAILED__CANCELLED  [RUN]
[0m08:57:33.183421 [debug] [Thread-1 (]: Re-using an available connection from the pool (formerly list_my_etl_db_main, now test.my_etl_project.accepted_values_fct_sales_status__COMPLETE.4ee04b944f)
[0m08:57:33.183563 [debug] [Thread-2 (]: Re-using an available connection from the pool (formerly list_my_etl_db_main_analytics, now test.my_etl_project.accepted_values_stg_customers_region__NORTH__SOUTH__EAST__WEST.1ced9343e3)
[0m08:57:33.183711 [debug] [Thread-3 (]: Re-using an available connection from the pool (formerly list_my_etl_db_main_raw_ingestion, now test.my_etl_project.accepted_values_stg_customers_segment__PLATINUM__GOLD__SILVER.b8a09d892e)
[0m08:57:33.183886 [debug] [Thread-4 (]: Acquiring new postgres connection 'test.my_etl_project.accepted_values_stg_orders_status__COMPLETE__PENDING__FAILED__CANCELLED.b0f05764d8'
[0m08:57:33.184013 [debug] [Thread-1 (]: Began compiling node test.my_etl_project.accepted_values_fct_sales_status__COMPLETE.4ee04b944f
[0m08:57:33.184136 [debug] [Thread-2 (]: Began compiling node test.my_etl_project.accepted_values_stg_customers_region__NORTH__SOUTH__EAST__WEST.1ced9343e3
[0m08:57:33.184262 [debug] [Thread-3 (]: Began compiling node test.my_etl_project.accepted_values_stg_customers_segment__PLATINUM__GOLD__SILVER.b8a09d892e
[0m08:57:33.184380 [debug] [Thread-4 (]: Began compiling node test.my_etl_project.accepted_values_stg_orders_status__COMPLETE__PENDING__FAILED__CANCELLED.b0f05764d8
[0m08:57:33.190390 [debug] [Thread-1 (]: Writing injected SQL for node "test.my_etl_project.accepted_values_fct_sales_status__COMPLETE.4ee04b944f"
[0m08:57:33.192962 [debug] [Thread-2 (]: Writing injected SQL for node "test.my_etl_project.accepted_values_stg_customers_region__NORTH__SOUTH__EAST__WEST.1ced9343e3"
[0m08:57:33.194802 [debug] [Thread-3 (]: Writing injected SQL for node "test.my_etl_project.accepted_values_stg_customers_segment__PLATINUM__GOLD__SILVER.b8a09d892e"
[0m08:57:33.196495 [debug] [Thread-4 (]: Writing injected SQL for node "test.my_etl_project.accepted_values_stg_orders_status__COMPLETE__PENDING__FAILED__CANCELLED.b0f05764d8"
[0m08:57:33.197017 [debug] [Thread-3 (]: Began executing node test.my_etl_project.accepted_values_stg_customers_segment__PLATINUM__GOLD__SILVER.b8a09d892e
[0m08:57:33.197158 [debug] [Thread-1 (]: Began executing node test.my_etl_project.accepted_values_fct_sales_status__COMPLETE.4ee04b944f
[0m08:57:33.197275 [debug] [Thread-4 (]: Began executing node test.my_etl_project.accepted_values_stg_orders_status__COMPLETE__PENDING__FAILED__CANCELLED.b0f05764d8
[0m08:57:33.197385 [debug] [Thread-2 (]: Began executing node test.my_etl_project.accepted_values_stg_customers_region__NORTH__SOUTH__EAST__WEST.1ced9343e3
[0m08:57:33.205121 [debug] [Thread-3 (]: Writing runtime sql for node "test.my_etl_project.accepted_values_stg_customers_segment__PLATINUM__GOLD__SILVER.b8a09d892e"
[0m08:57:33.206160 [debug] [Thread-1 (]: Writing runtime sql for node "test.my_etl_project.accepted_values_fct_sales_status__COMPLETE.4ee04b944f"
[0m08:57:33.207018 [debug] [Thread-4 (]: Writing runtime sql for node "test.my_etl_project.accepted_values_stg_orders_status__COMPLETE__PENDING__FAILED__CANCELLED.b0f05764d8"
[0m08:57:33.208563 [debug] [Thread-2 (]: Writing runtime sql for node "test.my_etl_project.accepted_values_stg_customers_region__NORTH__SOUTH__EAST__WEST.1ced9343e3"
[0m08:57:33.209006 [debug] [Thread-3 (]: Using postgres connection "test.my_etl_project.accepted_values_stg_customers_segment__PLATINUM__GOLD__SILVER.b8a09d892e"
[0m08:57:33.209266 [debug] [Thread-1 (]: Using postgres connection "test.my_etl_project.accepted_values_fct_sales_status__COMPLETE.4ee04b944f"
[0m08:57:33.209444 [debug] [Thread-4 (]: Using postgres connection "test.my_etl_project.accepted_values_stg_orders_status__COMPLETE__PENDING__FAILED__CANCELLED.b0f05764d8"
[0m08:57:33.209602 [debug] [Thread-3 (]: On test.my_etl_project.accepted_values_stg_customers_segment__PLATINUM__GOLD__SILVER.b8a09d892e: /* {"app": "dbt", "dbt_version": "1.11.7", "profile_name": "my_etl_project", "target_name": "dev", "node_id": "test.my_etl_project.accepted_values_stg_customers_segment__PLATINUM__GOLD__SILVER.b8a09d892e"} */

    
    select
      count(*) as failures,
      count(*) != 0 as should_warn,
      count(*) != 0 as should_error
    from (
      
    
  
    
    

with all_values as (

    select
        segment as value_field,
        count(*) as n_records

    from "my_etl_db"."main"."stg_customers"
    group by segment

)

select *
from all_values
where value_field not in (
    'PLATINUM','GOLD','SILVER'
)



  
  
      
    ) dbt_internal_test
[0m08:57:33.209778 [debug] [Thread-1 (]: On test.my_etl_project.accepted_values_fct_sales_status__COMPLETE.4ee04b944f: /* {"app": "dbt", "dbt_version": "1.11.7", "profile_name": "my_etl_project", "target_name": "dev", "node_id": "test.my_etl_project.accepted_values_fct_sales_status__COMPLETE.4ee04b944f"} */

    
    select
      count(*) as failures,
      count(*) != 0 as should_warn,
      count(*) != 0 as should_error
    from (
      
    
  
    
    

with all_values as (

    select
        status as value_field,
        count(*) as n_records

    from "my_etl_db"."main_analytics"."fct_sales"
    group by status

)

select *
from all_values
where value_field not in (
    'COMPLETE'
)



  
  
      
    ) dbt_internal_test
[0m08:57:33.209933 [debug] [Thread-2 (]: Using postgres connection "test.my_etl_project.accepted_values_stg_customers_region__NORTH__SOUTH__EAST__WEST.1ced9343e3"
[0m08:57:33.210080 [debug] [Thread-4 (]: On test.my_etl_project.accepted_values_stg_orders_status__COMPLETE__PENDING__FAILED__CANCELLED.b0f05764d8: /* {"app": "dbt", "dbt_version": "1.11.7", "profile_name": "my_etl_project", "target_name": "dev", "node_id": "test.my_etl_project.accepted_values_stg_orders_status__COMPLETE__PENDING__FAILED__CANCELLED.b0f05764d8"} */

    
    select
      count(*) as failures,
      count(*) != 0 as should_warn,
      count(*) != 0 as should_error
    from (
      
    
  
    
    

with all_values as (

    select
        status as value_field,
        count(*) as n_records

    from "my_etl_db"."main"."stg_orders"
    group by status

)

select *
from all_values
where value_field not in (
    'COMPLETE','PENDING','FAILED','CANCELLED'
)



  
  
      
    ) dbt_internal_test
[0m08:57:33.210211 [debug] [Thread-3 (]: Opening a new connection, currently in state closed
[0m08:57:33.210314 [debug] [Thread-1 (]: Opening a new connection, currently in state closed
[0m08:57:33.210431 [debug] [Thread-2 (]: On test.my_etl_project.accepted_values_stg_customers_region__NORTH__SOUTH__EAST__WEST.1ced9343e3: /* {"app": "dbt", "dbt_version": "1.11.7", "profile_name": "my_etl_project", "target_name": "dev", "node_id": "test.my_etl_project.accepted_values_stg_customers_region__NORTH__SOUTH__EAST__WEST.1ced9343e3"} */

    
    select
      count(*) as failures,
      count(*) != 0 as should_warn,
      count(*) != 0 as should_error
    from (
      
    
  
    
    

with all_values as (

    select
        region as value_field,
        count(*) as n_records

    from "my_etl_db"."main"."stg_customers"
    group by region

)

select *
from all_values
where value_field not in (
    'NORTH','SOUTH','EAST','WEST'
)



  
  
      
    ) dbt_internal_test
[0m08:57:33.210545 [debug] [Thread-4 (]: Opening a new connection, currently in state init
[0m08:57:33.210774 [debug] [Thread-2 (]: Opening a new connection, currently in state closed
[0m08:57:33.217242 [debug] [Thread-2 (]: SQL status: SELECT 1 in 0.006 seconds
[0m08:57:33.217432 [debug] [Thread-4 (]: SQL status: SELECT 1 in 0.007 seconds
[0m08:57:33.217556 [debug] [Thread-1 (]: SQL status: SELECT 1 in 0.007 seconds
[0m08:57:33.217705 [debug] [Thread-3 (]: SQL status: SELECT 1 in 0.007 seconds
[0m08:57:33.219273 [debug] [Thread-2 (]: On test.my_etl_project.accepted_values_stg_customers_region__NORTH__SOUTH__EAST__WEST.1ced9343e3: ROLLBACK
[0m08:57:33.219809 [debug] [Thread-4 (]: On test.my_etl_project.accepted_values_stg_orders_status__COMPLETE__PENDING__FAILED__CANCELLED.b0f05764d8: ROLLBACK
[0m08:57:33.220274 [debug] [Thread-1 (]: On test.my_etl_project.accepted_values_fct_sales_status__COMPLETE.4ee04b944f: ROLLBACK
[0m08:57:33.220643 [debug] [Thread-3 (]: On test.my_etl_project.accepted_values_stg_customers_segment__PLATINUM__GOLD__SILVER.b8a09d892e: ROLLBACK
[0m08:57:33.220945 [debug] [Thread-2 (]: On test.my_etl_project.accepted_values_stg_customers_region__NORTH__SOUTH__EAST__WEST.1ced9343e3: Close
[0m08:57:33.221079 [debug] [Thread-4 (]: On test.my_etl_project.accepted_values_stg_orders_status__COMPLETE__PENDING__FAILED__CANCELLED.b0f05764d8: Close
[0m08:57:33.221181 [debug] [Thread-1 (]: On test.my_etl_project.accepted_values_fct_sales_status__COMPLETE.4ee04b944f: Close
[0m08:57:33.221287 [debug] [Thread-3 (]: On test.my_etl_project.accepted_values_stg_customers_segment__PLATINUM__GOLD__SILVER.b8a09d892e: Close
[0m08:57:33.221523 [info ] [Thread-2 (]: 2 of 37 PASS accepted_values_stg_customers_region__NORTH__SOUTH__EAST__WEST .... [[32mPASS[0m in 0.04s]
[0m08:57:33.221801 [info ] [Thread-4 (]: 4 of 37 PASS accepted_values_stg_orders_status__COMPLETE__PENDING__FAILED__CANCELLED  [[32mPASS[0m in 0.04s]
[0m08:57:33.221985 [info ] [Thread-1 (]: 1 of 37 PASS accepted_values_fct_sales_status__COMPLETE ........................ [[32mPASS[0m in 0.04s]
[0m08:57:33.222556 [debug] [Thread-2 (]: Finished running node test.my_etl_project.accepted_values_stg_customers_region__NORTH__SOUTH__EAST__WEST.1ced9343e3
[0m08:57:33.222327 [info ] [Thread-3 (]: 3 of 37 PASS accepted_values_stg_customers_segment__PLATINUM__GOLD__SILVER ..... [[32mPASS[0m in 0.04s]
[0m08:57:33.222839 [debug] [Thread-4 (]: Finished running node test.my_etl_project.accepted_values_stg_orders_status__COMPLETE__PENDING__FAILED__CANCELLED.b0f05764d8
[0m08:57:33.223025 [debug] [Thread-1 (]: Finished running node test.my_etl_project.accepted_values_fct_sales_status__COMPLETE.4ee04b944f
[0m08:57:33.223207 [debug] [Thread-2 (]: Began running node test.my_etl_project.not_null_fct_sales_amount.0427b27870
[0m08:57:33.223425 [debug] [Thread-3 (]: Finished running node test.my_etl_project.accepted_values_stg_customers_segment__PLATINUM__GOLD__SILVER.b8a09d892e
[0m08:57:33.223552 [debug] [Thread-4 (]: Began running node test.my_etl_project.not_null_fct_sales_customer_id.998bfce0ce
[0m08:57:33.223707 [debug] [Thread-1 (]: Began running node test.my_etl_project.not_null_fct_sales_incremental_order_id.b8fc35ca17
[0m08:57:33.223861 [info ] [Thread-2 (]: 5 of 37 START test not_null_fct_sales_amount ................................... [RUN]
[0m08:57:33.224055 [debug] [Thread-3 (]: Began running node test.my_etl_project.not_null_fct_sales_order_id.4987638769
[0m08:57:33.224227 [info ] [Thread-4 (]: 6 of 37 START test not_null_fct_sales_customer_id .............................. [RUN]
[0m08:57:33.224370 [info ] [Thread-1 (]: 7 of 37 START test not_null_fct_sales_incremental_order_id ..................... [RUN]
[0m08:57:33.224533 [debug] [Thread-2 (]: Re-using an available connection from the pool (formerly test.my_etl_project.accepted_values_stg_customers_region__NORTH__SOUTH__EAST__WEST.1ced9343e3, now test.my_etl_project.not_null_fct_sales_amount.0427b27870)
[0m08:57:33.224660 [info ] [Thread-3 (]: 8 of 37 START test not_null_fct_sales_order_id ................................. [RUN]
[0m08:57:33.224801 [debug] [Thread-4 (]: Re-using an available connection from the pool (formerly test.my_etl_project.accepted_values_stg_orders_status__COMPLETE__PENDING__FAILED__CANCELLED.b0f05764d8, now test.my_etl_project.not_null_fct_sales_customer_id.998bfce0ce)
[0m08:57:33.224930 [debug] [Thread-1 (]: Re-using an available connection from the pool (formerly test.my_etl_project.accepted_values_fct_sales_status__COMPLETE.4ee04b944f, now test.my_etl_project.not_null_fct_sales_incremental_order_id.b8fc35ca17)
[0m08:57:33.225057 [debug] [Thread-2 (]: Began compiling node test.my_etl_project.not_null_fct_sales_amount.0427b27870
[0m08:57:33.225177 [debug] [Thread-3 (]: Re-using an available connection from the pool (formerly test.my_etl_project.accepted_values_stg_customers_segment__PLATINUM__GOLD__SILVER.b8a09d892e, now test.my_etl_project.not_null_fct_sales_order_id.4987638769)
[0m08:57:33.225286 [debug] [Thread-4 (]: Began compiling node test.my_etl_project.not_null_fct_sales_customer_id.998bfce0ce
[0m08:57:33.225386 [debug] [Thread-1 (]: Began compiling node test.my_etl_project.not_null_fct_sales_incremental_order_id.b8fc35ca17
[0m08:57:33.227856 [debug] [Thread-2 (]: Writing injected SQL for node "test.my_etl_project.not_null_fct_sales_amount.0427b27870"
[0m08:57:33.228006 [debug] [Thread-3 (]: Began compiling node test.my_etl_project.not_null_fct_sales_order_id.4987638769
[0m08:57:33.229466 [debug] [Thread-4 (]: Writing injected SQL for node "test.my_etl_project.not_null_fct_sales_customer_id.998bfce0ce"
[0m08:57:33.230900 [debug] [Thread-1 (]: Writing injected SQL for node "test.my_etl_project.not_null_fct_sales_incremental_order_id.b8fc35ca17"
[0m08:57:33.232420 [debug] [Thread-3 (]: Writing injected SQL for node "test.my_etl_project.not_null_fct_sales_order_id.4987638769"
[0m08:57:33.232733 [debug] [Thread-2 (]: Began executing node test.my_etl_project.not_null_fct_sales_amount.0427b27870
[0m08:57:33.232924 [debug] [Thread-4 (]: Began executing node test.my_etl_project.not_null_fct_sales_customer_id.998bfce0ce
[0m08:57:33.234280 [debug] [Thread-2 (]: Writing runtime sql for node "test.my_etl_project.not_null_fct_sales_amount.0427b27870"
[0m08:57:33.235501 [debug] [Thread-4 (]: Writing runtime sql for node "test.my_etl_project.not_null_fct_sales_customer_id.998bfce0ce"
[0m08:57:33.235646 [debug] [Thread-3 (]: Began executing node test.my_etl_project.not_null_fct_sales_order_id.4987638769
[0m08:57:33.235866 [debug] [Thread-1 (]: Began executing node test.my_etl_project.not_null_fct_sales_incremental_order_id.b8fc35ca17
[0m08:57:33.237073 [debug] [Thread-3 (]: Writing runtime sql for node "test.my_etl_project.not_null_fct_sales_order_id.4987638769"
[0m08:57:33.238089 [debug] [Thread-1 (]: Writing runtime sql for node "test.my_etl_project.not_null_fct_sales_incremental_order_id.b8fc35ca17"
[0m08:57:33.238265 [debug] [Thread-2 (]: Using postgres connection "test.my_etl_project.not_null_fct_sales_amount.0427b27870"
[0m08:57:33.238410 [debug] [Thread-4 (]: Using postgres connection "test.my_etl_project.not_null_fct_sales_customer_id.998bfce0ce"
[0m08:57:33.238597 [debug] [Thread-2 (]: On test.my_etl_project.not_null_fct_sales_amount.0427b27870: /* {"app": "dbt", "dbt_version": "1.11.7", "profile_name": "my_etl_project", "target_name": "dev", "node_id": "test.my_etl_project.not_null_fct_sales_amount.0427b27870"} */

    
    select
      count(*) as failures,
      count(*) != 0 as should_warn,
      count(*) != 0 as should_error
    from (
      
    
  
    
    



select amount
from "my_etl_db"."main_analytics"."fct_sales"
where amount is null



  
  
      
    ) dbt_internal_test
[0m08:57:33.238783 [debug] [Thread-4 (]: On test.my_etl_project.not_null_fct_sales_customer_id.998bfce0ce: /* {"app": "dbt", "dbt_version": "1.11.7", "profile_name": "my_etl_project", "target_name": "dev", "node_id": "test.my_etl_project.not_null_fct_sales_customer_id.998bfce0ce"} */

    
    select
      count(*) as failures,
      count(*) != 0 as should_warn,
      count(*) != 0 as should_error
    from (
      
    
  
    
    



select customer_id
from "my_etl_db"."main_analytics"."fct_sales"
where customer_id is null



  
  
      
    ) dbt_internal_test
[0m08:57:33.238944 [debug] [Thread-1 (]: Using postgres connection "test.my_etl_project.not_null_fct_sales_incremental_order_id.b8fc35ca17"
[0m08:57:33.239078 [debug] [Thread-3 (]: Using postgres connection "test.my_etl_project.not_null_fct_sales_order_id.4987638769"
[0m08:57:33.239197 [debug] [Thread-2 (]: Opening a new connection, currently in state closed
[0m08:57:33.239364 [debug] [Thread-4 (]: Opening a new connection, currently in state closed
[0m08:57:33.239572 [debug] [Thread-1 (]: On test.my_etl_project.not_null_fct_sales_incremental_order_id.b8fc35ca17: /* {"app": "dbt", "dbt_version": "1.11.7", "profile_name": "my_etl_project", "target_name": "dev", "node_id": "test.my_etl_project.not_null_fct_sales_incremental_order_id.b8fc35ca17"} */

    
    select
      count(*) as failures,
      count(*) != 0 as should_warn,
      count(*) != 0 as should_error
    from (
      
    
  
    
    



select order_id
from "my_etl_db"."main_analytics"."fct_sales_incremental"
where order_id is null



  
  
      
    ) dbt_internal_test
[0m08:57:33.239762 [debug] [Thread-3 (]: On test.my_etl_project.not_null_fct_sales_order_id.4987638769: /* {"app": "dbt", "dbt_version": "1.11.7", "profile_name": "my_etl_project", "target_name": "dev", "node_id": "test.my_etl_project.not_null_fct_sales_order_id.4987638769"} */

    
    select
      count(*) as failures,
      count(*) != 0 as should_warn,
      count(*) != 0 as should_error
    from (
      
    
  
    
    



select order_id
from "my_etl_db"."main_analytics"."fct_sales"
where order_id is null



  
  
      
    ) dbt_internal_test
[0m08:57:33.240068 [debug] [Thread-1 (]: Opening a new connection, currently in state closed
[0m08:57:33.240196 [debug] [Thread-3 (]: Opening a new connection, currently in state closed
[0m08:57:33.247313 [debug] [Thread-4 (]: SQL status: SELECT 1 in 0.008 seconds
[0m08:57:33.247513 [debug] [Thread-2 (]: SQL status: SELECT 1 in 0.008 seconds
[0m08:57:33.248061 [debug] [Thread-4 (]: On test.my_etl_project.not_null_fct_sales_customer_id.998bfce0ce: ROLLBACK
[0m08:57:33.248556 [debug] [Thread-2 (]: On test.my_etl_project.not_null_fct_sales_amount.0427b27870: ROLLBACK
[0m08:57:33.248702 [debug] [Thread-1 (]: SQL status: SELECT 1 in 0.009 seconds
[0m08:57:33.249213 [debug] [Thread-1 (]: On test.my_etl_project.not_null_fct_sales_incremental_order_id.b8fc35ca17: ROLLBACK
[0m08:57:33.249371 [debug] [Thread-2 (]: On test.my_etl_project.not_null_fct_sales_amount.0427b27870: Close
[0m08:57:33.249483 [debug] [Thread-4 (]: On test.my_etl_project.not_null_fct_sales_customer_id.998bfce0ce: Close
[0m08:57:33.249610 [debug] [Thread-3 (]: SQL status: SELECT 1 in 0.009 seconds
[0m08:57:33.250021 [debug] [Thread-1 (]: On test.my_etl_project.not_null_fct_sales_incremental_order_id.b8fc35ca17: Close
[0m08:57:33.249910 [info ] [Thread-2 (]: 5 of 37 PASS not_null_fct_sales_amount ......................................... [[32mPASS[0m in 0.03s]
[0m08:57:33.250238 [info ] [Thread-4 (]: 6 of 37 PASS not_null_fct_sales_customer_id .................................... [[32mPASS[0m in 0.03s]
[0m08:57:33.250704 [debug] [Thread-3 (]: On test.my_etl_project.not_null_fct_sales_order_id.4987638769: ROLLBACK
[0m08:57:33.250906 [info ] [Thread-1 (]: 7 of 37 PASS not_null_fct_sales_incremental_order_id ........................... [[32mPASS[0m in 0.03s]
[0m08:57:33.251115 [debug] [Thread-2 (]: Finished running node test.my_etl_project.not_null_fct_sales_amount.0427b27870
[0m08:57:33.251292 [debug] [Thread-4 (]: Finished running node test.my_etl_project.not_null_fct_sales_customer_id.998bfce0ce
[0m08:57:33.251474 [debug] [Thread-1 (]: Finished running node test.my_etl_project.not_null_fct_sales_incremental_order_id.b8fc35ca17
[0m08:57:33.251591 [debug] [Thread-3 (]: On test.my_etl_project.not_null_fct_sales_order_id.4987638769: Close
[0m08:57:33.251721 [debug] [Thread-2 (]: Began running node test.my_etl_project.not_null_fct_sales_status.fb947e0b69
[0m08:57:33.251880 [debug] [Thread-4 (]: Began running node test.my_etl_project.not_null_int_orders_customers_amount.363e63f97a
[0m08:57:33.252033 [debug] [Thread-1 (]: Began running node test.my_etl_project.not_null_int_orders_customers_order_id.f3c169c800
[0m08:57:33.252232 [info ] [Thread-3 (]: 8 of 37 PASS not_null_fct_sales_order_id ....................................... [[32mPASS[0m in 0.03s]
[0m08:57:33.252369 [info ] [Thread-2 (]: 9 of 37 START test not_null_fct_sales_status ................................... [RUN]
[0m08:57:33.252510 [info ] [Thread-4 (]: 10 of 37 START test not_null_int_orders_customers_amount ....................... [RUN]
[0m08:57:33.252650 [info ] [Thread-1 (]: 11 of 37 START test not_null_int_orders_customers_order_id ..................... [RUN]
[0m08:57:33.252854 [debug] [Thread-3 (]: Finished running node test.my_etl_project.not_null_fct_sales_order_id.4987638769
[0m08:57:33.252980 [debug] [Thread-2 (]: Re-using an available connection from the pool (formerly test.my_etl_project.not_null_fct_sales_amount.0427b27870, now test.my_etl_project.not_null_fct_sales_status.fb947e0b69)
[0m08:57:33.253111 [debug] [Thread-4 (]: Re-using an available connection from the pool (formerly test.my_etl_project.not_null_fct_sales_customer_id.998bfce0ce, now test.my_etl_project.not_null_int_orders_customers_amount.363e63f97a)
[0m08:57:33.253222 [debug] [Thread-1 (]: Re-using an available connection from the pool (formerly test.my_etl_project.not_null_fct_sales_incremental_order_id.b8fc35ca17, now test.my_etl_project.not_null_int_orders_customers_order_id.f3c169c800)
[0m08:57:33.253356 [debug] [Thread-3 (]: Began running node test.my_etl_project.not_null_stg_customers_customer_id.e2cfb1f9aa
[0m08:57:33.253520 [debug] [Thread-2 (]: Began compiling node test.my_etl_project.not_null_fct_sales_status.fb947e0b69
[0m08:57:33.253641 [debug] [Thread-4 (]: Began compiling node test.my_etl_project.not_null_int_orders_customers_amount.363e63f97a
[0m08:57:33.253759 [debug] [Thread-1 (]: Began compiling node test.my_etl_project.not_null_int_orders_customers_order_id.f3c169c800
[0m08:57:33.253882 [info ] [Thread-3 (]: 12 of 37 START test not_null_stg_customers_customer_id ......................... [RUN]
[0m08:57:33.255442 [debug] [Thread-2 (]: Writing injected SQL for node "test.my_etl_project.not_null_fct_sales_status.fb947e0b69"
[0m08:57:33.256800 [debug] [Thread-4 (]: Writing injected SQL for node "test.my_etl_project.not_null_int_orders_customers_amount.363e63f97a"
[0m08:57:33.259072 [debug] [Thread-1 (]: Writing injected SQL for node "test.my_etl_project.not_null_int_orders_customers_order_id.f3c169c800"
[0m08:57:33.259251 [debug] [Thread-3 (]: Re-using an available connection from the pool (formerly test.my_etl_project.not_null_fct_sales_order_id.4987638769, now test.my_etl_project.not_null_stg_customers_customer_id.e2cfb1f9aa)
[0m08:57:33.259527 [debug] [Thread-3 (]: Began compiling node test.my_etl_project.not_null_stg_customers_customer_id.e2cfb1f9aa
[0m08:57:33.259804 [debug] [Thread-2 (]: Began executing node test.my_etl_project.not_null_fct_sales_status.fb947e0b69
[0m08:57:33.261047 [debug] [Thread-3 (]: Writing injected SQL for node "test.my_etl_project.not_null_stg_customers_customer_id.e2cfb1f9aa"
[0m08:57:33.261182 [debug] [Thread-1 (]: Began executing node test.my_etl_project.not_null_int_orders_customers_order_id.f3c169c800
[0m08:57:33.261318 [debug] [Thread-4 (]: Began executing node test.my_etl_project.not_null_int_orders_customers_amount.363e63f97a
[0m08:57:33.262072 [debug] [Thread-2 (]: Writing runtime sql for node "test.my_etl_project.not_null_fct_sales_status.fb947e0b69"
[0m08:57:33.262988 [debug] [Thread-1 (]: Writing runtime sql for node "test.my_etl_project.not_null_int_orders_customers_order_id.f3c169c800"
[0m08:57:33.263849 [debug] [Thread-4 (]: Writing runtime sql for node "test.my_etl_project.not_null_int_orders_customers_amount.363e63f97a"
[0m08:57:33.264010 [debug] [Thread-3 (]: Began executing node test.my_etl_project.not_null_stg_customers_customer_id.e2cfb1f9aa
[0m08:57:33.264892 [debug] [Thread-3 (]: Writing runtime sql for node "test.my_etl_project.not_null_stg_customers_customer_id.e2cfb1f9aa"
[0m08:57:33.265125 [debug] [Thread-2 (]: Using postgres connection "test.my_etl_project.not_null_fct_sales_status.fb947e0b69"
[0m08:57:33.265334 [debug] [Thread-2 (]: On test.my_etl_project.not_null_fct_sales_status.fb947e0b69: /* {"app": "dbt", "dbt_version": "1.11.7", "profile_name": "my_etl_project", "target_name": "dev", "node_id": "test.my_etl_project.not_null_fct_sales_status.fb947e0b69"} */

    
    select
      count(*) as failures,
      count(*) != 0 as should_warn,
      count(*) != 0 as should_error
    from (
      
    
  
    
    



select status
from "my_etl_db"."main_analytics"."fct_sales"
where status is null



  
  
      
    ) dbt_internal_test
[0m08:57:33.265474 [debug] [Thread-1 (]: Using postgres connection "test.my_etl_project.not_null_int_orders_customers_order_id.f3c169c800"
[0m08:57:33.265603 [debug] [Thread-4 (]: Using postgres connection "test.my_etl_project.not_null_int_orders_customers_amount.363e63f97a"
[0m08:57:33.265738 [debug] [Thread-2 (]: Opening a new connection, currently in state closed
[0m08:57:33.265858 [debug] [Thread-3 (]: Using postgres connection "test.my_etl_project.not_null_stg_customers_customer_id.e2cfb1f9aa"
[0m08:57:33.265996 [debug] [Thread-1 (]: On test.my_etl_project.not_null_int_orders_customers_order_id.f3c169c800: /* {"app": "dbt", "dbt_version": "1.11.7", "profile_name": "my_etl_project", "target_name": "dev", "node_id": "test.my_etl_project.not_null_int_orders_customers_order_id.f3c169c800"} */

    
    select
      count(*) as failures,
      count(*) != 0 as should_warn,
      count(*) != 0 as should_error
    from (
      
    
  
    
    



select order_id
from "my_etl_db"."main"."int_orders_customers"
where order_id is null



  
  
      
    ) dbt_internal_test
[0m08:57:33.266146 [debug] [Thread-4 (]: On test.my_etl_project.not_null_int_orders_customers_amount.363e63f97a: /* {"app": "dbt", "dbt_version": "1.11.7", "profile_name": "my_etl_project", "target_name": "dev", "node_id": "test.my_etl_project.not_null_int_orders_customers_amount.363e63f97a"} */

    
    select
      count(*) as failures,
      count(*) != 0 as should_warn,
      count(*) != 0 as should_error
    from (
      
    
  
    
    



select amount
from "my_etl_db"."main"."int_orders_customers"
where amount is null



  
  
      
    ) dbt_internal_test
[0m08:57:33.266345 [debug] [Thread-3 (]: On test.my_etl_project.not_null_stg_customers_customer_id.e2cfb1f9aa: /* {"app": "dbt", "dbt_version": "1.11.7", "profile_name": "my_etl_project", "target_name": "dev", "node_id": "test.my_etl_project.not_null_stg_customers_customer_id.e2cfb1f9aa"} */

    
    select
      count(*) as failures,
      count(*) != 0 as should_warn,
      count(*) != 0 as should_error
    from (
      
    
  
    
    



select customer_id
from "my_etl_db"."main"."stg_customers"
where customer_id is null



  
  
      
    ) dbt_internal_test
[0m08:57:33.266473 [debug] [Thread-1 (]: Opening a new connection, currently in state closed
[0m08:57:33.266586 [debug] [Thread-4 (]: Opening a new connection, currently in state closed
[0m08:57:33.266699 [debug] [Thread-3 (]: Opening a new connection, currently in state closed
[0m08:57:33.270956 [debug] [Thread-2 (]: SQL status: SELECT 1 in 0.005 seconds
[0m08:57:33.271473 [debug] [Thread-2 (]: On test.my_etl_project.not_null_fct_sales_status.fb947e0b69: ROLLBACK
[0m08:57:33.271639 [debug] [Thread-3 (]: SQL status: SELECT 1 in 0.005 seconds
[0m08:57:33.271758 [debug] [Thread-1 (]: SQL status: SELECT 1 in 0.005 seconds
[0m08:57:33.272253 [debug] [Thread-3 (]: On test.my_etl_project.not_null_stg_customers_customer_id.e2cfb1f9aa: ROLLBACK
[0m08:57:33.272366 [debug] [Thread-2 (]: On test.my_etl_project.not_null_fct_sales_status.fb947e0b69: Close
[0m08:57:33.272764 [debug] [Thread-1 (]: On test.my_etl_project.not_null_int_orders_customers_order_id.f3c169c800: ROLLBACK
[0m08:57:33.272887 [debug] [Thread-4 (]: SQL status: SELECT 1 in 0.006 seconds
[0m08:57:33.273155 [info ] [Thread-2 (]: 9 of 37 PASS not_null_fct_sales_status ......................................... [[32mPASS[0m in 0.02s]
[0m08:57:33.273302 [debug] [Thread-3 (]: On test.my_etl_project.not_null_stg_customers_customer_id.e2cfb1f9aa: Close
[0m08:57:33.273426 [debug] [Thread-1 (]: On test.my_etl_project.not_null_int_orders_customers_order_id.f3c169c800: Close
[0m08:57:33.273888 [debug] [Thread-4 (]: On test.my_etl_project.not_null_int_orders_customers_amount.363e63f97a: ROLLBACK
[0m08:57:33.274076 [debug] [Thread-2 (]: Finished running node test.my_etl_project.not_null_fct_sales_status.fb947e0b69
[0m08:57:33.274367 [info ] [Thread-3 (]: 12 of 37 PASS not_null_stg_customers_customer_id ............................... [[32mPASS[0m in 0.02s]
[0m08:57:33.274769 [debug] [Thread-2 (]: Began running node test.my_etl_project.not_null_stg_customers_region.dead58c348
[0m08:57:33.274568 [info ] [Thread-1 (]: 11 of 37 PASS not_null_int_orders_customers_order_id ........................... [[32mPASS[0m in 0.02s]
[0m08:57:33.274937 [debug] [Thread-4 (]: On test.my_etl_project.not_null_int_orders_customers_amount.363e63f97a: Close
[0m08:57:33.275129 [debug] [Thread-3 (]: Finished running node test.my_etl_project.not_null_stg_customers_customer_id.e2cfb1f9aa
[0m08:57:33.275262 [info ] [Thread-2 (]: 13 of 37 START test not_null_stg_customers_region .............................. [RUN]
[0m08:57:33.275442 [debug] [Thread-1 (]: Finished running node test.my_etl_project.not_null_int_orders_customers_order_id.f3c169c800
[0m08:57:33.275762 [debug] [Thread-3 (]: Began running node test.my_etl_project.not_null_stg_customers_segment.54e04798f3
[0m08:57:33.275644 [info ] [Thread-4 (]: 10 of 37 PASS not_null_int_orders_customers_amount ............................. [[32mPASS[0m in 0.02s]
[0m08:57:33.275947 [debug] [Thread-2 (]: Re-using an available connection from the pool (formerly test.my_etl_project.not_null_fct_sales_status.fb947e0b69, now test.my_etl_project.not_null_stg_customers_region.dead58c348)
[0m08:57:33.276082 [debug] [Thread-1 (]: Began running node test.my_etl_project.not_null_stg_orders_amount.2546645448
[0m08:57:33.276214 [info ] [Thread-3 (]: 14 of 37 START test not_null_stg_customers_segment ............................. [RUN]
[0m08:57:33.276397 [debug] [Thread-4 (]: Finished running node test.my_etl_project.not_null_int_orders_customers_amount.363e63f97a
[0m08:57:33.276517 [debug] [Thread-2 (]: Began compiling node test.my_etl_project.not_null_stg_customers_region.dead58c348
[0m08:57:33.276639 [info ] [Thread-1 (]: 15 of 37 START test not_null_stg_orders_amount ................................. [RUN]
[0m08:57:33.276822 [debug] [Thread-3 (]: Re-using an available connection from the pool (formerly test.my_etl_project.not_null_stg_customers_customer_id.e2cfb1f9aa, now test.my_etl_project.not_null_stg_customers_segment.54e04798f3)
[0m08:57:33.276980 [debug] [Thread-4 (]: Began running node test.my_etl_project.not_null_stg_orders_customer_id.af79d5e4b5
[0m08:57:33.278833 [debug] [Thread-2 (]: Writing injected SQL for node "test.my_etl_project.not_null_stg_customers_region.dead58c348"
[0m08:57:33.279005 [debug] [Thread-1 (]: Re-using an available connection from the pool (formerly test.my_etl_project.not_null_int_orders_customers_order_id.f3c169c800, now test.my_etl_project.not_null_stg_orders_amount.2546645448)
[0m08:57:33.279126 [debug] [Thread-3 (]: Began compiling node test.my_etl_project.not_null_stg_customers_segment.54e04798f3
[0m08:57:33.279251 [info ] [Thread-4 (]: 16 of 37 START test not_null_stg_orders_customer_id ............................ [RUN]
[0m08:57:33.279509 [debug] [Thread-1 (]: Began compiling node test.my_etl_project.not_null_stg_orders_amount.2546645448
[0m08:57:33.280867 [debug] [Thread-3 (]: Writing injected SQL for node "test.my_etl_project.not_null_stg_customers_segment.54e04798f3"
[0m08:57:33.281078 [debug] [Thread-4 (]: Re-using an available connection from the pool (formerly test.my_etl_project.not_null_int_orders_customers_amount.363e63f97a, now test.my_etl_project.not_null_stg_orders_customer_id.af79d5e4b5)
[0m08:57:33.282885 [debug] [Thread-1 (]: Writing injected SQL for node "test.my_etl_project.not_null_stg_orders_amount.2546645448"
[0m08:57:33.283115 [debug] [Thread-2 (]: Began executing node test.my_etl_project.not_null_stg_customers_region.dead58c348
[0m08:57:33.283333 [debug] [Thread-4 (]: Began compiling node test.my_etl_project.not_null_stg_orders_customer_id.af79d5e4b5
[0m08:57:33.284518 [debug] [Thread-2 (]: Writing runtime sql for node "test.my_etl_project.not_null_stg_customers_region.dead58c348"
[0m08:57:33.287428 [debug] [Thread-4 (]: Writing injected SQL for node "test.my_etl_project.not_null_stg_orders_customer_id.af79d5e4b5"
[0m08:57:33.287598 [debug] [Thread-3 (]: Began executing node test.my_etl_project.not_null_stg_customers_segment.54e04798f3
[0m08:57:33.287796 [debug] [Thread-1 (]: Began executing node test.my_etl_project.not_null_stg_orders_amount.2546645448
[0m08:57:33.288684 [debug] [Thread-3 (]: Writing runtime sql for node "test.my_etl_project.not_null_stg_customers_segment.54e04798f3"
[0m08:57:33.289596 [debug] [Thread-1 (]: Writing runtime sql for node "test.my_etl_project.not_null_stg_orders_amount.2546645448"
[0m08:57:33.290077 [debug] [Thread-4 (]: Began executing node test.my_etl_project.not_null_stg_orders_customer_id.af79d5e4b5
[0m08:57:33.290240 [debug] [Thread-2 (]: Using postgres connection "test.my_etl_project.not_null_stg_customers_region.dead58c348"
[0m08:57:33.291112 [debug] [Thread-4 (]: Writing runtime sql for node "test.my_etl_project.not_null_stg_orders_customer_id.af79d5e4b5"
[0m08:57:33.291250 [debug] [Thread-1 (]: Using postgres connection "test.my_etl_project.not_null_stg_orders_amount.2546645448"
[0m08:57:33.291392 [debug] [Thread-2 (]: On test.my_etl_project.not_null_stg_customers_region.dead58c348: /* {"app": "dbt", "dbt_version": "1.11.7", "profile_name": "my_etl_project", "target_name": "dev", "node_id": "test.my_etl_project.not_null_stg_customers_region.dead58c348"} */

    
    select
      count(*) as failures,
      count(*) != 0 as should_warn,
      count(*) != 0 as should_error
    from (
      
    
  
    
    



select region
from "my_etl_db"."main"."stg_customers"
where region is null



  
  
      
    ) dbt_internal_test
[0m08:57:33.291677 [debug] [Thread-3 (]: Using postgres connection "test.my_etl_project.not_null_stg_customers_segment.54e04798f3"
[0m08:57:33.292005 [debug] [Thread-1 (]: On test.my_etl_project.not_null_stg_orders_amount.2546645448: /* {"app": "dbt", "dbt_version": "1.11.7", "profile_name": "my_etl_project", "target_name": "dev", "node_id": "test.my_etl_project.not_null_stg_orders_amount.2546645448"} */

    
    select
      count(*) as failures,
      count(*) != 0 as should_warn,
      count(*) != 0 as should_error
    from (
      
    
  
    
    



select amount
from "my_etl_db"."main"."stg_orders"
where amount is null



  
  
      
    ) dbt_internal_test
[0m08:57:33.292174 [debug] [Thread-2 (]: Opening a new connection, currently in state closed
[0m08:57:33.292324 [debug] [Thread-4 (]: Using postgres connection "test.my_etl_project.not_null_stg_orders_customer_id.af79d5e4b5"
[0m08:57:33.292457 [debug] [Thread-3 (]: On test.my_etl_project.not_null_stg_customers_segment.54e04798f3: /* {"app": "dbt", "dbt_version": "1.11.7", "profile_name": "my_etl_project", "target_name": "dev", "node_id": "test.my_etl_project.not_null_stg_customers_segment.54e04798f3"} */

    
    select
      count(*) as failures,
      count(*) != 0 as should_warn,
      count(*) != 0 as should_error
    from (
      
    
  
    
    



select segment
from "my_etl_db"."main"."stg_customers"
where segment is null



  
  
      
    ) dbt_internal_test
[0m08:57:33.292584 [debug] [Thread-1 (]: Opening a new connection, currently in state closed
[0m08:57:33.292771 [debug] [Thread-4 (]: On test.my_etl_project.not_null_stg_orders_customer_id.af79d5e4b5: /* {"app": "dbt", "dbt_version": "1.11.7", "profile_name": "my_etl_project", "target_name": "dev", "node_id": "test.my_etl_project.not_null_stg_orders_customer_id.af79d5e4b5"} */

    
    select
      count(*) as failures,
      count(*) != 0 as should_warn,
      count(*) != 0 as should_error
    from (
      
    
  
    
    



select customer_id
from "my_etl_db"."main"."stg_orders"
where customer_id is null



  
  
      
    ) dbt_internal_test
[0m08:57:33.292908 [debug] [Thread-3 (]: Opening a new connection, currently in state closed
[0m08:57:33.293076 [debug] [Thread-4 (]: Opening a new connection, currently in state closed
[0m08:57:33.298881 [debug] [Thread-2 (]: SQL status: SELECT 1 in 0.007 seconds
[0m08:57:33.299516 [debug] [Thread-2 (]: On test.my_etl_project.not_null_stg_customers_region.dead58c348: ROLLBACK
[0m08:57:33.299654 [debug] [Thread-1 (]: SQL status: SELECT 1 in 0.007 seconds
[0m08:57:33.299794 [debug] [Thread-3 (]: SQL status: SELECT 1 in 0.007 seconds
[0m08:57:33.300315 [debug] [Thread-1 (]: On test.my_etl_project.not_null_stg_orders_amount.2546645448: ROLLBACK
[0m08:57:33.300436 [debug] [Thread-2 (]: On test.my_etl_project.not_null_stg_customers_region.dead58c348: Close
[0m08:57:33.300858 [debug] [Thread-3 (]: On test.my_etl_project.not_null_stg_customers_segment.54e04798f3: ROLLBACK
[0m08:57:33.301114 [info ] [Thread-2 (]: 13 of 37 PASS not_null_stg_customers_region .................................... [[32mPASS[0m in 0.03s]
[0m08:57:33.301307 [debug] [Thread-1 (]: On test.my_etl_project.not_null_stg_orders_amount.2546645448: Close
[0m08:57:33.301432 [debug] [Thread-3 (]: On test.my_etl_project.not_null_stg_customers_segment.54e04798f3: Close
[0m08:57:33.301618 [debug] [Thread-2 (]: Finished running node test.my_etl_project.not_null_stg_customers_region.dead58c348
[0m08:57:33.301739 [debug] [Thread-4 (]: SQL status: SELECT 1 in 0.009 seconds
[0m08:57:33.301930 [info ] [Thread-1 (]: 15 of 37 PASS not_null_stg_orders_amount ....................................... [[32mPASS[0m in 0.02s]
[0m08:57:33.302142 [info ] [Thread-3 (]: 14 of 37 PASS not_null_stg_customers_segment ................................... [[32mPASS[0m in 0.03s]
[0m08:57:33.302303 [debug] [Thread-2 (]: Began running node test.my_etl_project.not_null_stg_orders_order_id.81cfe2fe64
[0m08:57:33.302775 [debug] [Thread-4 (]: On test.my_etl_project.not_null_stg_orders_customer_id.af79d5e4b5: ROLLBACK
[0m08:57:33.302964 [debug] [Thread-1 (]: Finished running node test.my_etl_project.not_null_stg_orders_amount.2546645448
[0m08:57:33.303138 [debug] [Thread-3 (]: Finished running node test.my_etl_project.not_null_stg_customers_segment.54e04798f3
[0m08:57:33.303273 [info ] [Thread-2 (]: 17 of 37 START test not_null_stg_orders_order_id ............................... [RUN]
[0m08:57:33.303439 [debug] [Thread-1 (]: Began running node test.my_etl_project.not_null_stg_orders_status.2b01eecbd6
[0m08:57:33.303560 [debug] [Thread-4 (]: On test.my_etl_project.not_null_stg_orders_customer_id.af79d5e4b5: Close
[0m08:57:33.303686 [debug] [Thread-3 (]: Began running node test.my_etl_project.not_null_stg_products_price_usd.1377dfd511
[0m08:57:33.303839 [debug] [Thread-2 (]: Re-using an available connection from the pool (formerly test.my_etl_project.not_null_stg_customers_region.dead58c348, now test.my_etl_project.not_null_stg_orders_order_id.81cfe2fe64)
[0m08:57:33.303969 [info ] [Thread-1 (]: 18 of 37 START test not_null_stg_orders_status ................................. [RUN]
[0m08:57:33.304163 [info ] [Thread-4 (]: 16 of 37 PASS not_null_stg_orders_customer_id .................................. [[32mPASS[0m in 0.02s]
[0m08:57:33.304263 [info ] [Thread-3 (]: 19 of 37 START test not_null_stg_products_price_usd ............................ [RUN]
[0m08:57:33.304442 [debug] [Thread-2 (]: Began compiling node test.my_etl_project.not_null_stg_orders_order_id.81cfe2fe64
[0m08:57:33.304590 [debug] [Thread-1 (]: Re-using an available connection from the pool (formerly test.my_etl_project.not_null_stg_orders_amount.2546645448, now test.my_etl_project.not_null_stg_orders_status.2b01eecbd6)
[0m08:57:33.304756 [debug] [Thread-4 (]: Finished running node test.my_etl_project.not_null_stg_orders_customer_id.af79d5e4b5
[0m08:57:33.304880 [debug] [Thread-3 (]: Re-using an available connection from the pool (formerly test.my_etl_project.not_null_stg_customers_segment.54e04798f3, now test.my_etl_project.not_null_stg_products_price_usd.1377dfd511)
[0m08:57:33.306498 [debug] [Thread-2 (]: Writing injected SQL for node "test.my_etl_project.not_null_stg_orders_order_id.81cfe2fe64"
[0m08:57:33.306682 [debug] [Thread-1 (]: Began compiling node test.my_etl_project.not_null_stg_orders_status.2b01eecbd6
[0m08:57:33.306830 [debug] [Thread-4 (]: Began running node test.my_etl_project.not_null_stg_products_product_id.6373b0acf3
[0m08:57:33.307114 [debug] [Thread-3 (]: Began compiling node test.my_etl_project.not_null_stg_products_price_usd.1377dfd511
[0m08:57:33.308662 [debug] [Thread-1 (]: Writing injected SQL for node "test.my_etl_project.not_null_stg_orders_status.2b01eecbd6"
[0m08:57:33.308827 [info ] [Thread-4 (]: 20 of 37 START test not_null_stg_products_product_id ........................... [RUN]
[0m08:57:33.310199 [debug] [Thread-3 (]: Writing injected SQL for node "test.my_etl_project.not_null_stg_products_price_usd.1377dfd511"
[0m08:57:33.310340 [debug] [Thread-2 (]: Began executing node test.my_etl_project.not_null_stg_orders_order_id.81cfe2fe64
[0m08:57:33.310530 [debug] [Thread-4 (]: Re-using an available connection from the pool (formerly test.my_etl_project.not_null_stg_orders_customer_id.af79d5e4b5, now test.my_etl_project.not_null_stg_products_product_id.6373b0acf3)
[0m08:57:33.311383 [debug] [Thread-2 (]: Writing runtime sql for node "test.my_etl_project.not_null_stg_orders_order_id.81cfe2fe64"
[0m08:57:33.311530 [debug] [Thread-1 (]: Began executing node test.my_etl_project.not_null_stg_orders_status.2b01eecbd6
[0m08:57:33.311645 [debug] [Thread-4 (]: Began compiling node test.my_etl_project.not_null_stg_products_product_id.6373b0acf3
[0m08:57:33.311817 [debug] [Thread-3 (]: Began executing node test.my_etl_project.not_null_stg_products_price_usd.1377dfd511
[0m08:57:33.312655 [debug] [Thread-1 (]: Writing runtime sql for node "test.my_etl_project.not_null_stg_orders_status.2b01eecbd6"
[0m08:57:33.313924 [debug] [Thread-4 (]: Writing injected SQL for node "test.my_etl_project.not_null_stg_products_product_id.6373b0acf3"
[0m08:57:33.314072 [debug] [Thread-2 (]: Using postgres connection "test.my_etl_project.not_null_stg_orders_order_id.81cfe2fe64"
[0m08:57:33.314863 [debug] [Thread-3 (]: Writing runtime sql for node "test.my_etl_project.not_null_stg_products_price_usd.1377dfd511"
[0m08:57:33.315166 [debug] [Thread-2 (]: On test.my_etl_project.not_null_stg_orders_order_id.81cfe2fe64: /* {"app": "dbt", "dbt_version": "1.11.7", "profile_name": "my_etl_project", "target_name": "dev", "node_id": "test.my_etl_project.not_null_stg_orders_order_id.81cfe2fe64"} */

    
    select
      count(*) as failures,
      count(*) != 0 as should_warn,
      count(*) != 0 as should_error
    from (
      
    
  
    
    



select order_id
from "my_etl_db"."main"."stg_orders"
where order_id is null



  
  
      
    ) dbt_internal_test
[0m08:57:33.315517 [debug] [Thread-1 (]: Using postgres connection "test.my_etl_project.not_null_stg_orders_status.2b01eecbd6"
[0m08:57:33.315674 [debug] [Thread-4 (]: Began executing node test.my_etl_project.not_null_stg_products_product_id.6373b0acf3
[0m08:57:33.315800 [debug] [Thread-2 (]: Opening a new connection, currently in state closed
[0m08:57:33.315945 [debug] [Thread-1 (]: On test.my_etl_project.not_null_stg_orders_status.2b01eecbd6: /* {"app": "dbt", "dbt_version": "1.11.7", "profile_name": "my_etl_project", "target_name": "dev", "node_id": "test.my_etl_project.not_null_stg_orders_status.2b01eecbd6"} */

    
    select
      count(*) as failures,
      count(*) != 0 as should_warn,
      count(*) != 0 as should_error
    from (
      
    
  
    
    



select status
from "my_etl_db"."main"."stg_orders"
where status is null



  
  
      
    ) dbt_internal_test
[0m08:57:33.318004 [debug] [Thread-4 (]: Writing runtime sql for node "test.my_etl_project.not_null_stg_products_product_id.6373b0acf3"
[0m08:57:33.318150 [debug] [Thread-3 (]: Using postgres connection "test.my_etl_project.not_null_stg_products_price_usd.1377dfd511"
[0m08:57:33.318327 [debug] [Thread-1 (]: Opening a new connection, currently in state closed
[0m08:57:33.318490 [debug] [Thread-3 (]: On test.my_etl_project.not_null_stg_products_price_usd.1377dfd511: /* {"app": "dbt", "dbt_version": "1.11.7", "profile_name": "my_etl_project", "target_name": "dev", "node_id": "test.my_etl_project.not_null_stg_products_price_usd.1377dfd511"} */

    
    select
      count(*) as failures,
      count(*) != 0 as should_warn,
      count(*) != 0 as should_error
    from (
      
    
  
    
    



select price_usd
from "my_etl_db"."main"."stg_products"
where price_usd is null



  
  
      
    ) dbt_internal_test
[0m08:57:33.318709 [debug] [Thread-3 (]: Opening a new connection, currently in state closed
[0m08:57:33.318868 [debug] [Thread-4 (]: Using postgres connection "test.my_etl_project.not_null_stg_products_product_id.6373b0acf3"
[0m08:57:33.319047 [debug] [Thread-4 (]: On test.my_etl_project.not_null_stg_products_product_id.6373b0acf3: /* {"app": "dbt", "dbt_version": "1.11.7", "profile_name": "my_etl_project", "target_name": "dev", "node_id": "test.my_etl_project.not_null_stg_products_product_id.6373b0acf3"} */

    
    select
      count(*) as failures,
      count(*) != 0 as should_warn,
      count(*) != 0 as should_error
    from (
      
    
  
    
    



select product_id
from "my_etl_db"."main"."stg_products"
where product_id is null



  
  
      
    ) dbt_internal_test
[0m08:57:33.319177 [debug] [Thread-4 (]: Opening a new connection, currently in state closed
[0m08:57:33.324155 [debug] [Thread-2 (]: SQL status: SELECT 1 in 0.008 seconds
[0m08:57:33.324869 [debug] [Thread-2 (]: On test.my_etl_project.not_null_stg_orders_order_id.81cfe2fe64: ROLLBACK
[0m08:57:33.325011 [debug] [Thread-1 (]: SQL status: SELECT 1 in 0.007 seconds
[0m08:57:33.325456 [debug] [Thread-1 (]: On test.my_etl_project.not_null_stg_orders_status.2b01eecbd6: ROLLBACK
[0m08:57:33.325584 [debug] [Thread-2 (]: On test.my_etl_project.not_null_stg_orders_order_id.81cfe2fe64: Close
[0m08:57:33.325951 [debug] [Thread-1 (]: On test.my_etl_project.not_null_stg_orders_status.2b01eecbd6: Close
[0m08:57:33.325852 [info ] [Thread-2 (]: 17 of 37 PASS not_null_stg_orders_order_id ..................................... [[32mPASS[0m in 0.02s]
[0m08:57:33.326372 [debug] [Thread-2 (]: Finished running node test.my_etl_project.not_null_stg_orders_order_id.81cfe2fe64
[0m08:57:33.326214 [info ] [Thread-1 (]: 18 of 37 PASS not_null_stg_orders_status ....................................... [[32mPASS[0m in 0.02s]
[0m08:57:33.326557 [debug] [Thread-2 (]: Began running node test.my_etl_project.positive_values_fct_sales_amount.12d23854c3
[0m08:57:33.326782 [debug] [Thread-1 (]: Finished running node test.my_etl_project.not_null_stg_orders_status.2b01eecbd6
[0m08:57:33.326913 [info ] [Thread-2 (]: 21 of 37 START test positive_values_fct_sales_amount ........................... [RUN]
[0m08:57:33.327056 [debug] [Thread-1 (]: Began running node test.my_etl_project.positive_values_stg_orders_amount.5ee405780e
[0m08:57:33.327207 [debug] [Thread-2 (]: Re-using an available connection from the pool (formerly test.my_etl_project.not_null_stg_orders_order_id.81cfe2fe64, now test.my_etl_project.positive_values_fct_sales_amount.12d23854c3)
[0m08:57:33.327456 [debug] [Thread-2 (]: Began compiling node test.my_etl_project.positive_values_fct_sales_amount.12d23854c3
[0m08:57:33.327340 [info ] [Thread-1 (]: 22 of 37 START test positive_values_stg_orders_amount .......................... [RUN]
[0m08:57:33.329313 [debug] [Thread-2 (]: Writing injected SQL for node "test.my_etl_project.positive_values_fct_sales_amount.12d23854c3"
[0m08:57:33.329496 [debug] [Thread-1 (]: Re-using an available connection from the pool (formerly test.my_etl_project.not_null_stg_orders_status.2b01eecbd6, now test.my_etl_project.positive_values_stg_orders_amount.5ee405780e)
[0m08:57:33.329651 [debug] [Thread-1 (]: Began compiling node test.my_etl_project.positive_values_stg_orders_amount.5ee405780e
[0m08:57:33.331099 [debug] [Thread-1 (]: Writing injected SQL for node "test.my_etl_project.positive_values_stg_orders_amount.5ee405780e"
[0m08:57:33.331240 [debug] [Thread-4 (]: SQL status: SELECT 1 in 0.012 seconds
[0m08:57:33.331364 [debug] [Thread-3 (]: SQL status: SELECT 1 in 0.013 seconds
[0m08:57:33.331484 [debug] [Thread-2 (]: Began executing node test.my_etl_project.positive_values_fct_sales_amount.12d23854c3
[0m08:57:33.332010 [debug] [Thread-4 (]: On test.my_etl_project.not_null_stg_products_product_id.6373b0acf3: ROLLBACK
[0m08:57:33.332449 [debug] [Thread-3 (]: On test.my_etl_project.not_null_stg_products_price_usd.1377dfd511: ROLLBACK
[0m08:57:33.333386 [debug] [Thread-2 (]: Writing runtime sql for node "test.my_etl_project.positive_values_fct_sales_amount.12d23854c3"
[0m08:57:33.333523 [debug] [Thread-1 (]: Began executing node test.my_etl_project.positive_values_stg_orders_amount.5ee405780e
[0m08:57:33.334406 [debug] [Thread-1 (]: Writing runtime sql for node "test.my_etl_project.positive_values_stg_orders_amount.5ee405780e"
[0m08:57:33.334533 [debug] [Thread-3 (]: On test.my_etl_project.not_null_stg_products_price_usd.1377dfd511: Close
[0m08:57:33.334643 [debug] [Thread-4 (]: On test.my_etl_project.not_null_stg_products_product_id.6373b0acf3: Close
[0m08:57:33.334863 [debug] [Thread-2 (]: Using postgres connection "test.my_etl_project.positive_values_fct_sales_amount.12d23854c3"
[0m08:57:33.335062 [info ] [Thread-3 (]: 19 of 37 PASS not_null_stg_products_price_usd .................................. [[32mPASS[0m in 0.03s]
[0m08:57:33.335278 [info ] [Thread-4 (]: 20 of 37 PASS not_null_stg_products_product_id ................................. [[32mPASS[0m in 0.02s]
[0m08:57:33.335428 [debug] [Thread-2 (]: On test.my_etl_project.positive_values_fct_sales_amount.12d23854c3: /* {"app": "dbt", "dbt_version": "1.11.7", "profile_name": "my_etl_project", "target_name": "dev", "node_id": "test.my_etl_project.positive_values_fct_sales_amount.12d23854c3"} */

    
    select
      count(*) as failures,
      count(*) != 0 as should_warn,
      count(*) != 0 as should_error
    from (
      
    
  

SELECT *
FROM "my_etl_db"."main_analytics"."fct_sales"
WHERE amount <= 0
  AND amount IS NOT NULL


  
  
      
    ) dbt_internal_test
[0m08:57:33.335578 [debug] [Thread-1 (]: Using postgres connection "test.my_etl_project.positive_values_stg_orders_amount.5ee405780e"
[0m08:57:33.335776 [debug] [Thread-3 (]: Finished running node test.my_etl_project.not_null_stg_products_price_usd.1377dfd511
[0m08:57:33.335969 [debug] [Thread-4 (]: Finished running node test.my_etl_project.not_null_stg_products_product_id.6373b0acf3
[0m08:57:33.336127 [debug] [Thread-2 (]: Opening a new connection, currently in state closed
[0m08:57:33.336274 [debug] [Thread-1 (]: On test.my_etl_project.positive_values_stg_orders_amount.5ee405780e: /* {"app": "dbt", "dbt_version": "1.11.7", "profile_name": "my_etl_project", "target_name": "dev", "node_id": "test.my_etl_project.positive_values_stg_orders_amount.5ee405780e"} */

    
    select
      count(*) as failures,
      count(*) != 0 as should_warn,
      count(*) != 0 as should_error
    from (
      
    
  

SELECT *
FROM "my_etl_db"."main"."stg_orders"
WHERE amount <= 0
  AND amount IS NOT NULL


  
  
      
    ) dbt_internal_test
[0m08:57:33.336436 [debug] [Thread-3 (]: Began running node test.my_etl_project.positive_values_stg_products_price_usd.24ebdc0599
[0m08:57:33.336607 [debug] [Thread-4 (]: Began running node test.my_etl_project.relationships_stg_orders_customer_id__customer_id__ref_stg_customers_.430bf21500
[0m08:57:33.336798 [debug] [Thread-1 (]: Opening a new connection, currently in state closed
[0m08:57:33.336930 [info ] [Thread-3 (]: 23 of 37 START test positive_values_stg_products_price_usd ..................... [RUN]
[0m08:57:33.337056 [info ] [Thread-4 (]: 24 of 37 START test relationships_stg_orders_customer_id__customer_id__ref_stg_customers_  [RUN]
[0m08:57:33.337402 [debug] [Thread-3 (]: Re-using an available connection from the pool (formerly test.my_etl_project.not_null_stg_products_price_usd.1377dfd511, now test.my_etl_project.positive_values_stg_products_price_usd.24ebdc0599)
[0m08:57:33.337587 [debug] [Thread-4 (]: Re-using an available connection from the pool (formerly test.my_etl_project.not_null_stg_products_product_id.6373b0acf3, now test.my_etl_project.relationships_stg_orders_customer_id__customer_id__ref_stg_customers_.430bf21500)
[0m08:57:33.337765 [debug] [Thread-3 (]: Began compiling node test.my_etl_project.positive_values_stg_products_price_usd.24ebdc0599
[0m08:57:33.337896 [debug] [Thread-4 (]: Began compiling node test.my_etl_project.relationships_stg_orders_customer_id__customer_id__ref_stg_customers_.430bf21500
[0m08:57:33.339329 [debug] [Thread-3 (]: Writing injected SQL for node "test.my_etl_project.positive_values_stg_products_price_usd.24ebdc0599"
[0m08:57:33.342269 [debug] [Thread-4 (]: Writing injected SQL for node "test.my_etl_project.relationships_stg_orders_customer_id__customer_id__ref_stg_customers_.430bf21500"
[0m08:57:33.342648 [debug] [Thread-3 (]: Began executing node test.my_etl_project.positive_values_stg_products_price_usd.24ebdc0599
[0m08:57:33.342772 [debug] [Thread-4 (]: Began executing node test.my_etl_project.relationships_stg_orders_customer_id__customer_id__ref_stg_customers_.430bf21500
[0m08:57:33.343728 [debug] [Thread-3 (]: Writing runtime sql for node "test.my_etl_project.positive_values_stg_products_price_usd.24ebdc0599"
[0m08:57:33.343883 [debug] [Thread-2 (]: SQL status: SELECT 1 in 0.008 seconds
[0m08:57:33.344005 [debug] [Thread-1 (]: SQL status: SELECT 1 in 0.007 seconds
[0m08:57:33.344835 [debug] [Thread-4 (]: Writing runtime sql for node "test.my_etl_project.relationships_stg_orders_customer_id__customer_id__ref_stg_customers_.430bf21500"
[0m08:57:33.345436 [debug] [Thread-2 (]: On test.my_etl_project.positive_values_fct_sales_amount.12d23854c3: ROLLBACK
[0m08:57:33.345901 [debug] [Thread-1 (]: On test.my_etl_project.positive_values_stg_orders_amount.5ee405780e: ROLLBACK
[0m08:57:33.346052 [debug] [Thread-3 (]: Using postgres connection "test.my_etl_project.positive_values_stg_products_price_usd.24ebdc0599"
[0m08:57:33.346245 [debug] [Thread-3 (]: On test.my_etl_project.positive_values_stg_products_price_usd.24ebdc0599: /* {"app": "dbt", "dbt_version": "1.11.7", "profile_name": "my_etl_project", "target_name": "dev", "node_id": "test.my_etl_project.positive_values_stg_products_price_usd.24ebdc0599"} */

    
    select
      count(*) as failures,
      count(*) != 0 as should_warn,
      count(*) != 0 as should_error
    from (
      
    
  

SELECT *
FROM "my_etl_db"."main"."stg_products"
WHERE price_usd <= 0
  AND price_usd IS NOT NULL


  
  
      
    ) dbt_internal_test
[0m08:57:33.346377 [debug] [Thread-1 (]: On test.my_etl_project.positive_values_stg_orders_amount.5ee405780e: Close
[0m08:57:33.346488 [debug] [Thread-2 (]: On test.my_etl_project.positive_values_fct_sales_amount.12d23854c3: Close
[0m08:57:33.346618 [debug] [Thread-3 (]: Opening a new connection, currently in state closed
[0m08:57:33.346749 [debug] [Thread-4 (]: Using postgres connection "test.my_etl_project.relationships_stg_orders_customer_id__customer_id__ref_stg_customers_.430bf21500"
[0m08:57:33.346962 [info ] [Thread-1 (]: 22 of 37 PASS positive_values_stg_orders_amount ................................ [[32mPASS[0m in 0.02s]
[0m08:57:33.347122 [info ] [Thread-2 (]: 21 of 37 PASS positive_values_fct_sales_amount ................................. [[32mPASS[0m in 0.02s]
[0m08:57:33.347387 [debug] [Thread-4 (]: On test.my_etl_project.relationships_stg_orders_customer_id__customer_id__ref_stg_customers_.430bf21500: /* {"app": "dbt", "dbt_version": "1.11.7", "profile_name": "my_etl_project", "target_name": "dev", "node_id": "test.my_etl_project.relationships_stg_orders_customer_id__customer_id__ref_stg_customers_.430bf21500"} */

    
    select
      count(*) as failures,
      count(*) != 0 as should_warn,
      count(*) != 0 as should_error
    from (
      
    
  
    
    

with child as (
    select customer_id as from_field
    from "my_etl_db"."main"."stg_orders"
    where customer_id is not null
),

parent as (
    select customer_id as to_field
    from "my_etl_db"."main"."stg_customers"
)

select
    from_field

from child
left join parent
    on child.from_field = parent.to_field

where parent.to_field is null



  
  
      
    ) dbt_internal_test
[0m08:57:33.347644 [debug] [Thread-1 (]: Finished running node test.my_etl_project.positive_values_stg_orders_amount.5ee405780e
[0m08:57:33.347823 [debug] [Thread-2 (]: Finished running node test.my_etl_project.positive_values_fct_sales_amount.12d23854c3
[0m08:57:33.347952 [debug] [Thread-4 (]: Opening a new connection, currently in state closed
[0m08:57:33.348102 [debug] [Thread-1 (]: Began running node test.my_etl_project.source_not_null_raw_raw_customers_customer_id.be576d1f05
[0m08:57:33.348278 [debug] [Thread-2 (]: Began running node test.my_etl_project.source_not_null_raw_raw_orders_customer_id.e85b23b048
[0m08:57:33.348477 [info ] [Thread-1 (]: 25 of 37 START test source_not_null_raw_raw_customers_customer_id .............. [RUN]
[0m08:57:33.348655 [info ] [Thread-2 (]: 26 of 37 START test source_not_null_raw_raw_orders_customer_id ................. [RUN]
[0m08:57:33.348824 [debug] [Thread-1 (]: Re-using an available connection from the pool (formerly test.my_etl_project.positive_values_stg_orders_amount.5ee405780e, now test.my_etl_project.source_not_null_raw_raw_customers_customer_id.be576d1f05)
[0m08:57:33.348963 [debug] [Thread-2 (]: Re-using an available connection from the pool (formerly test.my_etl_project.positive_values_fct_sales_amount.12d23854c3, now test.my_etl_project.source_not_null_raw_raw_orders_customer_id.e85b23b048)
[0m08:57:33.349179 [debug] [Thread-1 (]: Began compiling node test.my_etl_project.source_not_null_raw_raw_customers_customer_id.be576d1f05
[0m08:57:33.349306 [debug] [Thread-2 (]: Began compiling node test.my_etl_project.source_not_null_raw_raw_orders_customer_id.e85b23b048
[0m08:57:33.351174 [debug] [Thread-1 (]: Writing injected SQL for node "test.my_etl_project.source_not_null_raw_raw_customers_customer_id.be576d1f05"
[0m08:57:33.352650 [debug] [Thread-2 (]: Writing injected SQL for node "test.my_etl_project.source_not_null_raw_raw_orders_customer_id.e85b23b048"
[0m08:57:33.352796 [debug] [Thread-3 (]: SQL status: SELECT 1 in 0.006 seconds
[0m08:57:33.352924 [debug] [Thread-4 (]: SQL status: SELECT 1 in 0.005 seconds
[0m08:57:33.353527 [debug] [Thread-3 (]: On test.my_etl_project.positive_values_stg_products_price_usd.24ebdc0599: ROLLBACK
[0m08:57:33.355636 [debug] [Thread-4 (]: On test.my_etl_project.relationships_stg_orders_customer_id__customer_id__ref_stg_customers_.430bf21500: ROLLBACK
[0m08:57:33.355805 [debug] [Thread-2 (]: Began executing node test.my_etl_project.source_not_null_raw_raw_orders_customer_id.e85b23b048
[0m08:57:33.355926 [debug] [Thread-1 (]: Began executing node test.my_etl_project.source_not_null_raw_raw_customers_customer_id.be576d1f05
[0m08:57:33.356868 [debug] [Thread-2 (]: Writing runtime sql for node "test.my_etl_project.source_not_null_raw_raw_orders_customer_id.e85b23b048"
[0m08:57:33.357000 [debug] [Thread-4 (]: On test.my_etl_project.relationships_stg_orders_customer_id__customer_id__ref_stg_customers_.430bf21500: Close
[0m08:57:33.357119 [debug] [Thread-3 (]: On test.my_etl_project.positive_values_stg_products_price_usd.24ebdc0599: Close
[0m08:57:33.357909 [debug] [Thread-1 (]: Writing runtime sql for node "test.my_etl_project.source_not_null_raw_raw_customers_customer_id.be576d1f05"
[0m08:57:33.358187 [info ] [Thread-4 (]: 24 of 37 PASS relationships_stg_orders_customer_id__customer_id__ref_stg_customers_  [[32mPASS[0m in 0.02s]
[0m08:57:33.358591 [debug] [Thread-2 (]: Using postgres connection "test.my_etl_project.source_not_null_raw_raw_orders_customer_id.e85b23b048"
[0m08:57:33.358459 [info ] [Thread-3 (]: 23 of 37 PASS positive_values_stg_products_price_usd ........................... [[32mPASS[0m in 0.02s]
[0m08:57:33.358807 [debug] [Thread-4 (]: Finished running node test.my_etl_project.relationships_stg_orders_customer_id__customer_id__ref_stg_customers_.430bf21500
[0m08:57:33.358952 [debug] [Thread-2 (]: On test.my_etl_project.source_not_null_raw_raw_orders_customer_id.e85b23b048: /* {"app": "dbt", "dbt_version": "1.11.7", "profile_name": "my_etl_project", "target_name": "dev", "node_id": "test.my_etl_project.source_not_null_raw_raw_orders_customer_id.e85b23b048"} */

    
    select
      count(*) as failures,
      count(*) != 0 as should_warn,
      count(*) != 0 as should_error
    from (
      
    
  
    
    



select customer_id
from "my_etl_db"."main_raw_ingestion"."raw_orders"
where customer_id is null



  
  
      
    ) dbt_internal_test
[0m08:57:33.359503 [debug] [Thread-1 (]: Using postgres connection "test.my_etl_project.source_not_null_raw_raw_customers_customer_id.be576d1f05"
[0m08:57:33.359756 [debug] [Thread-3 (]: Finished running node test.my_etl_project.positive_values_stg_products_price_usd.24ebdc0599
[0m08:57:33.359912 [debug] [Thread-4 (]: Began running node test.my_etl_project.source_not_null_raw_raw_orders_order_id.c81aad1dcf
[0m08:57:33.360070 [debug] [Thread-2 (]: Opening a new connection, currently in state closed
[0m08:57:33.360211 [debug] [Thread-1 (]: On test.my_etl_project.source_not_null_raw_raw_customers_customer_id.be576d1f05: /* {"app": "dbt", "dbt_version": "1.11.7", "profile_name": "my_etl_project", "target_name": "dev", "node_id": "test.my_etl_project.source_not_null_raw_raw_customers_customer_id.be576d1f05"} */

    
    select
      count(*) as failures,
      count(*) != 0 as should_warn,
      count(*) != 0 as should_error
    from (
      
    
  
    
    



select customer_id
from "my_etl_db"."main_raw_ingestion"."raw_customers"
where customer_id is null



  
  
      
    ) dbt_internal_test
[0m08:57:33.360383 [debug] [Thread-3 (]: Began running node test.my_etl_project.source_not_null_raw_raw_products_product_id.ae924bb9c1
[0m08:57:33.360527 [info ] [Thread-4 (]: 27 of 37 START test source_not_null_raw_raw_orders_order_id .................... [RUN]
[0m08:57:33.360720 [debug] [Thread-1 (]: Opening a new connection, currently in state closed
[0m08:57:33.360843 [info ] [Thread-3 (]: 28 of 37 START test source_not_null_raw_raw_products_product_id ................ [RUN]
[0m08:57:33.361010 [debug] [Thread-4 (]: Re-using an available connection from the pool (formerly test.my_etl_project.relationships_stg_orders_customer_id__customer_id__ref_stg_customers_.430bf21500, now test.my_etl_project.source_not_null_raw_raw_orders_order_id.c81aad1dcf)
[0m08:57:33.361195 [debug] [Thread-3 (]: Re-using an available connection from the pool (formerly test.my_etl_project.positive_values_stg_products_price_usd.24ebdc0599, now test.my_etl_project.source_not_null_raw_raw_products_product_id.ae924bb9c1)
[0m08:57:33.361327 [debug] [Thread-4 (]: Began compiling node test.my_etl_project.source_not_null_raw_raw_orders_order_id.c81aad1dcf
[0m08:57:33.361452 [debug] [Thread-3 (]: Began compiling node test.my_etl_project.source_not_null_raw_raw_products_product_id.ae924bb9c1
[0m08:57:33.363111 [debug] [Thread-4 (]: Writing injected SQL for node "test.my_etl_project.source_not_null_raw_raw_orders_order_id.c81aad1dcf"
[0m08:57:33.364864 [debug] [Thread-3 (]: Writing injected SQL for node "test.my_etl_project.source_not_null_raw_raw_products_product_id.ae924bb9c1"
[0m08:57:33.365251 [debug] [Thread-4 (]: Began executing node test.my_etl_project.source_not_null_raw_raw_orders_order_id.c81aad1dcf
[0m08:57:33.366403 [debug] [Thread-4 (]: Writing runtime sql for node "test.my_etl_project.source_not_null_raw_raw_orders_order_id.c81aad1dcf"
[0m08:57:33.366595 [debug] [Thread-1 (]: SQL status: SELECT 1 in 0.006 seconds
[0m08:57:33.366745 [debug] [Thread-2 (]: SQL status: SELECT 1 in 0.007 seconds
[0m08:57:33.367349 [debug] [Thread-1 (]: On test.my_etl_project.source_not_null_raw_raw_customers_customer_id.be576d1f05: ROLLBACK
[0m08:57:33.367489 [debug] [Thread-3 (]: Began executing node test.my_etl_project.source_not_null_raw_raw_products_product_id.ae924bb9c1
[0m08:57:33.367946 [debug] [Thread-2 (]: On test.my_etl_project.source_not_null_raw_raw_orders_customer_id.e85b23b048: ROLLBACK
[0m08:57:33.368096 [debug] [Thread-4 (]: Using postgres connection "test.my_etl_project.source_not_null_raw_raw_orders_order_id.c81aad1dcf"
[0m08:57:33.368990 [debug] [Thread-3 (]: Writing runtime sql for node "test.my_etl_project.source_not_null_raw_raw_products_product_id.ae924bb9c1"
[0m08:57:33.369109 [debug] [Thread-1 (]: On test.my_etl_project.source_not_null_raw_raw_customers_customer_id.be576d1f05: Close
[0m08:57:33.369263 [debug] [Thread-4 (]: On test.my_etl_project.source_not_null_raw_raw_orders_order_id.c81aad1dcf: /* {"app": "dbt", "dbt_version": "1.11.7", "profile_name": "my_etl_project", "target_name": "dev", "node_id": "test.my_etl_project.source_not_null_raw_raw_orders_order_id.c81aad1dcf"} */

    
    select
      count(*) as failures,
      count(*) != 0 as should_warn,
      count(*) != 0 as should_error
    from (
      
    
  
    
    



select order_id
from "my_etl_db"."main_raw_ingestion"."raw_orders"
where order_id is null



  
  
      
    ) dbt_internal_test
[0m08:57:33.369405 [debug] [Thread-2 (]: On test.my_etl_project.source_not_null_raw_raw_orders_customer_id.e85b23b048: Close
[0m08:57:33.369738 [debug] [Thread-4 (]: Opening a new connection, currently in state closed
[0m08:57:33.369637 [info ] [Thread-1 (]: 25 of 37 PASS source_not_null_raw_raw_customers_customer_id .................... [[32mPASS[0m in 0.02s]
[0m08:57:33.370120 [debug] [Thread-3 (]: Using postgres connection "test.my_etl_project.source_not_null_raw_raw_products_product_id.ae924bb9c1"
[0m08:57:33.369969 [info ] [Thread-2 (]: 26 of 37 PASS source_not_null_raw_raw_orders_customer_id ....................... [[32mPASS[0m in 0.02s]
[0m08:57:33.370347 [debug] [Thread-1 (]: Finished running node test.my_etl_project.source_not_null_raw_raw_customers_customer_id.be576d1f05
[0m08:57:33.370493 [debug] [Thread-3 (]: On test.my_etl_project.source_not_null_raw_raw_products_product_id.ae924bb9c1: /* {"app": "dbt", "dbt_version": "1.11.7", "profile_name": "my_etl_project", "target_name": "dev", "node_id": "test.my_etl_project.source_not_null_raw_raw_products_product_id.ae924bb9c1"} */

    
    select
      count(*) as failures,
      count(*) != 0 as should_warn,
      count(*) != 0 as should_error
    from (
      
    
  
    
    



select product_id
from "my_etl_db"."main_raw_ingestion"."raw_products"
where product_id is null



  
  
      
    ) dbt_internal_test
[0m08:57:33.370672 [debug] [Thread-2 (]: Finished running node test.my_etl_project.source_not_null_raw_raw_orders_customer_id.e85b23b048
[0m08:57:33.370834 [debug] [Thread-1 (]: Began running node test.my_etl_project.source_unique_raw_raw_customers_customer_id.b79e6b4a34
[0m08:57:33.370982 [debug] [Thread-3 (]: Opening a new connection, currently in state closed
[0m08:57:33.371122 [debug] [Thread-2 (]: Began running node test.my_etl_project.source_unique_raw_raw_orders_order_id.2b32ac9945
[0m08:57:33.371264 [info ] [Thread-1 (]: 29 of 37 START test source_unique_raw_raw_customers_customer_id ................ [RUN]
[0m08:57:33.371451 [info ] [Thread-2 (]: 30 of 37 START test source_unique_raw_raw_orders_order_id ...................... [RUN]
[0m08:57:33.371613 [debug] [Thread-1 (]: Re-using an available connection from the pool (formerly test.my_etl_project.source_not_null_raw_raw_customers_customer_id.be576d1f05, now test.my_etl_project.source_unique_raw_raw_customers_customer_id.b79e6b4a34)
[0m08:57:33.371763 [debug] [Thread-2 (]: Re-using an available connection from the pool (formerly test.my_etl_project.source_not_null_raw_raw_orders_customer_id.e85b23b048, now test.my_etl_project.source_unique_raw_raw_orders_order_id.2b32ac9945)
[0m08:57:33.371891 [debug] [Thread-1 (]: Began compiling node test.my_etl_project.source_unique_raw_raw_customers_customer_id.b79e6b4a34
[0m08:57:33.372015 [debug] [Thread-2 (]: Began compiling node test.my_etl_project.source_unique_raw_raw_orders_order_id.2b32ac9945
[0m08:57:33.374658 [debug] [Thread-1 (]: Writing injected SQL for node "test.my_etl_project.source_unique_raw_raw_customers_customer_id.b79e6b4a34"
[0m08:57:33.376041 [debug] [Thread-2 (]: Writing injected SQL for node "test.my_etl_project.source_unique_raw_raw_orders_order_id.2b32ac9945"
[0m08:57:33.376182 [debug] [Thread-3 (]: SQL status: SELECT 1 in 0.005 seconds
[0m08:57:33.376303 [debug] [Thread-4 (]: SQL status: SELECT 1 in 0.007 seconds
[0m08:57:33.376872 [debug] [Thread-3 (]: On test.my_etl_project.source_not_null_raw_raw_products_product_id.ae924bb9c1: ROLLBACK
[0m08:57:33.377362 [debug] [Thread-4 (]: On test.my_etl_project.source_not_null_raw_raw_orders_order_id.c81aad1dcf: ROLLBACK
[0m08:57:33.377565 [debug] [Thread-2 (]: Began executing node test.my_etl_project.source_unique_raw_raw_orders_order_id.2b32ac9945
[0m08:57:33.377725 [debug] [Thread-1 (]: Began executing node test.my_etl_project.source_unique_raw_raw_customers_customer_id.b79e6b4a34
[0m08:57:33.377842 [debug] [Thread-3 (]: On test.my_etl_project.source_not_null_raw_raw_products_product_id.ae924bb9c1: Close
[0m08:57:33.378736 [debug] [Thread-2 (]: Writing runtime sql for node "test.my_etl_project.source_unique_raw_raw_orders_order_id.2b32ac9945"
[0m08:57:33.378865 [debug] [Thread-4 (]: On test.my_etl_project.source_not_null_raw_raw_orders_order_id.c81aad1dcf: Close
[0m08:57:33.379593 [debug] [Thread-1 (]: Writing runtime sql for node "test.my_etl_project.source_unique_raw_raw_customers_customer_id.b79e6b4a34"
[0m08:57:33.379920 [info ] [Thread-3 (]: 28 of 37 PASS source_not_null_raw_raw_products_product_id ...................... [[32mPASS[0m in 0.02s]
[0m08:57:33.380119 [info ] [Thread-4 (]: 27 of 37 PASS source_not_null_raw_raw_orders_order_id .......................... [[32mPASS[0m in 0.02s]
[0m08:57:33.380370 [debug] [Thread-3 (]: Finished running node test.my_etl_project.source_not_null_raw_raw_products_product_id.ae924bb9c1
[0m08:57:33.380514 [debug] [Thread-2 (]: Using postgres connection "test.my_etl_project.source_unique_raw_raw_orders_order_id.2b32ac9945"
[0m08:57:33.380705 [debug] [Thread-4 (]: Finished running node test.my_etl_project.source_not_null_raw_raw_orders_order_id.c81aad1dcf
[0m08:57:33.380847 [debug] [Thread-3 (]: Began running node test.my_etl_project.source_unique_raw_raw_products_product_id.7cefe963b6
[0m08:57:33.380975 [debug] [Thread-1 (]: Using postgres connection "test.my_etl_project.source_unique_raw_raw_customers_customer_id.b79e6b4a34"
[0m08:57:33.381130 [debug] [Thread-2 (]: On test.my_etl_project.source_unique_raw_raw_orders_order_id.2b32ac9945: /* {"app": "dbt", "dbt_version": "1.11.7", "profile_name": "my_etl_project", "target_name": "dev", "node_id": "test.my_etl_project.source_unique_raw_raw_orders_order_id.2b32ac9945"} */

    
    select
      count(*) as failures,
      count(*) != 0 as should_warn,
      count(*) != 0 as should_error
    from (
      
    
  
    
    

select
    order_id as unique_field,
    count(*) as n_records

from "my_etl_db"."main_raw_ingestion"."raw_orders"
where order_id is not null
group by order_id
having count(*) > 1



  
  
      
    ) dbt_internal_test
[0m08:57:33.381275 [debug] [Thread-4 (]: Began running node test.my_etl_project.unique_fct_sales_incremental_order_id.8822e17031
[0m08:57:33.381415 [info ] [Thread-3 (]: 31 of 37 START test source_unique_raw_raw_products_product_id .................. [RUN]
[0m08:57:33.381568 [debug] [Thread-1 (]: On test.my_etl_project.source_unique_raw_raw_customers_customer_id.b79e6b4a34: /* {"app": "dbt", "dbt_version": "1.11.7", "profile_name": "my_etl_project", "target_name": "dev", "node_id": "test.my_etl_project.source_unique_raw_raw_customers_customer_id.b79e6b4a34"} */

    
    select
      count(*) as failures,
      count(*) != 0 as should_warn,
      count(*) != 0 as should_error
    from (
      
    
  
    
    

select
    customer_id as unique_field,
    count(*) as n_records

from "my_etl_db"."main_raw_ingestion"."raw_customers"
where customer_id is not null
group by customer_id
having count(*) > 1



  
  
      
    ) dbt_internal_test
[0m08:57:33.381701 [debug] [Thread-2 (]: Opening a new connection, currently in state closed
[0m08:57:33.381826 [info ] [Thread-4 (]: 32 of 37 START test unique_fct_sales_incremental_order_id ...................... [RUN]
[0m08:57:33.381975 [debug] [Thread-3 (]: Re-using an available connection from the pool (formerly test.my_etl_project.source_not_null_raw_raw_products_product_id.ae924bb9c1, now test.my_etl_project.source_unique_raw_raw_products_product_id.7cefe963b6)
[0m08:57:33.382097 [debug] [Thread-1 (]: Opening a new connection, currently in state closed
[0m08:57:33.382271 [debug] [Thread-4 (]: Re-using an available connection from the pool (formerly test.my_etl_project.source_not_null_raw_raw_orders_order_id.c81aad1dcf, now test.my_etl_project.unique_fct_sales_incremental_order_id.8822e17031)
[0m08:57:33.382404 [debug] [Thread-3 (]: Began compiling node test.my_etl_project.source_unique_raw_raw_products_product_id.7cefe963b6
[0m08:57:33.382582 [debug] [Thread-4 (]: Began compiling node test.my_etl_project.unique_fct_sales_incremental_order_id.8822e17031
[0m08:57:33.385185 [debug] [Thread-3 (]: Writing injected SQL for node "test.my_etl_project.source_unique_raw_raw_products_product_id.7cefe963b6"
[0m08:57:33.386885 [debug] [Thread-4 (]: Writing injected SQL for node "test.my_etl_project.unique_fct_sales_incremental_order_id.8822e17031"
[0m08:57:33.387050 [debug] [Thread-2 (]: SQL status: SELECT 1 in 0.005 seconds
[0m08:57:33.387597 [debug] [Thread-2 (]: On test.my_etl_project.source_unique_raw_raw_orders_order_id.2b32ac9945: ROLLBACK
[0m08:57:33.387810 [debug] [Thread-3 (]: Began executing node test.my_etl_project.source_unique_raw_raw_products_product_id.7cefe963b6
[0m08:57:33.387932 [debug] [Thread-4 (]: Began executing node test.my_etl_project.unique_fct_sales_incremental_order_id.8822e17031
[0m08:57:33.388046 [debug] [Thread-2 (]: On test.my_etl_project.source_unique_raw_raw_orders_order_id.2b32ac9945: Close
[0m08:57:33.388886 [debug] [Thread-3 (]: Writing runtime sql for node "test.my_etl_project.source_unique_raw_raw_products_product_id.7cefe963b6"
[0m08:57:33.389006 [debug] [Thread-1 (]: SQL status: SELECT 1 in 0.007 seconds
[0m08:57:33.389735 [debug] [Thread-4 (]: Writing runtime sql for node "test.my_etl_project.unique_fct_sales_incremental_order_id.8822e17031"
[0m08:57:33.389933 [info ] [Thread-2 (]: 30 of 37 PASS source_unique_raw_raw_orders_order_id ............................ [[32mPASS[0m in 0.02s]
[0m08:57:33.390445 [debug] [Thread-1 (]: On test.my_etl_project.source_unique_raw_raw_customers_customer_id.b79e6b4a34: ROLLBACK
[0m08:57:33.390671 [debug] [Thread-2 (]: Finished running node test.my_etl_project.source_unique_raw_raw_orders_order_id.2b32ac9945
[0m08:57:33.390803 [debug] [Thread-3 (]: Using postgres connection "test.my_etl_project.source_unique_raw_raw_products_product_id.7cefe963b6"
[0m08:57:33.390970 [debug] [Thread-2 (]: Began running node test.my_etl_project.unique_fct_sales_order_id.cfa4f433c5
[0m08:57:33.391114 [debug] [Thread-4 (]: Using postgres connection "test.my_etl_project.unique_fct_sales_incremental_order_id.8822e17031"
[0m08:57:33.391228 [debug] [Thread-1 (]: On test.my_etl_project.source_unique_raw_raw_customers_customer_id.b79e6b4a34: Close
[0m08:57:33.391373 [debug] [Thread-3 (]: On test.my_etl_project.source_unique_raw_raw_products_product_id.7cefe963b6: /* {"app": "dbt", "dbt_version": "1.11.7", "profile_name": "my_etl_project", "target_name": "dev", "node_id": "test.my_etl_project.source_unique_raw_raw_products_product_id.7cefe963b6"} */

    
    select
      count(*) as failures,
      count(*) != 0 as should_warn,
      count(*) != 0 as should_error
    from (
      
    
  
    
    

select
    product_id as unique_field,
    count(*) as n_records

from "my_etl_db"."main_raw_ingestion"."raw_products"
where product_id is not null
group by product_id
having count(*) > 1



  
  
      
    ) dbt_internal_test
[0m08:57:33.391519 [info ] [Thread-2 (]: 33 of 37 START test unique_fct_sales_order_id .................................. [RUN]
[0m08:57:33.391744 [debug] [Thread-4 (]: On test.my_etl_project.unique_fct_sales_incremental_order_id.8822e17031: /* {"app": "dbt", "dbt_version": "1.11.7", "profile_name": "my_etl_project", "target_name": "dev", "node_id": "test.my_etl_project.unique_fct_sales_incremental_order_id.8822e17031"} */

    
    select
      count(*) as failures,
      count(*) != 0 as should_warn,
      count(*) != 0 as should_error
    from (
      
    
  
    
    

select
    order_id as unique_field,
    count(*) as n_records

from "my_etl_db"."main_analytics"."fct_sales_incremental"
where order_id is not null
group by order_id
having count(*) > 1



  
  
      
    ) dbt_internal_test
[0m08:57:33.392054 [debug] [Thread-3 (]: Opening a new connection, currently in state closed
[0m08:57:33.391954 [info ] [Thread-1 (]: 29 of 37 PASS source_unique_raw_raw_customers_customer_id ...................... [[32mPASS[0m in 0.02s]
[0m08:57:33.392222 [debug] [Thread-2 (]: Re-using an available connection from the pool (formerly test.my_etl_project.source_unique_raw_raw_orders_order_id.2b32ac9945, now test.my_etl_project.unique_fct_sales_order_id.cfa4f433c5)
[0m08:57:33.392346 [debug] [Thread-4 (]: Opening a new connection, currently in state closed
[0m08:57:33.392569 [debug] [Thread-1 (]: Finished running node test.my_etl_project.source_unique_raw_raw_customers_customer_id.b79e6b4a34
[0m08:57:33.392691 [debug] [Thread-2 (]: Began compiling node test.my_etl_project.unique_fct_sales_order_id.cfa4f433c5
[0m08:57:33.392958 [debug] [Thread-1 (]: Began running node test.my_etl_project.unique_int_orders_customers_order_id.abc701c6e1
[0m08:57:33.394469 [debug] [Thread-2 (]: Writing injected SQL for node "test.my_etl_project.unique_fct_sales_order_id.cfa4f433c5"
[0m08:57:33.394628 [info ] [Thread-1 (]: 34 of 37 START test unique_int_orders_customers_order_id ....................... [RUN]
[0m08:57:33.394824 [debug] [Thread-1 (]: Re-using an available connection from the pool (formerly test.my_etl_project.source_unique_raw_raw_customers_customer_id.b79e6b4a34, now test.my_etl_project.unique_int_orders_customers_order_id.abc701c6e1)
[0m08:57:33.394972 [debug] [Thread-1 (]: Began compiling node test.my_etl_project.unique_int_orders_customers_order_id.abc701c6e1
[0m08:57:33.396457 [debug] [Thread-1 (]: Writing injected SQL for node "test.my_etl_project.unique_int_orders_customers_order_id.abc701c6e1"
[0m08:57:33.396607 [debug] [Thread-2 (]: Began executing node test.my_etl_project.unique_fct_sales_order_id.cfa4f433c5
[0m08:57:33.397605 [debug] [Thread-2 (]: Writing runtime sql for node "test.my_etl_project.unique_fct_sales_order_id.cfa4f433c5"
[0m08:57:33.397862 [debug] [Thread-3 (]: SQL status: SELECT 1 in 0.006 seconds
[0m08:57:33.397982 [debug] [Thread-1 (]: Began executing node test.my_etl_project.unique_int_orders_customers_order_id.abc701c6e1
[0m08:57:33.398117 [debug] [Thread-4 (]: SQL status: SELECT 1 in 0.006 seconds
[0m08:57:33.398621 [debug] [Thread-3 (]: On test.my_etl_project.source_unique_raw_raw_products_product_id.7cefe963b6: ROLLBACK
[0m08:57:33.399562 [debug] [Thread-1 (]: Writing runtime sql for node "test.my_etl_project.unique_int_orders_customers_order_id.abc701c6e1"
[0m08:57:33.400225 [debug] [Thread-4 (]: On test.my_etl_project.unique_fct_sales_incremental_order_id.8822e17031: ROLLBACK
[0m08:57:33.400369 [debug] [Thread-2 (]: Using postgres connection "test.my_etl_project.unique_fct_sales_order_id.cfa4f433c5"
[0m08:57:33.400584 [debug] [Thread-2 (]: On test.my_etl_project.unique_fct_sales_order_id.cfa4f433c5: /* {"app": "dbt", "dbt_version": "1.11.7", "profile_name": "my_etl_project", "target_name": "dev", "node_id": "test.my_etl_project.unique_fct_sales_order_id.cfa4f433c5"} */

    
    select
      count(*) as failures,
      count(*) != 0 as should_warn,
      count(*) != 0 as should_error
    from (
      
    
  
    
    

select
    order_id as unique_field,
    count(*) as n_records

from "my_etl_db"."main_analytics"."fct_sales"
where order_id is not null
group by order_id
having count(*) > 1



  
  
      
    ) dbt_internal_test
[0m08:57:33.400752 [debug] [Thread-3 (]: On test.my_etl_project.source_unique_raw_raw_products_product_id.7cefe963b6: Close
[0m08:57:33.400881 [debug] [Thread-4 (]: On test.my_etl_project.unique_fct_sales_incremental_order_id.8822e17031: Close
[0m08:57:33.401012 [debug] [Thread-2 (]: Opening a new connection, currently in state closed
[0m08:57:33.401364 [debug] [Thread-1 (]: Using postgres connection "test.my_etl_project.unique_int_orders_customers_order_id.abc701c6e1"
[0m08:57:33.401237 [info ] [Thread-3 (]: 31 of 37 PASS source_unique_raw_raw_products_product_id ........................ [[32mPASS[0m in 0.02s]
[0m08:57:33.401573 [info ] [Thread-4 (]: 32 of 37 PASS unique_fct_sales_incremental_order_id ............................ [[32mPASS[0m in 0.02s]
[0m08:57:33.401788 [debug] [Thread-1 (]: On test.my_etl_project.unique_int_orders_customers_order_id.abc701c6e1: /* {"app": "dbt", "dbt_version": "1.11.7", "profile_name": "my_etl_project", "target_name": "dev", "node_id": "test.my_etl_project.unique_int_orders_customers_order_id.abc701c6e1"} */

    
    select
      count(*) as failures,
      count(*) != 0 as should_warn,
      count(*) != 0 as should_error
    from (
      
    
  
    
    

select
    order_id as unique_field,
    count(*) as n_records

from "my_etl_db"."main"."int_orders_customers"
where order_id is not null
group by order_id
having count(*) > 1



  
  
      
    ) dbt_internal_test
[0m08:57:33.401974 [debug] [Thread-3 (]: Finished running node test.my_etl_project.source_unique_raw_raw_products_product_id.7cefe963b6
[0m08:57:33.402142 [debug] [Thread-4 (]: Finished running node test.my_etl_project.unique_fct_sales_incremental_order_id.8822e17031
[0m08:57:33.402262 [debug] [Thread-1 (]: Opening a new connection, currently in state closed
[0m08:57:33.402406 [debug] [Thread-3 (]: Began running node test.my_etl_project.unique_stg_customers_customer_id.c7614daada
[0m08:57:33.402576 [debug] [Thread-4 (]: Began running node test.my_etl_project.unique_stg_orders_order_id.e3b841c71a
[0m08:57:33.402776 [info ] [Thread-3 (]: 35 of 37 START test unique_stg_customers_customer_id ........................... [RUN]
[0m08:57:33.402922 [info ] [Thread-4 (]: 36 of 37 START test unique_stg_orders_order_id ................................. [RUN]
[0m08:57:33.403085 [debug] [Thread-3 (]: Re-using an available connection from the pool (formerly test.my_etl_project.source_unique_raw_raw_products_product_id.7cefe963b6, now test.my_etl_project.unique_stg_customers_customer_id.c7614daada)
[0m08:57:33.403227 [debug] [Thread-4 (]: Re-using an available connection from the pool (formerly test.my_etl_project.unique_fct_sales_incremental_order_id.8822e17031, now test.my_etl_project.unique_stg_orders_order_id.e3b841c71a)
[0m08:57:33.403356 [debug] [Thread-3 (]: Began compiling node test.my_etl_project.unique_stg_customers_customer_id.c7614daada
[0m08:57:33.403474 [debug] [Thread-4 (]: Began compiling node test.my_etl_project.unique_stg_orders_order_id.e3b841c71a
[0m08:57:33.404908 [debug] [Thread-3 (]: Writing injected SQL for node "test.my_etl_project.unique_stg_customers_customer_id.c7614daada"
[0m08:57:33.406535 [debug] [Thread-4 (]: Writing injected SQL for node "test.my_etl_project.unique_stg_orders_order_id.e3b841c71a"
[0m08:57:33.406708 [debug] [Thread-2 (]: SQL status: SELECT 1 in 0.006 seconds
[0m08:57:33.407402 [debug] [Thread-2 (]: On test.my_etl_project.unique_fct_sales_order_id.cfa4f433c5: ROLLBACK
[0m08:57:33.407616 [debug] [Thread-2 (]: On test.my_etl_project.unique_fct_sales_order_id.cfa4f433c5: Close
[0m08:57:33.407747 [debug] [Thread-3 (]: Began executing node test.my_etl_project.unique_stg_customers_customer_id.c7614daada
[0m08:57:33.407868 [debug] [Thread-4 (]: Began executing node test.my_etl_project.unique_stg_orders_order_id.e3b841c71a
[0m08:57:33.408864 [debug] [Thread-3 (]: Writing runtime sql for node "test.my_etl_project.unique_stg_customers_customer_id.c7614daada"
[0m08:57:33.408978 [debug] [Thread-1 (]: SQL status: SELECT 1 in 0.007 seconds
[0m08:57:33.408061 [info ] [Thread-2 (]: 33 of 37 PASS unique_fct_sales_order_id ........................................ [[32mPASS[0m in 0.02s]
[0m08:57:33.410668 [debug] [Thread-4 (]: Writing runtime sql for node "test.my_etl_project.unique_stg_orders_order_id.e3b841c71a"
[0m08:57:33.411148 [debug] [Thread-1 (]: On test.my_etl_project.unique_int_orders_customers_order_id.abc701c6e1: ROLLBACK
[0m08:57:33.411321 [debug] [Thread-2 (]: Finished running node test.my_etl_project.unique_fct_sales_order_id.cfa4f433c5
[0m08:57:33.411490 [debug] [Thread-3 (]: Using postgres connection "test.my_etl_project.unique_stg_customers_customer_id.c7614daada"
[0m08:57:33.411654 [debug] [Thread-2 (]: Began running node test.my_etl_project.unique_stg_products_product_id.7d950a1467
[0m08:57:33.411783 [debug] [Thread-1 (]: On test.my_etl_project.unique_int_orders_customers_order_id.abc701c6e1: Close
[0m08:57:33.411924 [debug] [Thread-3 (]: On test.my_etl_project.unique_stg_customers_customer_id.c7614daada: /* {"app": "dbt", "dbt_version": "1.11.7", "profile_name": "my_etl_project", "target_name": "dev", "node_id": "test.my_etl_project.unique_stg_customers_customer_id.c7614daada"} */

    
    select
      count(*) as failures,
      count(*) != 0 as should_warn,
      count(*) != 0 as should_error
    from (
      
    
  
    
    

select
    customer_id as unique_field,
    count(*) as n_records

from "my_etl_db"."main"."stg_customers"
where customer_id is not null
group by customer_id
having count(*) > 1



  
  
      
    ) dbt_internal_test
[0m08:57:33.412067 [info ] [Thread-2 (]: 37 of 37 START test unique_stg_products_product_id ............................. [RUN]
[0m08:57:33.412200 [debug] [Thread-4 (]: Using postgres connection "test.my_etl_project.unique_stg_orders_order_id.e3b841c71a"
[0m08:57:33.412490 [debug] [Thread-3 (]: Opening a new connection, currently in state closed
[0m08:57:33.412391 [info ] [Thread-1 (]: 34 of 37 PASS unique_int_orders_customers_order_id ............................. [[32mPASS[0m in 0.02s]
[0m08:57:33.412650 [debug] [Thread-2 (]: Re-using an available connection from the pool (formerly test.my_etl_project.unique_fct_sales_order_id.cfa4f433c5, now test.my_etl_project.unique_stg_products_product_id.7d950a1467)
[0m08:57:33.412784 [debug] [Thread-4 (]: On test.my_etl_project.unique_stg_orders_order_id.e3b841c71a: /* {"app": "dbt", "dbt_version": "1.11.7", "profile_name": "my_etl_project", "target_name": "dev", "node_id": "test.my_etl_project.unique_stg_orders_order_id.e3b841c71a"} */

    
    select
      count(*) as failures,
      count(*) != 0 as should_warn,
      count(*) != 0 as should_error
    from (
      
    
  
    
    

select
    order_id as unique_field,
    count(*) as n_records

from "my_etl_db"."main"."stg_orders"
where order_id is not null
group by order_id
having count(*) > 1



  
  
      
    ) dbt_internal_test
[0m08:57:33.413015 [debug] [Thread-1 (]: Finished running node test.my_etl_project.unique_int_orders_customers_order_id.abc701c6e1
[0m08:57:33.413136 [debug] [Thread-2 (]: Began compiling node test.my_etl_project.unique_stg_products_product_id.7d950a1467
[0m08:57:33.413297 [debug] [Thread-4 (]: Opening a new connection, currently in state closed
[0m08:57:33.415297 [debug] [Thread-2 (]: Writing injected SQL for node "test.my_etl_project.unique_stg_products_product_id.7d950a1467"
[0m08:57:33.415655 [debug] [Thread-2 (]: Began executing node test.my_etl_project.unique_stg_products_product_id.7d950a1467
[0m08:57:33.416529 [debug] [Thread-2 (]: Writing runtime sql for node "test.my_etl_project.unique_stg_products_product_id.7d950a1467"
[0m08:57:33.416785 [debug] [Thread-2 (]: Using postgres connection "test.my_etl_project.unique_stg_products_product_id.7d950a1467"
[0m08:57:33.416918 [debug] [Thread-2 (]: On test.my_etl_project.unique_stg_products_product_id.7d950a1467: /* {"app": "dbt", "dbt_version": "1.11.7", "profile_name": "my_etl_project", "target_name": "dev", "node_id": "test.my_etl_project.unique_stg_products_product_id.7d950a1467"} */

    
    select
      count(*) as failures,
      count(*) != 0 as should_warn,
      count(*) != 0 as should_error
    from (
      
    
  
    
    

select
    product_id as unique_field,
    count(*) as n_records

from "my_etl_db"."main"."stg_products"
where product_id is not null
group by product_id
having count(*) > 1



  
  
      
    ) dbt_internal_test
[0m08:57:33.417033 [debug] [Thread-2 (]: Opening a new connection, currently in state closed
[0m08:57:33.417658 [debug] [Thread-3 (]: SQL status: SELECT 1 in 0.005 seconds
[0m08:57:33.418129 [debug] [Thread-3 (]: On test.my_etl_project.unique_stg_customers_customer_id.c7614daada: ROLLBACK
[0m08:57:33.418306 [debug] [Thread-3 (]: On test.my_etl_project.unique_stg_customers_customer_id.c7614daada: Close
[0m08:57:33.418478 [info ] [Thread-3 (]: 35 of 37 PASS unique_stg_customers_customer_id ................................. [[32mPASS[0m in 0.02s]
[0m08:57:33.418674 [debug] [Thread-3 (]: Finished running node test.my_etl_project.unique_stg_customers_customer_id.c7614daada
[0m08:57:33.419081 [debug] [Thread-4 (]: SQL status: SELECT 1 in 0.006 seconds
[0m08:57:33.419553 [debug] [Thread-4 (]: On test.my_etl_project.unique_stg_orders_order_id.e3b841c71a: ROLLBACK
[0m08:57:33.419751 [debug] [Thread-4 (]: On test.my_etl_project.unique_stg_orders_order_id.e3b841c71a: Close
[0m08:57:33.419964 [info ] [Thread-4 (]: 36 of 37 PASS unique_stg_orders_order_id ....................................... [[32mPASS[0m in 0.02s]
[0m08:57:33.420152 [debug] [Thread-4 (]: Finished running node test.my_etl_project.unique_stg_orders_order_id.e3b841c71a
[0m08:57:33.421024 [debug] [Thread-2 (]: SQL status: SELECT 1 in 0.004 seconds
[0m08:57:33.421501 [debug] [Thread-2 (]: On test.my_etl_project.unique_stg_products_product_id.7d950a1467: ROLLBACK
[0m08:57:33.421862 [debug] [Thread-2 (]: On test.my_etl_project.unique_stg_products_product_id.7d950a1467: Close
[0m08:57:33.422059 [info ] [Thread-2 (]: 37 of 37 PASS unique_stg_products_product_id ................................... [[32mPASS[0m in 0.01s]
[0m08:57:33.422235 [debug] [Thread-2 (]: Finished running node test.my_etl_project.unique_stg_products_product_id.7d950a1467
[0m08:57:33.422762 [debug] [MainThread]: On master: COMMIT
[0m08:57:33.422869 [debug] [MainThread]: Using postgres connection "master"
[0m08:57:33.422956 [debug] [MainThread]: On master: COMMIT
[0m08:57:33.423050 [debug] [MainThread]: Opening a new connection, currently in state closed
[0m08:57:33.428383 [debug] [MainThread]: SQL status: COMMIT in 0.005 seconds
[0m08:57:33.428572 [debug] [MainThread]: On master: Close
[0m08:57:33.428730 [debug] [MainThread]: Connection 'master' was properly closed.
[0m08:57:33.428823 [debug] [MainThread]: Connection 'test.my_etl_project.unique_int_orders_customers_order_id.abc701c6e1' was properly closed.
[0m08:57:33.428899 [debug] [MainThread]: Connection 'test.my_etl_project.unique_stg_products_product_id.7d950a1467' was properly closed.
[0m08:57:33.428974 [debug] [MainThread]: Connection 'test.my_etl_project.unique_stg_customers_customer_id.c7614daada' was properly closed.
[0m08:57:33.429045 [debug] [MainThread]: Connection 'test.my_etl_project.unique_stg_orders_order_id.e3b841c71a' was properly closed.
[0m08:57:33.429165 [info ] [MainThread]: 
[0m08:57:33.429279 [info ] [MainThread]: Finished running 37 data tests in 0 hours 0 minutes and 0.32 seconds (0.32s).
[0m08:57:33.430790 [debug] [MainThread]: Command end result
[0m08:57:33.443328 [debug] [MainThread]: Wrote artifact WritableManifest to /Users/aviraljain/Downloads/python advanced/my_etl_project/target/manifest.json
[0m08:57:33.444327 [debug] [MainThread]: Wrote artifact SemanticManifest to /Users/aviraljain/Downloads/python advanced/my_etl_project/target/semantic_manifest.json
[0m08:57:33.447285 [debug] [MainThread]: Wrote artifact RunExecutionResult to /Users/aviraljain/Downloads/python advanced/my_etl_project/target/run_results.json
[0m08:57:33.447433 [info ] [MainThread]: 
[0m08:57:33.447573 [info ] [MainThread]: [32mCompleted successfully[0m
[0m08:57:33.447694 [info ] [MainThread]: 
[0m08:57:33.447809 [info ] [MainThread]: Done. PASS=37 WARN=0 ERROR=0 SKIP=0 NO-OP=0 TOTAL=37
[0m08:57:33.449823 [debug] [MainThread]: Resource report: {"command_name": "test", "command_success": true, "command_wall_clock_time": 0.671959, "process_in_blocks": "0", "process_kernel_time": 0.194501, "process_mem_max_rss": "147767296", "process_out_blocks": "0", "process_user_time": 0.954126}
[0m08:57:33.450045 [debug] [MainThread]: Command `dbt test` succeeded at 08:57:33.450011 after 0.67 seconds
[0m08:57:33.450206 [debug] [MainThread]: Sending event: {'category': 'dbt', 'action': 'invocation', 'label': 'end', 'context': [<snowplow_tracker.self_describing_json.SelfDescribingJson object at 0x10250af10>, <snowplow_tracker.self_describing_json.SelfDescribingJson object at 0x10b7bf450>, <snowplow_tracker.self_describing_json.SelfDescribingJson object at 0x1024f2110>]}
[0m08:57:33.450358 [debug] [MainThread]: Flushing usage events
[0m08:57:34.542238 [debug] [MainThread]: An error was encountered while trying to flush usage events
[0m08:58:27.967815 [debug] [MainThread]: Sending event: {'category': 'dbt', 'action': 'invocation', 'label': 'start', 'context': [<snowplow_tracker.self_describing_json.SelfDescribingJson object at 0x10ba4a710>, <snowplow_tracker.self_describing_json.SelfDescribingJson object at 0x10bad2f90>, <snowplow_tracker.self_describing_json.SelfDescribingJson object at 0x10bad3610>]}


============================== 08:58:27.970125 | 6f7da002-79af-4403-83da-41b2d1e324db ==============================
[0m08:58:27.970125 [info ] [MainThread]: Running with dbt=1.11.7
[0m08:58:27.970402 [debug] [MainThread]: running dbt with arguments {'use_colors': 'True', 'send_anonymous_usage_stats': 'True', 'log_path': '/Users/aviraljain/Downloads/python advanced/my_etl_project/logs', 'log_format': 'default', 'introspect': 'True', 'empty': 'None', 'warn_error': 'None', 'cache_selected_only': 'False', 'printer_width': '80', 'debug': 'False', 'static_parser': 'True', 'write_json': 'True', 'fail_fast': 'False', 'version_check': 'True', 'warn_error_options': 'WarnErrorOptionsV2(error=[], warn=[], silence=[])', 'use_experimental_parser': 'False', 'invocation_command': 'dbt docs generate', 'indirect_selection': 'eager', 'profiles_dir': '/Users/aviraljain/Downloads/python advanced/my_etl_project', 'target_path': 'None', 'partial_parse': 'True', 'log_cache_events': 'False', 'no_print': 'None', 'quiet': 'False'}
[0m08:58:28.044879 [debug] [MainThread]: Sending event: {'category': 'dbt', 'action': 'project_id', 'label': '6f7da002-79af-4403-83da-41b2d1e324db', 'context': [<snowplow_tracker.self_describing_json.SelfDescribingJson object at 0x10babf150>]}
[0m08:58:28.064485 [debug] [MainThread]: Sending event: {'category': 'dbt', 'action': 'adapter_info', 'label': '6f7da002-79af-4403-83da-41b2d1e324db', 'context': [<snowplow_tracker.self_describing_json.SelfDescribingJson object at 0x108d1b490>]}
[0m08:58:28.064852 [info ] [MainThread]: Registered adapter: postgres=1.10.0
[0m08:58:28.113954 [debug] [MainThread]: checksum: b80718358155fc17c3559352095564dd56ada1cc1a1c0ef2e62c857e71583775, vars: {}, profile: , target: , version: 1.11.7
[0m08:58:28.179730 [debug] [MainThread]: Partial parsing enabled: 0 files deleted, 0 files added, 0 files changed.
[0m08:58:28.179908 [debug] [MainThread]: Nothing changed, skipping partial parsing.
[0m08:58:28.180005 [debug] [MainThread]: Partial parsing enabled, no changes found, skipping parsing
[0m08:58:28.200366 [debug] [MainThread]: Sending event: {'category': 'dbt', 'action': 'load_project', 'label': '6f7da002-79af-4403-83da-41b2d1e324db', 'context': [<snowplow_tracker.self_describing_json.SelfDescribingJson object at 0x10cb3b250>]}
[0m08:58:28.211949 [debug] [MainThread]: Sending event: {'category': 'dbt', 'action': 'resource_counts', 'label': '6f7da002-79af-4403-83da-41b2d1e324db', 'context': [<snowplow_tracker.self_describing_json.SelfDescribingJson object at 0x10cd572d0>]}
[0m08:58:28.212151 [info ] [MainThread]: Found 4 seeds, 7 models, 37 data tests, 3 sources, 466 macros
[0m08:58:28.212286 [debug] [MainThread]: Sending event: {'category': 'dbt', 'action': 'runnable_timing', 'label': '6f7da002-79af-4403-83da-41b2d1e324db', 'context': [<snowplow_tracker.self_describing_json.SelfDescribingJson object at 0x10cc62310>]}
[0m08:58:28.213509 [info ] [MainThread]: 
[0m08:58:28.213638 [info ] [MainThread]: Concurrency: 4 threads (target='dev')
[0m08:58:28.213734 [info ] [MainThread]: 
[0m08:58:28.213903 [debug] [MainThread]: Acquiring new postgres connection 'master'
[0m08:58:28.215393 [debug] [ThreadPool]: Acquiring new postgres connection 'list_my_etl_db_main'
[0m08:58:28.215642 [debug] [ThreadPool]: Acquiring new postgres connection 'list_my_etl_db_main_raw_ingestion'
[0m08:58:28.220748 [debug] [ThreadPool]: Acquiring new postgres connection 'list_my_etl_db_main_analytics'
[0m08:58:28.265233 [debug] [ThreadPool]: Using postgres connection "list_my_etl_db_main"
[0m08:58:28.265398 [debug] [ThreadPool]: Using postgres connection "list_my_etl_db_main_raw_ingestion"
[0m08:58:28.265550 [debug] [ThreadPool]: Using postgres connection "list_my_etl_db_main_analytics"
[0m08:58:28.265678 [debug] [ThreadPool]: On list_my_etl_db_main: /* {"app": "dbt", "dbt_version": "1.11.7", "profile_name": "my_etl_project", "target_name": "dev", "connection_name": "list_my_etl_db_main"} */
select
      'my_etl_db' as database,
      tablename as name,
      schemaname as schema,
      'table' as type
    from pg_tables
    where schemaname ilike 'main'
    union all
    select
      'my_etl_db' as database,
      viewname as name,
      schemaname as schema,
      'view' as type
    from pg_views
    where schemaname ilike 'main'
    union all
    select
      'my_etl_db' as database,
      matviewname as name,
      schemaname as schema,
      'materialized_view' as type
    from pg_matviews
    where schemaname ilike 'main'
  
[0m08:58:28.265827 [debug] [ThreadPool]: On list_my_etl_db_main_raw_ingestion: /* {"app": "dbt", "dbt_version": "1.11.7", "profile_name": "my_etl_project", "target_name": "dev", "connection_name": "list_my_etl_db_main_raw_ingestion"} */
select
      'my_etl_db' as database,
      tablename as name,
      schemaname as schema,
      'table' as type
    from pg_tables
    where schemaname ilike 'main_raw_ingestion'
    union all
    select
      'my_etl_db' as database,
      viewname as name,
      schemaname as schema,
      'view' as type
    from pg_views
    where schemaname ilike 'main_raw_ingestion'
    union all
    select
      'my_etl_db' as database,
      matviewname as name,
      schemaname as schema,
      'materialized_view' as type
    from pg_matviews
    where schemaname ilike 'main_raw_ingestion'
  
[0m08:58:28.265980 [debug] [ThreadPool]: On list_my_etl_db_main_analytics: /* {"app": "dbt", "dbt_version": "1.11.7", "profile_name": "my_etl_project", "target_name": "dev", "connection_name": "list_my_etl_db_main_analytics"} */
select
      'my_etl_db' as database,
      tablename as name,
      schemaname as schema,
      'table' as type
    from pg_tables
    where schemaname ilike 'main_analytics'
    union all
    select
      'my_etl_db' as database,
      viewname as name,
      schemaname as schema,
      'view' as type
    from pg_views
    where schemaname ilike 'main_analytics'
    union all
    select
      'my_etl_db' as database,
      matviewname as name,
      schemaname as schema,
      'materialized_view' as type
    from pg_matviews
    where schemaname ilike 'main_analytics'
  
[0m08:58:28.266106 [debug] [ThreadPool]: Opening a new connection, currently in state init
[0m08:58:28.266210 [debug] [ThreadPool]: Opening a new connection, currently in state init
[0m08:58:28.266311 [debug] [ThreadPool]: Opening a new connection, currently in state init
[0m08:58:28.294390 [debug] [ThreadPool]: SQL status: SELECT 4 in 0.028 seconds
[0m08:58:28.294861 [debug] [ThreadPool]: SQL status: SELECT 2 in 0.029 seconds
[0m08:58:28.295052 [debug] [ThreadPool]: SQL status: SELECT 4 in 0.029 seconds
[0m08:58:28.295677 [debug] [ThreadPool]: On list_my_etl_db_main_raw_ingestion: ROLLBACK
[0m08:58:28.296078 [debug] [ThreadPool]: On list_my_etl_db_main_analytics: ROLLBACK
[0m08:58:28.296420 [debug] [ThreadPool]: On list_my_etl_db_main: ROLLBACK
[0m08:58:28.296680 [debug] [ThreadPool]: On list_my_etl_db_main_analytics: Close
[0m08:58:28.296798 [debug] [ThreadPool]: On list_my_etl_db_main_raw_ingestion: Close
[0m08:58:28.296898 [debug] [ThreadPool]: On list_my_etl_db_main: Close
[0m08:58:28.299867 [debug] [MainThread]: Using postgres connection "master"
[0m08:58:28.300053 [debug] [MainThread]: On master: /* {"app": "dbt", "dbt_version": "1.11.7", "profile_name": "my_etl_project", "target_name": "dev", "connection_name": "master"} */
select distinct
        dependent_namespace.nspname as dependent_schema,
        dependent_class.relname as dependent_name,
        referenced_namespace.nspname as referenced_schema,
        referenced_class.relname as referenced_name

    -- Query for views: views are entries in pg_class with an entry in pg_rewrite, but we avoid
    -- a seq scan on pg_rewrite by leveraging the fact there is an "internal" row in pg_depend for
    -- the view...
    from pg_class as dependent_class
    join pg_namespace as dependent_namespace on dependent_namespace.oid = dependent_class.relnamespace
    join pg_depend as dependent_depend on dependent_depend.refobjid = dependent_class.oid
        and dependent_depend.classid = 'pg_rewrite'::regclass
        and dependent_depend.refclassid = 'pg_class'::regclass
        and dependent_depend.deptype = 'i'

    -- ... and via pg_depend (that has a row per column, hence the need for "distinct" above, and
    -- making sure to exclude the internal row to avoid a view appearing to depend on itself)...
    join pg_depend as joining_depend on joining_depend.objid = dependent_depend.objid
        and joining_depend.classid = 'pg_rewrite'::regclass
        and joining_depend.refclassid = 'pg_class'::regclass
        and joining_depend.refobjid != dependent_depend.refobjid

    -- ... we can find the tables they query from in pg_class, but excluding system tables. Note we
    -- don't need need to exclude _dependent_ system tables, because they only query from other
    -- system tables, and so are automatically excluded by excluding _referenced_ system tables
    join pg_class as referenced_class on referenced_class.oid = joining_depend.refobjid
    join pg_namespace as referenced_namespace on referenced_namespace.oid = referenced_class.relnamespace
        and referenced_namespace.nspname != 'information_schema'
        and referenced_namespace.nspname not like 'pg\_%'

    order by
        dependent_schema, dependent_name, referenced_schema, referenced_name;
[0m08:58:28.300194 [debug] [MainThread]: Opening a new connection, currently in state init
[0m08:58:28.307309 [debug] [MainThread]: SQL status: SELECT 5 in 0.007 seconds
[0m08:58:28.308042 [debug] [MainThread]: Sending event: {'category': 'dbt', 'action': 'runnable_timing', 'label': '6f7da002-79af-4403-83da-41b2d1e324db', 'context': [<snowplow_tracker.self_describing_json.SelfDescribingJson object at 0x10cd577d0>]}
[0m08:58:28.308197 [debug] [MainThread]: On master: ROLLBACK
[0m08:58:28.308372 [debug] [MainThread]: On master: Close
[0m08:58:28.310977 [debug] [Thread-1 (]: Began running node model.my_etl_project.stg_customers
[0m08:58:28.311129 [debug] [Thread-2 (]: Began running node model.my_etl_project.stg_orders
[0m08:58:28.311276 [debug] [Thread-1 (]: Re-using an available connection from the pool (formerly list_my_etl_db_main, now model.my_etl_project.stg_customers)
[0m08:58:28.311397 [debug] [Thread-3 (]: Began running node model.my_etl_project.stg_products
[0m08:58:28.311529 [debug] [Thread-4 (]: Began running node seed.my_etl_project.country_codes
[0m08:58:28.311710 [debug] [Thread-2 (]: Re-using an available connection from the pool (formerly list_my_etl_db_main_raw_ingestion, now model.my_etl_project.stg_orders)
[0m08:58:28.311830 [debug] [Thread-1 (]: Began compiling node model.my_etl_project.stg_customers
[0m08:58:28.311960 [debug] [Thread-3 (]: Re-using an available connection from the pool (formerly list_my_etl_db_main_analytics, now model.my_etl_project.stg_products)
[0m08:58:28.312124 [debug] [Thread-4 (]: Acquiring new postgres connection 'seed.my_etl_project.country_codes'
[0m08:58:28.312262 [debug] [Thread-2 (]: Began compiling node model.my_etl_project.stg_orders
[0m08:58:28.314967 [debug] [Thread-1 (]: Writing injected SQL for node "model.my_etl_project.stg_customers"
[0m08:58:28.315093 [debug] [Thread-3 (]: Began compiling node model.my_etl_project.stg_products
[0m08:58:28.315225 [debug] [Thread-4 (]: Began compiling node seed.my_etl_project.country_codes
[0m08:58:28.316171 [debug] [Thread-2 (]: Writing injected SQL for node "model.my_etl_project.stg_orders"
[0m08:58:28.317195 [debug] [Thread-3 (]: Writing injected SQL for node "model.my_etl_project.stg_products"
[0m08:58:28.317878 [debug] [Thread-4 (]: Began executing node seed.my_etl_project.country_codes
[0m08:58:28.318083 [debug] [Thread-1 (]: Began executing node model.my_etl_project.stg_customers
[0m08:58:28.318319 [debug] [Thread-4 (]: Finished running node seed.my_etl_project.country_codes
[0m08:58:28.318538 [debug] [Thread-1 (]: Finished running node model.my_etl_project.stg_customers
[0m08:58:28.318731 [debug] [Thread-4 (]: Began running node seed.my_etl_project.raw_customers
[0m08:58:28.318872 [debug] [Thread-3 (]: Began executing node model.my_etl_project.stg_products
[0m08:58:28.319024 [debug] [Thread-2 (]: Began executing node model.my_etl_project.stg_orders
[0m08:58:28.319176 [debug] [Thread-1 (]: Began running node seed.my_etl_project.raw_orders
[0m08:58:28.319400 [debug] [Thread-4 (]: Re-using an available connection from the pool (formerly seed.my_etl_project.country_codes, now seed.my_etl_project.raw_customers)
[0m08:58:28.319643 [debug] [Thread-3 (]: Finished running node model.my_etl_project.stg_products
[0m08:58:28.319856 [debug] [Thread-2 (]: Finished running node model.my_etl_project.stg_orders
[0m08:58:28.319991 [debug] [Thread-1 (]: Re-using an available connection from the pool (formerly model.my_etl_project.stg_customers, now seed.my_etl_project.raw_orders)
[0m08:58:28.320116 [debug] [Thread-4 (]: Began compiling node seed.my_etl_project.raw_customers
[0m08:58:28.320256 [debug] [Thread-3 (]: Began running node seed.my_etl_project.raw_products
[0m08:58:28.320437 [debug] [Thread-2 (]: Began running node test.my_etl_project.source_not_null_raw_raw_customers_customer_id.be576d1f05
[0m08:58:28.320630 [debug] [Thread-1 (]: Began compiling node seed.my_etl_project.raw_orders
[0m08:58:28.321297 [debug] [Thread-4 (]: Began executing node seed.my_etl_project.raw_customers
[0m08:58:28.321426 [debug] [Thread-3 (]: Re-using an available connection from the pool (formerly model.my_etl_project.stg_products, now seed.my_etl_project.raw_products)
[0m08:58:28.321560 [debug] [Thread-2 (]: Re-using an available connection from the pool (formerly model.my_etl_project.stg_orders, now test.my_etl_project.source_not_null_raw_raw_customers_customer_id.be576d1f05)
[0m08:58:28.322166 [debug] [Thread-1 (]: Began executing node seed.my_etl_project.raw_orders
[0m08:58:28.322369 [debug] [Thread-4 (]: Finished running node seed.my_etl_project.raw_customers
[0m08:58:28.322473 [debug] [Thread-3 (]: Began compiling node seed.my_etl_project.raw_products
[0m08:58:28.322613 [debug] [Thread-2 (]: Began compiling node test.my_etl_project.source_not_null_raw_raw_customers_customer_id.be576d1f05
[0m08:58:28.322829 [debug] [Thread-1 (]: Finished running node seed.my_etl_project.raw_orders
[0m08:58:28.322954 [debug] [Thread-4 (]: Began running node test.my_etl_project.source_not_null_raw_raw_orders_customer_id.e85b23b048
[0m08:58:28.323573 [debug] [Thread-3 (]: Began executing node seed.my_etl_project.raw_products
[0m08:58:28.327459 [debug] [Thread-2 (]: Writing injected SQL for node "test.my_etl_project.source_not_null_raw_raw_customers_customer_id.be576d1f05"
[0m08:58:28.327610 [debug] [Thread-1 (]: Began running node test.my_etl_project.source_not_null_raw_raw_orders_order_id.c81aad1dcf
[0m08:58:28.327790 [debug] [Thread-4 (]: Re-using an available connection from the pool (formerly seed.my_etl_project.raw_customers, now test.my_etl_project.source_not_null_raw_raw_orders_customer_id.e85b23b048)
[0m08:58:28.328008 [debug] [Thread-3 (]: Finished running node seed.my_etl_project.raw_products
[0m08:58:28.328172 [debug] [Thread-1 (]: Re-using an available connection from the pool (formerly seed.my_etl_project.raw_orders, now test.my_etl_project.source_not_null_raw_raw_orders_order_id.c81aad1dcf)
[0m08:58:28.328305 [debug] [Thread-4 (]: Began compiling node test.my_etl_project.source_not_null_raw_raw_orders_customer_id.e85b23b048
[0m08:58:28.328458 [debug] [Thread-3 (]: Began running node test.my_etl_project.source_not_null_raw_raw_products_product_id.ae924bb9c1
[0m08:58:28.328585 [debug] [Thread-2 (]: Began executing node test.my_etl_project.source_not_null_raw_raw_customers_customer_id.be576d1f05
[0m08:58:28.328715 [debug] [Thread-1 (]: Began compiling node test.my_etl_project.source_not_null_raw_raw_orders_order_id.c81aad1dcf
[0m08:58:28.330694 [debug] [Thread-4 (]: Writing injected SQL for node "test.my_etl_project.source_not_null_raw_raw_orders_customer_id.e85b23b048"
[0m08:58:28.330833 [debug] [Thread-3 (]: Re-using an available connection from the pool (formerly seed.my_etl_project.raw_products, now test.my_etl_project.source_not_null_raw_raw_products_product_id.ae924bb9c1)
[0m08:58:28.331039 [debug] [Thread-2 (]: Finished running node test.my_etl_project.source_not_null_raw_raw_customers_customer_id.be576d1f05
[0m08:58:28.332239 [debug] [Thread-1 (]: Writing injected SQL for node "test.my_etl_project.source_not_null_raw_raw_orders_order_id.c81aad1dcf"
[0m08:58:28.332396 [debug] [Thread-3 (]: Began compiling node test.my_etl_project.source_not_null_raw_raw_products_product_id.ae924bb9c1
[0m08:58:28.332541 [debug] [Thread-2 (]: Began running node test.my_etl_project.source_unique_raw_raw_customers_customer_id.b79e6b4a34
[0m08:58:28.333939 [debug] [Thread-3 (]: Writing injected SQL for node "test.my_etl_project.source_not_null_raw_raw_products_product_id.ae924bb9c1"
[0m08:58:28.334066 [debug] [Thread-4 (]: Began executing node test.my_etl_project.source_not_null_raw_raw_orders_customer_id.e85b23b048
[0m08:58:28.334221 [debug] [Thread-2 (]: Re-using an available connection from the pool (formerly test.my_etl_project.source_not_null_raw_raw_customers_customer_id.be576d1f05, now test.my_etl_project.source_unique_raw_raw_customers_customer_id.b79e6b4a34)
[0m08:58:28.334369 [debug] [Thread-1 (]: Began executing node test.my_etl_project.source_not_null_raw_raw_orders_order_id.c81aad1dcf
[0m08:58:28.334579 [debug] [Thread-4 (]: Finished running node test.my_etl_project.source_not_null_raw_raw_orders_customer_id.e85b23b048
[0m08:58:28.334710 [debug] [Thread-2 (]: Began compiling node test.my_etl_project.source_unique_raw_raw_customers_customer_id.b79e6b4a34
[0m08:58:28.334817 [debug] [Thread-3 (]: Began executing node test.my_etl_project.source_not_null_raw_raw_products_product_id.ae924bb9c1
[0m08:58:28.335029 [debug] [Thread-1 (]: Finished running node test.my_etl_project.source_not_null_raw_raw_orders_order_id.c81aad1dcf
[0m08:58:28.335159 [debug] [Thread-4 (]: Began running node test.my_etl_project.source_unique_raw_raw_orders_order_id.2b32ac9945
[0m08:58:28.337262 [debug] [Thread-2 (]: Writing injected SQL for node "test.my_etl_project.source_unique_raw_raw_customers_customer_id.b79e6b4a34"
[0m08:58:28.337494 [debug] [Thread-3 (]: Finished running node test.my_etl_project.source_not_null_raw_raw_products_product_id.ae924bb9c1
[0m08:58:28.337624 [debug] [Thread-1 (]: Began running node test.my_etl_project.source_unique_raw_raw_products_product_id.7cefe963b6
[0m08:58:28.337788 [debug] [Thread-4 (]: Re-using an available connection from the pool (formerly test.my_etl_project.source_not_null_raw_raw_orders_customer_id.e85b23b048, now test.my_etl_project.source_unique_raw_raw_orders_order_id.2b32ac9945)
[0m08:58:28.337982 [debug] [Thread-3 (]: Began running node test.my_etl_project.accepted_values_stg_customers_region__NORTH__SOUTH__EAST__WEST.1ced9343e3
[0m08:58:28.338137 [debug] [Thread-1 (]: Re-using an available connection from the pool (formerly test.my_etl_project.source_not_null_raw_raw_orders_order_id.c81aad1dcf, now test.my_etl_project.source_unique_raw_raw_products_product_id.7cefe963b6)
[0m08:58:28.338267 [debug] [Thread-4 (]: Began compiling node test.my_etl_project.source_unique_raw_raw_orders_order_id.2b32ac9945
[0m08:58:28.338379 [debug] [Thread-2 (]: Began executing node test.my_etl_project.source_unique_raw_raw_customers_customer_id.b79e6b4a34
[0m08:58:28.338509 [debug] [Thread-3 (]: Re-using an available connection from the pool (formerly test.my_etl_project.source_not_null_raw_raw_products_product_id.ae924bb9c1, now test.my_etl_project.accepted_values_stg_customers_region__NORTH__SOUTH__EAST__WEST.1ced9343e3)
[0m08:58:28.338637 [debug] [Thread-1 (]: Began compiling node test.my_etl_project.source_unique_raw_raw_products_product_id.7cefe963b6
[0m08:58:28.339842 [debug] [Thread-4 (]: Writing injected SQL for node "test.my_etl_project.source_unique_raw_raw_orders_order_id.2b32ac9945"
[0m08:58:28.340048 [debug] [Thread-2 (]: Finished running node test.my_etl_project.source_unique_raw_raw_customers_customer_id.b79e6b4a34
[0m08:58:28.340166 [debug] [Thread-3 (]: Began compiling node test.my_etl_project.accepted_values_stg_customers_region__NORTH__SOUTH__EAST__WEST.1ced9343e3
[0m08:58:28.341388 [debug] [Thread-1 (]: Writing injected SQL for node "test.my_etl_project.source_unique_raw_raw_products_product_id.7cefe963b6"
[0m08:58:28.341576 [debug] [Thread-2 (]: Began running node test.my_etl_project.accepted_values_stg_customers_segment__PLATINUM__GOLD__SILVER.b8a09d892e
[0m08:58:28.344741 [debug] [Thread-3 (]: Writing injected SQL for node "test.my_etl_project.accepted_values_stg_customers_region__NORTH__SOUTH__EAST__WEST.1ced9343e3"
[0m08:58:28.344877 [debug] [Thread-4 (]: Began executing node test.my_etl_project.source_unique_raw_raw_orders_order_id.2b32ac9945
[0m08:58:28.345043 [debug] [Thread-2 (]: Re-using an available connection from the pool (formerly test.my_etl_project.source_unique_raw_raw_customers_customer_id.b79e6b4a34, now test.my_etl_project.accepted_values_stg_customers_segment__PLATINUM__GOLD__SILVER.b8a09d892e)
[0m08:58:28.345212 [debug] [Thread-1 (]: Began executing node test.my_etl_project.source_unique_raw_raw_products_product_id.7cefe963b6
[0m08:58:28.345445 [debug] [Thread-4 (]: Finished running node test.my_etl_project.source_unique_raw_raw_orders_order_id.2b32ac9945
[0m08:58:28.345594 [debug] [Thread-2 (]: Began compiling node test.my_etl_project.accepted_values_stg_customers_segment__PLATINUM__GOLD__SILVER.b8a09d892e
[0m08:58:28.345710 [debug] [Thread-3 (]: Began executing node test.my_etl_project.accepted_values_stg_customers_region__NORTH__SOUTH__EAST__WEST.1ced9343e3
[0m08:58:28.345930 [debug] [Thread-1 (]: Finished running node test.my_etl_project.source_unique_raw_raw_products_product_id.7cefe963b6
[0m08:58:28.346078 [debug] [Thread-4 (]: Began running node test.my_etl_project.not_null_stg_customers_customer_id.e2cfb1f9aa
[0m08:58:28.347881 [debug] [Thread-2 (]: Writing injected SQL for node "test.my_etl_project.accepted_values_stg_customers_segment__PLATINUM__GOLD__SILVER.b8a09d892e"
[0m08:58:28.348117 [debug] [Thread-3 (]: Finished running node test.my_etl_project.accepted_values_stg_customers_region__NORTH__SOUTH__EAST__WEST.1ced9343e3
[0m08:58:28.348253 [debug] [Thread-1 (]: Began running node test.my_etl_project.not_null_stg_customers_region.dead58c348
[0m08:58:28.348398 [debug] [Thread-4 (]: Re-using an available connection from the pool (formerly test.my_etl_project.source_unique_raw_raw_orders_order_id.2b32ac9945, now test.my_etl_project.not_null_stg_customers_customer_id.e2cfb1f9aa)
[0m08:58:28.348562 [debug] [Thread-3 (]: Began running node test.my_etl_project.not_null_stg_customers_segment.54e04798f3
[0m08:58:28.348705 [debug] [Thread-1 (]: Re-using an available connection from the pool (formerly test.my_etl_project.source_unique_raw_raw_products_product_id.7cefe963b6, now test.my_etl_project.not_null_stg_customers_region.dead58c348)
[0m08:58:28.348843 [debug] [Thread-4 (]: Began compiling node test.my_etl_project.not_null_stg_customers_customer_id.e2cfb1f9aa
[0m08:58:28.348966 [debug] [Thread-2 (]: Began executing node test.my_etl_project.accepted_values_stg_customers_segment__PLATINUM__GOLD__SILVER.b8a09d892e
[0m08:58:28.349086 [debug] [Thread-3 (]: Re-using an available connection from the pool (formerly test.my_etl_project.accepted_values_stg_customers_region__NORTH__SOUTH__EAST__WEST.1ced9343e3, now test.my_etl_project.not_null_stg_customers_segment.54e04798f3)
[0m08:58:28.349207 [debug] [Thread-1 (]: Began compiling node test.my_etl_project.not_null_stg_customers_region.dead58c348
[0m08:58:28.350462 [debug] [Thread-4 (]: Writing injected SQL for node "test.my_etl_project.not_null_stg_customers_customer_id.e2cfb1f9aa"
[0m08:58:28.350705 [debug] [Thread-2 (]: Finished running node test.my_etl_project.accepted_values_stg_customers_segment__PLATINUM__GOLD__SILVER.b8a09d892e
[0m08:58:28.350833 [debug] [Thread-3 (]: Began compiling node test.my_etl_project.not_null_stg_customers_segment.54e04798f3
[0m08:58:28.352159 [debug] [Thread-1 (]: Writing injected SQL for node "test.my_etl_project.not_null_stg_customers_region.dead58c348"
[0m08:58:28.352334 [debug] [Thread-2 (]: Began running node test.my_etl_project.unique_stg_customers_customer_id.c7614daada
[0m08:58:28.354285 [debug] [Thread-3 (]: Writing injected SQL for node "test.my_etl_project.not_null_stg_customers_segment.54e04798f3"
[0m08:58:28.354441 [debug] [Thread-4 (]: Began executing node test.my_etl_project.not_null_stg_customers_customer_id.e2cfb1f9aa
[0m08:58:28.354581 [debug] [Thread-2 (]: Re-using an available connection from the pool (formerly test.my_etl_project.accepted_values_stg_customers_segment__PLATINUM__GOLD__SILVER.b8a09d892e, now test.my_etl_project.unique_stg_customers_customer_id.c7614daada)
[0m08:58:28.354729 [debug] [Thread-1 (]: Began executing node test.my_etl_project.not_null_stg_customers_region.dead58c348
[0m08:58:28.354958 [debug] [Thread-4 (]: Finished running node test.my_etl_project.not_null_stg_customers_customer_id.e2cfb1f9aa
[0m08:58:28.355093 [debug] [Thread-2 (]: Began compiling node test.my_etl_project.unique_stg_customers_customer_id.c7614daada
[0m08:58:28.355201 [debug] [Thread-3 (]: Began executing node test.my_etl_project.not_null_stg_customers_segment.54e04798f3
[0m08:58:28.355409 [debug] [Thread-1 (]: Finished running node test.my_etl_project.not_null_stg_customers_region.dead58c348
[0m08:58:28.355543 [debug] [Thread-4 (]: Began running node test.my_etl_project.not_null_stg_products_price_usd.1377dfd511
[0m08:58:28.356678 [debug] [Thread-2 (]: Writing injected SQL for node "test.my_etl_project.unique_stg_customers_customer_id.c7614daada"
[0m08:58:28.356865 [debug] [Thread-3 (]: Finished running node test.my_etl_project.not_null_stg_customers_segment.54e04798f3
[0m08:58:28.356990 [debug] [Thread-1 (]: Began running node test.my_etl_project.not_null_stg_products_product_id.6373b0acf3
[0m08:58:28.357135 [debug] [Thread-4 (]: Re-using an available connection from the pool (formerly test.my_etl_project.not_null_stg_customers_customer_id.e2cfb1f9aa, now test.my_etl_project.not_null_stg_products_price_usd.1377dfd511)
[0m08:58:28.357313 [debug] [Thread-3 (]: Began running node test.my_etl_project.positive_values_stg_products_price_usd.24ebdc0599
[0m08:58:28.357457 [debug] [Thread-1 (]: Re-using an available connection from the pool (formerly test.my_etl_project.not_null_stg_customers_region.dead58c348, now test.my_etl_project.not_null_stg_products_product_id.6373b0acf3)
[0m08:58:28.357587 [debug] [Thread-4 (]: Began compiling node test.my_etl_project.not_null_stg_products_price_usd.1377dfd511
[0m08:58:28.357697 [debug] [Thread-2 (]: Began executing node test.my_etl_project.unique_stg_customers_customer_id.c7614daada
[0m08:58:28.357867 [debug] [Thread-3 (]: Re-using an available connection from the pool (formerly test.my_etl_project.not_null_stg_customers_segment.54e04798f3, now test.my_etl_project.positive_values_stg_products_price_usd.24ebdc0599)
[0m08:58:28.357995 [debug] [Thread-1 (]: Began compiling node test.my_etl_project.not_null_stg_products_product_id.6373b0acf3
[0m08:58:28.359175 [debug] [Thread-4 (]: Writing injected SQL for node "test.my_etl_project.not_null_stg_products_price_usd.1377dfd511"
[0m08:58:28.359378 [debug] [Thread-2 (]: Finished running node test.my_etl_project.unique_stg_customers_customer_id.c7614daada
[0m08:58:28.359493 [debug] [Thread-3 (]: Began compiling node test.my_etl_project.positive_values_stg_products_price_usd.24ebdc0599
[0m08:58:28.360608 [debug] [Thread-1 (]: Writing injected SQL for node "test.my_etl_project.not_null_stg_products_product_id.6373b0acf3"
[0m08:58:28.360769 [debug] [Thread-2 (]: Began running node test.my_etl_project.unique_stg_products_product_id.7d950a1467
[0m08:58:28.362266 [debug] [Thread-3 (]: Writing injected SQL for node "test.my_etl_project.positive_values_stg_products_price_usd.24ebdc0599"
[0m08:58:28.362434 [debug] [Thread-4 (]: Began executing node test.my_etl_project.not_null_stg_products_price_usd.1377dfd511
[0m08:58:28.362562 [debug] [Thread-2 (]: Re-using an available connection from the pool (formerly test.my_etl_project.unique_stg_customers_customer_id.c7614daada, now test.my_etl_project.unique_stg_products_product_id.7d950a1467)
[0m08:58:28.362799 [debug] [Thread-4 (]: Finished running node test.my_etl_project.not_null_stg_products_price_usd.1377dfd511
[0m08:58:28.362908 [debug] [Thread-1 (]: Began executing node test.my_etl_project.not_null_stg_products_product_id.6373b0acf3
[0m08:58:28.363040 [debug] [Thread-2 (]: Began compiling node test.my_etl_project.unique_stg_products_product_id.7d950a1467
[0m08:58:28.363179 [debug] [Thread-4 (]: Began running node model.my_etl_project.fct_sales_incremental
[0m08:58:28.363308 [debug] [Thread-3 (]: Began executing node test.my_etl_project.positive_values_stg_products_price_usd.24ebdc0599
[0m08:58:28.363514 [debug] [Thread-1 (]: Finished running node test.my_etl_project.not_null_stg_products_product_id.6373b0acf3
[0m08:58:28.364630 [debug] [Thread-2 (]: Writing injected SQL for node "test.my_etl_project.unique_stg_products_product_id.7d950a1467"
[0m08:58:28.364758 [debug] [Thread-4 (]: Re-using an available connection from the pool (formerly test.my_etl_project.not_null_stg_products_price_usd.1377dfd511, now model.my_etl_project.fct_sales_incremental)
[0m08:58:28.364953 [debug] [Thread-3 (]: Finished running node test.my_etl_project.positive_values_stg_products_price_usd.24ebdc0599
[0m08:58:28.365081 [debug] [Thread-1 (]: Began running node model.my_etl_project.int_orders_cleaned
[0m08:58:28.365239 [debug] [Thread-4 (]: Began compiling node model.my_etl_project.fct_sales_incremental
[0m08:58:28.365382 [debug] [Thread-3 (]: Began running node test.my_etl_project.accepted_values_stg_orders_status__COMPLETE__PENDING__FAILED__CANCELLED.b0f05764d8
[0m08:58:28.365516 [debug] [Thread-2 (]: Began executing node test.my_etl_project.unique_stg_products_product_id.7d950a1467
[0m08:58:28.365628 [debug] [Thread-1 (]: Re-using an available connection from the pool (formerly test.my_etl_project.not_null_stg_products_product_id.6373b0acf3, now model.my_etl_project.int_orders_cleaned)
[0m08:58:28.368726 [debug] [Thread-4 (]: Writing injected SQL for node "model.my_etl_project.fct_sales_incremental"
[0m08:58:28.368888 [debug] [Thread-3 (]: Re-using an available connection from the pool (formerly test.my_etl_project.positive_values_stg_products_price_usd.24ebdc0599, now test.my_etl_project.accepted_values_stg_orders_status__COMPLETE__PENDING__FAILED__CANCELLED.b0f05764d8)
[0m08:58:28.369111 [debug] [Thread-2 (]: Finished running node test.my_etl_project.unique_stg_products_product_id.7d950a1467
[0m08:58:28.369241 [debug] [Thread-1 (]: Began compiling node model.my_etl_project.int_orders_cleaned
[0m08:58:28.369401 [debug] [Thread-3 (]: Began compiling node test.my_etl_project.accepted_values_stg_orders_status__COMPLETE__PENDING__FAILED__CANCELLED.b0f05764d8
[0m08:58:28.369554 [debug] [Thread-2 (]: Began running node test.my_etl_project.not_null_stg_orders_amount.2546645448
[0m08:58:28.369685 [debug] [Thread-4 (]: Began executing node model.my_etl_project.fct_sales_incremental
[0m08:58:28.370667 [debug] [Thread-1 (]: Writing injected SQL for node "model.my_etl_project.int_orders_cleaned"
[0m08:58:28.372513 [debug] [Thread-3 (]: Writing injected SQL for node "test.my_etl_project.accepted_values_stg_orders_status__COMPLETE__PENDING__FAILED__CANCELLED.b0f05764d8"
[0m08:58:28.372653 [debug] [Thread-2 (]: Re-using an available connection from the pool (formerly test.my_etl_project.unique_stg_products_product_id.7d950a1467, now test.my_etl_project.not_null_stg_orders_amount.2546645448)
[0m08:58:28.372875 [debug] [Thread-4 (]: Finished running node model.my_etl_project.fct_sales_incremental
[0m08:58:28.373058 [debug] [Thread-2 (]: Began compiling node test.my_etl_project.not_null_stg_orders_amount.2546645448
[0m08:58:28.373221 [debug] [Thread-4 (]: Began running node test.my_etl_project.not_null_stg_orders_customer_id.af79d5e4b5
[0m08:58:28.373474 [debug] [Thread-1 (]: Finished running node model.my_etl_project.int_orders_cleaned
[0m08:58:28.373601 [debug] [Thread-3 (]: Began executing node test.my_etl_project.accepted_values_stg_orders_status__COMPLETE__PENDING__FAILED__CANCELLED.b0f05764d8
[0m08:58:28.374900 [debug] [Thread-2 (]: Writing injected SQL for node "test.my_etl_project.not_null_stg_orders_amount.2546645448"
[0m08:58:28.375040 [debug] [Thread-4 (]: Re-using an available connection from the pool (formerly model.my_etl_project.fct_sales_incremental, now test.my_etl_project.not_null_stg_orders_customer_id.af79d5e4b5)
[0m08:58:28.375183 [debug] [Thread-1 (]: Began running node test.my_etl_project.not_null_stg_orders_order_id.81cfe2fe64
[0m08:58:28.375445 [debug] [Thread-3 (]: Finished running node test.my_etl_project.accepted_values_stg_orders_status__COMPLETE__PENDING__FAILED__CANCELLED.b0f05764d8
[0m08:58:28.375592 [debug] [Thread-4 (]: Began compiling node test.my_etl_project.not_null_stg_orders_customer_id.af79d5e4b5
[0m08:58:28.375726 [debug] [Thread-1 (]: Re-using an available connection from the pool (formerly model.my_etl_project.int_orders_cleaned, now test.my_etl_project.not_null_stg_orders_order_id.81cfe2fe64)
[0m08:58:28.375863 [debug] [Thread-3 (]: Began running node test.my_etl_project.not_null_stg_orders_status.2b01eecbd6
[0m08:58:28.375986 [debug] [Thread-2 (]: Began executing node test.my_etl_project.not_null_stg_orders_amount.2546645448
[0m08:58:28.378035 [debug] [Thread-4 (]: Writing injected SQL for node "test.my_etl_project.not_null_stg_orders_customer_id.af79d5e4b5"
[0m08:58:28.378182 [debug] [Thread-1 (]: Began compiling node test.my_etl_project.not_null_stg_orders_order_id.81cfe2fe64
[0m08:58:28.378325 [debug] [Thread-3 (]: Re-using an available connection from the pool (formerly test.my_etl_project.accepted_values_stg_orders_status__COMPLETE__PENDING__FAILED__CANCELLED.b0f05764d8, now test.my_etl_project.not_null_stg_orders_status.2b01eecbd6)
[0m08:58:28.378541 [debug] [Thread-2 (]: Finished running node test.my_etl_project.not_null_stg_orders_amount.2546645448
[0m08:58:28.379712 [debug] [Thread-1 (]: Writing injected SQL for node "test.my_etl_project.not_null_stg_orders_order_id.81cfe2fe64"
[0m08:58:28.379843 [debug] [Thread-3 (]: Began compiling node test.my_etl_project.not_null_stg_orders_status.2b01eecbd6
[0m08:58:28.379982 [debug] [Thread-2 (]: Began running node test.my_etl_project.positive_values_stg_orders_amount.5ee405780e
[0m08:58:28.380106 [debug] [Thread-4 (]: Began executing node test.my_etl_project.not_null_stg_orders_customer_id.af79d5e4b5
[0m08:58:28.381186 [debug] [Thread-3 (]: Writing injected SQL for node "test.my_etl_project.not_null_stg_orders_status.2b01eecbd6"
[0m08:58:28.381334 [debug] [Thread-2 (]: Re-using an available connection from the pool (formerly test.my_etl_project.not_null_stg_orders_amount.2546645448, now test.my_etl_project.positive_values_stg_orders_amount.5ee405780e)
[0m08:58:28.381549 [debug] [Thread-4 (]: Finished running node test.my_etl_project.not_null_stg_orders_customer_id.af79d5e4b5
[0m08:58:28.381659 [debug] [Thread-1 (]: Began executing node test.my_etl_project.not_null_stg_orders_order_id.81cfe2fe64
[0m08:58:28.381795 [debug] [Thread-2 (]: Began compiling node test.my_etl_project.positive_values_stg_orders_amount.5ee405780e
[0m08:58:28.381934 [debug] [Thread-4 (]: Began running node test.my_etl_project.relationships_stg_orders_customer_id__customer_id__ref_stg_customers_.430bf21500
[0m08:58:28.382151 [debug] [Thread-1 (]: Finished running node test.my_etl_project.not_null_stg_orders_order_id.81cfe2fe64
[0m08:58:28.382256 [debug] [Thread-3 (]: Began executing node test.my_etl_project.not_null_stg_orders_status.2b01eecbd6
[0m08:58:28.383384 [debug] [Thread-2 (]: Writing injected SQL for node "test.my_etl_project.positive_values_stg_orders_amount.5ee405780e"
[0m08:58:28.383517 [debug] [Thread-4 (]: Re-using an available connection from the pool (formerly test.my_etl_project.not_null_stg_orders_customer_id.af79d5e4b5, now test.my_etl_project.relationships_stg_orders_customer_id__customer_id__ref_stg_customers_.430bf21500)
[0m08:58:28.383655 [debug] [Thread-1 (]: Began running node test.my_etl_project.unique_stg_orders_order_id.e3b841c71a
[0m08:58:28.383874 [debug] [Thread-3 (]: Finished running node test.my_etl_project.not_null_stg_orders_status.2b01eecbd6
[0m08:58:28.384018 [debug] [Thread-4 (]: Began compiling node test.my_etl_project.relationships_stg_orders_customer_id__customer_id__ref_stg_customers_.430bf21500
[0m08:58:28.384149 [debug] [Thread-1 (]: Re-using an available connection from the pool (formerly test.my_etl_project.not_null_stg_orders_order_id.81cfe2fe64, now test.my_etl_project.unique_stg_orders_order_id.e3b841c71a)
[0m08:58:28.384287 [debug] [Thread-3 (]: Began running node test.my_etl_project.not_null_fct_sales_incremental_order_id.b8fc35ca17
[0m08:58:28.384404 [debug] [Thread-2 (]: Began executing node test.my_etl_project.positive_values_stg_orders_amount.5ee405780e
[0m08:58:28.386901 [debug] [Thread-4 (]: Writing injected SQL for node "test.my_etl_project.relationships_stg_orders_customer_id__customer_id__ref_stg_customers_.430bf21500"
[0m08:58:28.387027 [debug] [Thread-1 (]: Began compiling node test.my_etl_project.unique_stg_orders_order_id.e3b841c71a
[0m08:58:28.387159 [debug] [Thread-3 (]: Re-using an available connection from the pool (formerly test.my_etl_project.not_null_stg_orders_status.2b01eecbd6, now test.my_etl_project.not_null_fct_sales_incremental_order_id.b8fc35ca17)
[0m08:58:28.387371 [debug] [Thread-2 (]: Finished running node test.my_etl_project.positive_values_stg_orders_amount.5ee405780e
[0m08:58:28.388492 [debug] [Thread-1 (]: Writing injected SQL for node "test.my_etl_project.unique_stg_orders_order_id.e3b841c71a"
[0m08:58:28.388623 [debug] [Thread-3 (]: Began compiling node test.my_etl_project.not_null_fct_sales_incremental_order_id.b8fc35ca17
[0m08:58:28.388778 [debug] [Thread-2 (]: Began running node test.my_etl_project.unique_fct_sales_incremental_order_id.8822e17031
[0m08:58:28.388903 [debug] [Thread-4 (]: Began executing node test.my_etl_project.relationships_stg_orders_customer_id__customer_id__ref_stg_customers_.430bf21500
[0m08:58:28.390040 [debug] [Thread-3 (]: Writing injected SQL for node "test.my_etl_project.not_null_fct_sales_incremental_order_id.b8fc35ca17"
[0m08:58:28.390186 [debug] [Thread-2 (]: Re-using an available connection from the pool (formerly test.my_etl_project.positive_values_stg_orders_amount.5ee405780e, now test.my_etl_project.unique_fct_sales_incremental_order_id.8822e17031)
[0m08:58:28.390411 [debug] [Thread-4 (]: Finished running node test.my_etl_project.relationships_stg_orders_customer_id__customer_id__ref_stg_customers_.430bf21500
[0m08:58:28.390524 [debug] [Thread-1 (]: Began executing node test.my_etl_project.unique_stg_orders_order_id.e3b841c71a
[0m08:58:28.390666 [debug] [Thread-2 (]: Began compiling node test.my_etl_project.unique_fct_sales_incremental_order_id.8822e17031
[0m08:58:28.390803 [debug] [Thread-4 (]: Began running node model.my_etl_project.int_orders_customers
[0m08:58:28.391032 [debug] [Thread-1 (]: Finished running node test.my_etl_project.unique_stg_orders_order_id.e3b841c71a
[0m08:58:28.391152 [debug] [Thread-3 (]: Began executing node test.my_etl_project.not_null_fct_sales_incremental_order_id.b8fc35ca17
[0m08:58:28.392294 [debug] [Thread-2 (]: Writing injected SQL for node "test.my_etl_project.unique_fct_sales_incremental_order_id.8822e17031"
[0m08:58:28.392431 [debug] [Thread-4 (]: Re-using an available connection from the pool (formerly test.my_etl_project.relationships_stg_orders_customer_id__customer_id__ref_stg_customers_.430bf21500, now model.my_etl_project.int_orders_customers)
[0m08:58:28.392681 [debug] [Thread-3 (]: Finished running node test.my_etl_project.not_null_fct_sales_incremental_order_id.b8fc35ca17
[0m08:58:28.392833 [debug] [Thread-4 (]: Began compiling node model.my_etl_project.int_orders_customers
[0m08:58:28.395049 [debug] [Thread-4 (]: Writing injected SQL for node "model.my_etl_project.int_orders_customers"
[0m08:58:28.395169 [debug] [Thread-2 (]: Began executing node test.my_etl_project.unique_fct_sales_incremental_order_id.8822e17031
[0m08:58:28.395409 [debug] [Thread-2 (]: Finished running node test.my_etl_project.unique_fct_sales_incremental_order_id.8822e17031
[0m08:58:28.395581 [debug] [Thread-4 (]: Began executing node model.my_etl_project.int_orders_customers
[0m08:58:28.395780 [debug] [Thread-4 (]: Finished running node model.my_etl_project.int_orders_customers
[0m08:58:28.396012 [debug] [Thread-1 (]: Began running node model.my_etl_project.fct_sales
[0m08:58:28.396145 [debug] [Thread-3 (]: Began running node test.my_etl_project.not_null_int_orders_customers_amount.363e63f97a
[0m08:58:28.396274 [debug] [Thread-2 (]: Began running node test.my_etl_project.not_null_int_orders_customers_order_id.f3c169c800
[0m08:58:28.396413 [debug] [Thread-1 (]: Re-using an available connection from the pool (formerly test.my_etl_project.unique_stg_orders_order_id.e3b841c71a, now model.my_etl_project.fct_sales)
[0m08:58:28.396523 [debug] [Thread-4 (]: Began running node test.my_etl_project.unique_int_orders_customers_order_id.abc701c6e1
[0m08:58:28.396649 [debug] [Thread-3 (]: Re-using an available connection from the pool (formerly test.my_etl_project.not_null_fct_sales_incremental_order_id.b8fc35ca17, now test.my_etl_project.not_null_int_orders_customers_amount.363e63f97a)
[0m08:58:28.396784 [debug] [Thread-2 (]: Re-using an available connection from the pool (formerly test.my_etl_project.unique_fct_sales_incremental_order_id.8822e17031, now test.my_etl_project.not_null_int_orders_customers_order_id.f3c169c800)
[0m08:58:28.396976 [debug] [Thread-1 (]: Began compiling node model.my_etl_project.fct_sales
[0m08:58:28.397100 [debug] [Thread-4 (]: Re-using an available connection from the pool (formerly model.my_etl_project.int_orders_customers, now test.my_etl_project.unique_int_orders_customers_order_id.abc701c6e1)
[0m08:58:28.397228 [debug] [Thread-3 (]: Began compiling node test.my_etl_project.not_null_int_orders_customers_amount.363e63f97a
[0m08:58:28.397352 [debug] [Thread-2 (]: Began compiling node test.my_etl_project.not_null_int_orders_customers_order_id.f3c169c800
[0m08:58:28.398813 [debug] [Thread-1 (]: Writing injected SQL for node "model.my_etl_project.fct_sales"
[0m08:58:28.398935 [debug] [Thread-4 (]: Began compiling node test.my_etl_project.unique_int_orders_customers_order_id.abc701c6e1
[0m08:58:28.400927 [debug] [Thread-3 (]: Writing injected SQL for node "test.my_etl_project.not_null_int_orders_customers_amount.363e63f97a"
[0m08:58:28.402024 [debug] [Thread-2 (]: Writing injected SQL for node "test.my_etl_project.not_null_int_orders_customers_order_id.f3c169c800"
[0m08:58:28.403218 [debug] [Thread-4 (]: Writing injected SQL for node "test.my_etl_project.unique_int_orders_customers_order_id.abc701c6e1"
[0m08:58:28.403425 [debug] [Thread-1 (]: Began executing node model.my_etl_project.fct_sales
[0m08:58:28.403680 [debug] [Thread-1 (]: Finished running node model.my_etl_project.fct_sales
[0m08:58:28.403811 [debug] [Thread-3 (]: Began executing node test.my_etl_project.not_null_int_orders_customers_amount.363e63f97a
[0m08:58:28.403949 [debug] [Thread-2 (]: Began executing node test.my_etl_project.not_null_int_orders_customers_order_id.f3c169c800
[0m08:58:28.404145 [debug] [Thread-4 (]: Began executing node test.my_etl_project.unique_int_orders_customers_order_id.abc701c6e1
[0m08:58:28.404351 [debug] [Thread-3 (]: Finished running node test.my_etl_project.not_null_int_orders_customers_amount.363e63f97a
[0m08:58:28.404462 [debug] [Thread-1 (]: Began running node test.my_etl_project.accepted_values_fct_sales_status__COMPLETE.4ee04b944f
[0m08:58:28.404660 [debug] [Thread-2 (]: Finished running node test.my_etl_project.not_null_int_orders_customers_order_id.f3c169c800
[0m08:58:28.404861 [debug] [Thread-4 (]: Finished running node test.my_etl_project.unique_int_orders_customers_order_id.abc701c6e1
[0m08:58:28.404994 [debug] [Thread-3 (]: Began running node test.my_etl_project.not_null_fct_sales_amount.0427b27870
[0m08:58:28.405131 [debug] [Thread-1 (]: Re-using an available connection from the pool (formerly model.my_etl_project.fct_sales, now test.my_etl_project.accepted_values_fct_sales_status__COMPLETE.4ee04b944f)
[0m08:58:28.405269 [debug] [Thread-2 (]: Began running node test.my_etl_project.not_null_fct_sales_customer_id.998bfce0ce
[0m08:58:28.405407 [debug] [Thread-4 (]: Began running node test.my_etl_project.not_null_fct_sales_order_id.4987638769
[0m08:58:28.405561 [debug] [Thread-3 (]: Re-using an available connection from the pool (formerly test.my_etl_project.not_null_int_orders_customers_amount.363e63f97a, now test.my_etl_project.not_null_fct_sales_amount.0427b27870)
[0m08:58:28.405679 [debug] [Thread-1 (]: Began compiling node test.my_etl_project.accepted_values_fct_sales_status__COMPLETE.4ee04b944f
[0m08:58:28.405790 [debug] [Thread-2 (]: Re-using an available connection from the pool (formerly test.my_etl_project.not_null_int_orders_customers_order_id.f3c169c800, now test.my_etl_project.not_null_fct_sales_customer_id.998bfce0ce)
[0m08:58:28.405902 [debug] [Thread-4 (]: Re-using an available connection from the pool (formerly test.my_etl_project.unique_int_orders_customers_order_id.abc701c6e1, now test.my_etl_project.not_null_fct_sales_order_id.4987638769)
[0m08:58:28.406007 [debug] [Thread-3 (]: Began compiling node test.my_etl_project.not_null_fct_sales_amount.0427b27870
[0m08:58:28.407152 [debug] [Thread-1 (]: Writing injected SQL for node "test.my_etl_project.accepted_values_fct_sales_status__COMPLETE.4ee04b944f"
[0m08:58:28.407280 [debug] [Thread-2 (]: Began compiling node test.my_etl_project.not_null_fct_sales_customer_id.998bfce0ce
[0m08:58:28.407409 [debug] [Thread-4 (]: Began compiling node test.my_etl_project.not_null_fct_sales_order_id.4987638769
[0m08:58:28.408654 [debug] [Thread-3 (]: Writing injected SQL for node "test.my_etl_project.not_null_fct_sales_amount.0427b27870"
[0m08:58:28.409867 [debug] [Thread-2 (]: Writing injected SQL for node "test.my_etl_project.not_null_fct_sales_customer_id.998bfce0ce"
[0m08:58:28.411085 [debug] [Thread-4 (]: Writing injected SQL for node "test.my_etl_project.not_null_fct_sales_order_id.4987638769"
[0m08:58:28.411243 [debug] [Thread-1 (]: Began executing node test.my_etl_project.accepted_values_fct_sales_status__COMPLETE.4ee04b944f
[0m08:58:28.411416 [debug] [Thread-3 (]: Began executing node test.my_etl_project.not_null_fct_sales_amount.0427b27870
[0m08:58:28.411631 [debug] [Thread-1 (]: Finished running node test.my_etl_project.accepted_values_fct_sales_status__COMPLETE.4ee04b944f
[0m08:58:28.411854 [debug] [Thread-3 (]: Finished running node test.my_etl_project.not_null_fct_sales_amount.0427b27870
[0m08:58:28.411970 [debug] [Thread-2 (]: Began executing node test.my_etl_project.not_null_fct_sales_customer_id.998bfce0ce
[0m08:58:28.412080 [debug] [Thread-4 (]: Began executing node test.my_etl_project.not_null_fct_sales_order_id.4987638769
[0m08:58:28.412213 [debug] [Thread-1 (]: Began running node test.my_etl_project.not_null_fct_sales_status.fb947e0b69
[0m08:58:28.412353 [debug] [Thread-3 (]: Began running node test.my_etl_project.positive_values_fct_sales_amount.12d23854c3
[0m08:58:28.412562 [debug] [Thread-2 (]: Finished running node test.my_etl_project.not_null_fct_sales_customer_id.998bfce0ce
[0m08:58:28.412774 [debug] [Thread-4 (]: Finished running node test.my_etl_project.not_null_fct_sales_order_id.4987638769
[0m08:58:28.412909 [debug] [Thread-1 (]: Re-using an available connection from the pool (formerly test.my_etl_project.accepted_values_fct_sales_status__COMPLETE.4ee04b944f, now test.my_etl_project.not_null_fct_sales_status.fb947e0b69)
[0m08:58:28.413039 [debug] [Thread-3 (]: Re-using an available connection from the pool (formerly test.my_etl_project.not_null_fct_sales_amount.0427b27870, now test.my_etl_project.positive_values_fct_sales_amount.12d23854c3)
[0m08:58:28.413172 [debug] [Thread-2 (]: Began running node test.my_etl_project.unique_fct_sales_order_id.cfa4f433c5
[0m08:58:28.413319 [debug] [Thread-1 (]: Began compiling node test.my_etl_project.not_null_fct_sales_status.fb947e0b69
[0m08:58:28.413570 [debug] [Thread-3 (]: Began compiling node test.my_etl_project.positive_values_fct_sales_amount.12d23854c3
[0m08:58:28.413682 [debug] [Thread-2 (]: Re-using an available connection from the pool (formerly test.my_etl_project.not_null_fct_sales_customer_id.998bfce0ce, now test.my_etl_project.unique_fct_sales_order_id.cfa4f433c5)
[0m08:58:28.414851 [debug] [Thread-1 (]: Writing injected SQL for node "test.my_etl_project.not_null_fct_sales_status.fb947e0b69"
[0m08:58:28.416009 [debug] [Thread-3 (]: Writing injected SQL for node "test.my_etl_project.positive_values_fct_sales_amount.12d23854c3"
[0m08:58:28.416135 [debug] [Thread-2 (]: Began compiling node test.my_etl_project.unique_fct_sales_order_id.cfa4f433c5
[0m08:58:28.417352 [debug] [Thread-2 (]: Writing injected SQL for node "test.my_etl_project.unique_fct_sales_order_id.cfa4f433c5"
[0m08:58:28.417528 [debug] [Thread-1 (]: Began executing node test.my_etl_project.not_null_fct_sales_status.fb947e0b69
[0m08:58:28.417666 [debug] [Thread-3 (]: Began executing node test.my_etl_project.positive_values_fct_sales_amount.12d23854c3
[0m08:58:28.417872 [debug] [Thread-1 (]: Finished running node test.my_etl_project.not_null_fct_sales_status.fb947e0b69
[0m08:58:28.417992 [debug] [Thread-2 (]: Began executing node test.my_etl_project.unique_fct_sales_order_id.cfa4f433c5
[0m08:58:28.418189 [debug] [Thread-3 (]: Finished running node test.my_etl_project.positive_values_fct_sales_amount.12d23854c3
[0m08:58:28.418422 [debug] [Thread-2 (]: Finished running node test.my_etl_project.unique_fct_sales_order_id.cfa4f433c5
[0m08:58:28.418856 [debug] [MainThread]: Connection 'master' was properly closed.
[0m08:58:28.418956 [debug] [MainThread]: Connection 'test.my_etl_project.not_null_fct_sales_status.fb947e0b69' was properly closed.
[0m08:58:28.419041 [debug] [MainThread]: Connection 'test.my_etl_project.unique_fct_sales_order_id.cfa4f433c5' was properly closed.
[0m08:58:28.419116 [debug] [MainThread]: Connection 'test.my_etl_project.positive_values_fct_sales_amount.12d23854c3' was properly closed.
[0m08:58:28.419195 [debug] [MainThread]: Connection 'test.my_etl_project.not_null_fct_sales_order_id.4987638769' was properly closed.
[0m08:58:28.420935 [debug] [MainThread]: Command end result
[0m08:58:28.458294 [debug] [MainThread]: Wrote artifact WritableManifest to /Users/aviraljain/Downloads/python advanced/my_etl_project/target/manifest.json
[0m08:58:28.459242 [debug] [MainThread]: Wrote artifact SemanticManifest to /Users/aviraljain/Downloads/python advanced/my_etl_project/target/semantic_manifest.json
[0m08:58:28.461914 [debug] [MainThread]: Wrote artifact RunExecutionResult to /Users/aviraljain/Downloads/python advanced/my_etl_project/target/run_results.json
[0m08:58:28.463703 [debug] [MainThread]: Acquiring new postgres connection 'generate_catalog'
[0m08:58:28.463812 [info ] [MainThread]: Building catalog
[0m08:58:28.467270 [debug] [ThreadPool]: Acquiring new postgres connection 'my_etl_db.information_schema'
[0m08:58:28.469741 [debug] [ThreadPool]: Using postgres connection "my_etl_db.information_schema"
[0m08:58:28.469913 [debug] [ThreadPool]: On my_etl_db.information_schema: /* {"app": "dbt", "dbt_version": "1.11.7", "profile_name": "my_etl_project", "target_name": "dev", "connection_name": "my_etl_db.information_schema"} */

    
    

    select
        'my_etl_db' as table_database,
        sch.nspname as table_schema,
        tbl.relname as table_name,
        case tbl.relkind
            when 'v' then 'VIEW'
            when 'm' then 'MATERIALIZED VIEW'
            else 'BASE TABLE'
        end as table_type,
        tbl_desc.description as table_comment,
        col.attname as column_name,
        col.attnum as column_index,
        pg_catalog.format_type(col.atttypid, col.atttypmod) as column_type,
        col_desc.description as column_comment,
        pg_get_userbyid(tbl.relowner) as table_owner

    from pg_catalog.pg_namespace sch
    join pg_catalog.pg_class tbl on tbl.relnamespace = sch.oid
    join pg_catalog.pg_attribute col on col.attrelid = tbl.oid
    left outer join pg_catalog.pg_description tbl_desc on (tbl_desc.objoid = tbl.oid and tbl_desc.objsubid = 0)
    left outer join pg_catalog.pg_description col_desc on (col_desc.objoid = tbl.oid and col_desc.objsubid = col.attnum)
    where ((upper(sch.nspname) = upper('main') and
           upper(tbl.relname) = upper('stg_products')) or (upper(sch.nspname) = upper('main_analytics') and
           upper(tbl.relname) = upper('fct_sales')) or (upper(sch.nspname) = upper('main') and
           upper(tbl.relname) = upper('stg_orders')) or (upper(sch.nspname) = upper('main') and
           upper(tbl.relname) = upper('stg_customers')) or (upper(sch.nspname) = upper('main') and
           upper(tbl.relname) = upper('int_orders_customers')) or (upper(sch.nspname) = upper('main_analytics') and
           upper(tbl.relname) = upper('fct_sales_incremental')) or (upper(sch.nspname) = upper('main_raw_ingestion') and
           upper(tbl.relname) = upper('country_codes')) or (upper(sch.nspname) = upper('main_raw_ingestion') and
           upper(tbl.relname) = upper('raw_orders')) or (upper(sch.nspname) = upper('main_raw_ingestion') and
           upper(tbl.relname) = upper('raw_customers')) or (upper(sch.nspname) = upper('main_raw_ingestion') and
           upper(tbl.relname) = upper('raw_products')))
      and not pg_is_other_temp_schema(sch.oid) -- not a temporary schema belonging to another session
      and tbl.relpersistence in ('p', 'u') -- [p]ermanent table or [u]nlogged table. Exclude [t]emporary tables
      and tbl.relkind in ('r', 'v', 'f', 'p', 'm') -- o[r]dinary table, [v]iew, [f]oreign table, [p]artitioned table, [m]aterialized view. Other values are [i]ndex, [S]equence, [c]omposite type, [t]OAST table
      and col.attnum > 0 -- negative numbers are used for system columns such as oid
      and not col.attisdropped -- column as not been dropped

    order by
        sch.nspname,
        tbl.relname,
        col.attnum
[0m08:58:28.470077 [debug] [ThreadPool]: Opening a new connection, currently in state init
[0m08:58:28.478392 [debug] [ThreadPool]: SQL status: SELECT 71 in 0.008 seconds
[0m08:58:28.480235 [debug] [ThreadPool]: On my_etl_db.information_schema: ROLLBACK
[0m08:58:28.480557 [debug] [ThreadPool]: On my_etl_db.information_schema: Close
[0m08:58:28.485675 [debug] [MainThread]: Wrote artifact CatalogArtifact to /Users/aviraljain/Downloads/python advanced/my_etl_project/target/catalog.json
[0m08:58:28.496961 [debug] [MainThread]: Wrote artifact WritableManifest to /Users/aviraljain/Downloads/python advanced/my_etl_project/target/manifest.json
[0m08:58:28.497806 [debug] [MainThread]: Wrote artifact SemanticManifest to /Users/aviraljain/Downloads/python advanced/my_etl_project/target/semantic_manifest.json
[0m08:58:28.497926 [info ] [MainThread]: Catalog written to /Users/aviraljain/Downloads/python advanced/my_etl_project/target/catalog.json
[0m08:58:28.500380 [debug] [MainThread]: Resource report: {"command_name": "generate", "command_success": true, "command_wall_clock_time": 0.5642609, "process_in_blocks": "0", "process_kernel_time": 0.175534, "process_mem_max_rss": "144359424", "process_out_blocks": "0", "process_user_time": 0.877801}
[0m08:58:28.500602 [debug] [MainThread]: Command `dbt docs generate` succeeded at 08:58:28.500557 after 0.56 seconds
[0m08:58:28.500737 [debug] [MainThread]: Connection 'generate_catalog' was properly closed.
[0m08:58:28.500835 [debug] [MainThread]: Connection 'my_etl_db.information_schema' was properly closed.
[0m08:58:28.500952 [debug] [MainThread]: Sending event: {'category': 'dbt', 'action': 'invocation', 'label': 'end', 'context': [<snowplow_tracker.self_describing_json.SelfDescribingJson object at 0x10baebed0>, <snowplow_tracker.self_describing_json.SelfDescribingJson object at 0x107827590>, <snowplow_tracker.self_describing_json.SelfDescribingJson object at 0x1076ae090>]}
[0m08:58:28.501104 [debug] [MainThread]: Flushing usage events
[0m08:58:29.795163 [debug] [MainThread]: An error was encountered while trying to flush usage events
[0m09:02:47.101549 [debug] [MainThread]: Sending event: {'category': 'dbt', 'action': 'invocation', 'label': 'start', 'context': [<snowplow_tracker.self_describing_json.SelfDescribingJson object at 0x10df78c10>, <snowplow_tracker.self_describing_json.SelfDescribingJson object at 0x10dff6450>, <snowplow_tracker.self_describing_json.SelfDescribingJson object at 0x10dff6a90>]}


============================== 09:02:47.103869 | 8bdd1ca2-a035-41ff-af1c-344c66a5bdd7 ==============================
[0m09:02:47.103869 [info ] [MainThread]: Running with dbt=1.11.7
[0m09:02:47.104143 [debug] [MainThread]: running dbt with arguments {'profiles_dir': '/Users/aviraljain/Downloads/python advanced/my_etl_project', 'log_path': '/Users/aviraljain/Downloads/python advanced/my_etl_project/logs', 'log_cache_events': 'False', 'indirect_selection': 'eager', 'cache_selected_only': 'False', 'empty': 'None', 'printer_width': '80', 'log_format': 'default', 'quiet': 'False', 'no_print': 'None', 'use_experimental_parser': 'False', 'warn_error': 'None', 'partial_parse': 'True', 'write_json': 'True', 'fail_fast': 'False', 'target_path': 'None', 'use_colors': 'True', 'invocation_command': 'dbt docs serve', 'debug': 'False', 'introspect': 'True', 'static_parser': 'True', 'warn_error_options': 'WarnErrorOptionsV2(error=[], warn=[], silence=[])', 'send_anonymous_usage_stats': 'True', 'version_check': 'True'}
[0m09:02:47.180401 [debug] [MainThread]: Sending event: {'category': 'dbt', 'action': 'project_id', 'label': '8bdd1ca2-a035-41ff-af1c-344c66a5bdd7', 'context': [<snowplow_tracker.self_describing_json.SelfDescribingJson object at 0x10e023890>]}
[0m09:02:47.199776 [debug] [MainThread]: Sending event: {'category': 'dbt', 'action': 'adapter_info', 'label': '8bdd1ca2-a035-41ff-af1c-344c66a5bdd7', 'context': [<snowplow_tracker.self_describing_json.SelfDescribingJson object at 0x10b1d3450>]}
